task	pseed	policy	model	AP	macroAP_disease	negated	test_pos_negated	test_pos_masked	placebo_n	placebo_unreplaced	real_n
random	42	typed_lowint1	degree	0.017041760006922424	0.11553265100809915	142	1	156			
random	42	typed_lowint1	mf	0.5547394075424368	0.613467062901631	142	1	156			
random	42	typed_lowint1	graph	0.03319979467703931	0.1254649056330092	142	1	156			
random	42	typed_lowint2	degree	0.017040100099786258	0.11553265100809915	203	2	155			
random	42	typed_lowint2	mf	0.5551544737018393	0.6143895273779495	203	2	155			
random	42	typed_lowint2	graph	0.03331859329056779	0.12179273580290284	203	2	155			
random	42	typed_lowint4	degree	0.017040329118794773	0.11553265100809915	289	2	155			
random	42	typed_lowint4	mf	0.5557691162714037	0.6173104750931273	289	2	155			
random	42	typed_lowint4	graph	0.033590709231658765	0.12591420860197616	289	2	155			
random	42	placebo_degree__flat_negative	degree	0.017012720475052787	0.11553265100809915	3668	5	157	3668.0	0.0	3668.0
random	42	placebo_degree__flat_negative	mf	0.5568007489281396	0.6144723394966171	3668	5	157	3668.0	0.0	3668.0
random	42	placebo_degree__flat_negative	graph	0.03468065050261892	0.1258184375543418	3668	5	157	3668.0	0.0	3668.0
random	42	placebo_uniform__flat_negative	degree	0.01704048172966662	0.11553265100809915	3668	6	157	3668.0	0.0	3668.0
random	42	placebo_uniform__flat_negative	mf	0.5526303760585182	0.6177437570625322	3668	6	157	3668.0	0.0	3668.0
random	42	placebo_uniform__flat_negative	graph	0.03195038299255741	0.12598458171660748	3668	6	157	3668.0	0.0	3668.0
random	42	placebo_degree__typed	degree	0.01703799207902718	0.11553265100809915	682	1	157	682.0	0.0	682.0
random	42	placebo_degree__typed	mf	0.5542803454767743	0.6157422477770547	682	1	157	682.0	0.0	682.0
random	42	placebo_degree__typed	graph	0.03339230307645558	0.1260089331056964	682	1	157	682.0	0.0	682.0
random	42	placebo_uniform__typed	degree	0.017040404503951063	0.11553265100809915	682	1	157	682.0	0.0	682.0
random	42	placebo_uniform__typed	mf	0.5543727628671439	0.615199330808373	682	1	157	682.0	0.0	682.0
random	42	placebo_uniform__typed	graph	0.03339188049666088	0.12538960181864187	682	1	157	682.0	0.0	682.0
random	42	placebo_degree__typed_role_scoped	degree	0.017040329118794773	0.11553265100809915	271	1	157	271.0	0.0	271.0
random	42	placebo_degree__typed_role_scoped	mf	0.5545596290970025	0.618707598302164	271	1	157	271.0	0.0	271.0
random	42	placebo_degree__typed_role_scoped	graph	0.03278403349826135	0.12309696747177902	271	1	157	271.0	0.0	271.0
random	42	placebo_uniform__typed_role_scoped	degree	0.017041853739282704	0.11553265100809915	271	0	157	271.0	0.0	271.0
random	42	placebo_uniform__typed_role_scoped	mf	0.5556791414378021	0.6161267831782788	271	0	157	271.0	0.0	271.0
random	42	placebo_uniform__typed_role_scoped	graph	0.033429368346001395	0.1260711864546439	271	0	157	271.0	0.0	271.0
random	42	placebo_degree__typed_lowint2	degree	0.017040150364278223	0.11553265100809915	203	1	157	203.0	0.0	203.0
random	42	placebo_degree__typed_lowint2	mf	0.5549046968171965	0.6171111734365406	203	1	157	203.0	0.0	203.0
random	42	placebo_degree__typed_lowint2	graph	0.03362420605941959	0.12554097134822037	203	1	157	203.0	0.0	203.0
random	42	placebo_uniform__typed_lowint2	degree	0.017040562225732574	0.11553265100809915	203	0	157	203.0	0.0	203.0
random	42	placebo_uniform__typed_lowint2	mf	0.5553880743147542	0.6172508378836781	203	0	157	203.0	0.0	203.0
random	42	placebo_uniform__typed_lowint2	graph	0.03346221133678387	0.12567827714112328	203	0	157	203.0	0.0	203.0
random	1	typed_lowint1	degree	0.017946804344852154	0.1141606773040002	144	3	144			
random	1	typed_lowint1	mf	0.5552173339249656	0.6234952219954752	144	3	144			
random	1	typed_lowint1	graph	0.01839876734799704	0.10713940410873202	144	3	144			
random	1	typed_lowint2	degree	0.01794619550496885	0.1141606773040002	207	4	143			
random	1	typed_lowint2	mf	0.5560875894701064	0.6245805839694976	207	4	143			
random	1	typed_lowint2	graph	0.03485605295034639	0.1393462468665517	207	4	143			
random	1	typed_lowint4	degree	0.017946032017483154	0.1141606773040002	294	5	142			
random	1	typed_lowint4	mf	0.5591952733029291	0.6249455069055851	294	5	142			
random	1	typed_lowint4	graph	0.03386842578939643	0.13532663482334104	294	5	142			
random	1	placebo_degree__flat_negative	degree	0.017931733719088593	0.1141606773040002	3664	5	147	3664.0	0.0	3664.0
random	1	placebo_degree__flat_negative	mf	0.5578910656931639	0.6252838841555277	3664	5	147	3664.0	0.0	3664.0
random	1	placebo_degree__flat_negative	graph	0.026057191667536273	0.1330890799456307	3664	5	147	3664.0	0.0	3664.0
random	1	placebo_uniform__flat_negative	degree	0.017945978605486138	0.1141606773040002	3664	3	147	3664.0	0.0	3664.0
random	1	placebo_uniform__flat_negative	mf	0.5556445444919778	0.6226768467920254	3664	3	147	3664.0	0.0	3664.0
random	1	placebo_uniform__flat_negative	graph	0.031241827794390446	0.13376574092883375	3664	3	147	3664.0	0.0	3664.0
random	1	placebo_degree__typed	degree	0.017943606430616363	0.1141606773040002	687	1	147	687.0	0.0	687.0
random	1	placebo_degree__typed	mf	0.5591993831071627	0.6257082976693745	687	1	147	687.0	0.0	687.0
random	1	placebo_degree__typed	graph	0.03518730921945875	0.1390336681330306	687	1	147	687.0	0.0	687.0
random	1	placebo_uniform__typed	degree	0.017946144034447765	0.1141606773040002	687	1	147	687.0	0.0	687.0
random	1	placebo_uniform__typed	mf	0.5563467645786323	0.6248329538747872	687	1	147	687.0	0.0	687.0
random	1	placebo_uniform__typed	graph	0.030684239418086626	0.143729504922012	687	1	147	687.0	0.0	687.0
random	1	placebo_degree__typed_role_scoped	degree	0.017946157402000423	0.1141606773040002	274	0	147	274.0	0.0	274.0
random	1	placebo_degree__typed_role_scoped	mf	0.556715082393701	0.6243638731068072	274	0	147	274.0	0.0	274.0
random	1	placebo_degree__typed_role_scoped	graph	0.0352279114056896	0.14110949137296097	274	0	147	274.0	0.0	274.0
random	1	placebo_uniform__typed_role_scoped	degree	0.017946914586858282	0.1141606773040002	274	0	147	274.0	0.0	274.0
random	1	placebo_uniform__typed_role_scoped	mf	0.5572860601068945	0.6235314163820593	274	0	147	274.0	0.0	274.0
random	1	placebo_uniform__typed_role_scoped	graph	0.015364214992882869	0.10246453062905733	274	0	147	274.0	0.0	274.0
random	1	placebo_degree__typed_lowint2	degree	0.017946144034447765	0.1141606773040002	207	0	147	207.0	0.0	207.0
random	1	placebo_degree__typed_lowint2	mf	0.5568462551039157	0.6239082636267058	207	0	147	207.0	0.0	207.0
random	1	placebo_degree__typed_lowint2	graph	0.031229473498921075	0.14417472025482914	207	0	147	207.0	0.0	207.0
random	1	placebo_uniform__typed_lowint2	degree	0.01794681386871746	0.1141606773040002	207	0	147	207.0	0.0	207.0
random	1	placebo_uniform__typed_lowint2	mf	0.5566689135891159	0.6241255158757383	207	0	147	207.0	0.0	207.0
random	1	placebo_uniform__typed_lowint2	graph	0.035102677418921625	0.1395907156957687	207	0	147	207.0	0.0	207.0
random	2	typed_lowint1	degree	0.018120669788973722	0.11316761855760334	141	1	151			
random	2	typed_lowint1	mf	0.5647145718510055	0.6231255274885441	141	1	151			
random	2	typed_lowint1	graph	0.03564487929428376	0.13375250289554222	141	1	151			
random	2	typed_lowint2	degree	0.018119594985658807	0.11316761855760334	202	2	150			
random	2	typed_lowint2	mf	0.5648351064873578	0.6234097036895125	202	2	150			
random	2	typed_lowint2	graph	0.03653248389653503	0.12990076741782805	202	2	150			
random	2	typed_lowint4	degree	0.01811944871578916	0.11316761855760334	289	3	149			
random	2	typed_lowint4	mf	0.5648027565057289	0.6230123909831913	289	3	149			
random	2	typed_lowint4	graph	0.03131270962315787	0.12191902641788897	289	3	149			
random	2	placebo_degree__flat_negative	degree	0.018099703172970237	0.11316761855760334	3663	6	152	3663.0	0.0	3663.0
random	2	placebo_degree__flat_negative	mf	0.5587742368869631	0.6206039591985817	3663	6	152	3663.0	0.0	3663.0
random	2	placebo_degree__flat_negative	graph	0.03695784739772472	0.1297911745514148	3663	6	152	3663.0	0.0	3663.0
random	2	placebo_uniform__flat_negative	degree	0.018119574943202887	0.11316761855760334	3663	4	152	3663.0	0.0	3663.0
random	2	placebo_uniform__flat_negative	mf	0.5621229926207364	0.6252788116031557	3663	4	152	3663.0	0.0	3663.0
random	2	placebo_uniform__flat_negative	graph	0.03631043934372301	0.1338943391439189	3663	4	152	3663.0	0.0	3663.0
random	2	placebo_degree__typed	degree	0.01811927933541851	0.11316761855760334	688	1	152	688.0	0.0	688.0
random	2	placebo_degree__typed	mf	0.5643575019048085	0.6232949183772438	688	1	152	688.0	0.0	688.0
random	2	placebo_degree__typed	graph	0.02252746510991143	0.12899834038533284	688	1	152	688.0	0.0	688.0
random	2	placebo_uniform__typed	degree	0.01811999826977658	0.11316761855760334	688	0	152	688.0	0.0	688.0
random	2	placebo_uniform__typed	mf	0.5655051687277239	0.6237979296810833	688	0	152	688.0	0.0	688.0
random	2	placebo_uniform__typed	graph	0.03668433949309529	0.1290238914618196	688	0	152	688.0	0.0	688.0
random	2	placebo_degree__typed_role_scoped	degree	0.018119808919342433	0.11316761855760334	273	1	152	273.0	0.0	273.0
random	2	placebo_degree__typed_role_scoped	mf	0.5645783099981263	0.6233660080430988	273	1	152	273.0	0.0	273.0
random	2	placebo_degree__typed_role_scoped	graph	0.036820870023317895	0.12973587959899213	273	1	152	273.0	0.0	273.0
random	2	placebo_uniform__typed_role_scoped	degree	0.018120043238498258	0.11316761855760334	273	0	152	273.0	0.0	273.0
random	2	placebo_uniform__typed_role_scoped	mf	0.5648867017351408	0.6234139313759244	273	0	152	273.0	0.0	273.0
random	2	placebo_uniform__typed_role_scoped	graph	0.036405189588799985	0.13004847460787847	273	0	152	273.0	0.0	273.0
random	2	placebo_degree__typed_lowint2	degree	0.018119420065857064	0.11316761855760334	202	1	152	202.0	0.0	202.0
random	2	placebo_degree__typed_lowint2	mf	0.5651168371440415	0.6239024463880942	202	1	152	202.0	0.0	202.0
random	2	placebo_degree__typed_lowint2	graph	0.03695117899090783	0.12958851728702364	202	1	152	202.0	0.0	202.0
random	2	placebo_uniform__typed_lowint2	degree	0.018120564412404564	0.11316761855760334	202	2	152	202.0	0.0	202.0
random	2	placebo_uniform__typed_lowint2	mf	0.5642312816656414	0.6235180474394373	202	2	152	202.0	0.0	202.0
random	2	placebo_uniform__typed_lowint2	graph	0.03677144062789416	0.1295847257297606	202	2	152	202.0	0.0	202.0
