policy	model	AP	macroAP_disease	E3_AUROC_approved_vs_later_failure	negated	ext_negated	placebo_n	placebo_unreplaced	real_n
typed_lowint1	degree	0.002867290034584058	0.06347092697118119	0.588974621176908	140	0			
typed_lowint1	mf	0.021402009172233356	0.15404148733186787	0.6501366552012642	140	0			
typed_lowint1	graph	0.005082654650334607	0.045442334774087045	0.6715664218648321	140	0			
typed_lowint2	degree	0.002867454243088031	0.06347092697118119	0.5889709026680301	200	3			
typed_lowint2	mf	0.021195589480229857	0.1522187120120565	0.648671562703356	200	3			
typed_lowint2	graph	0.004979876788443762	0.05031384126668351	0.6210579157757738	200	3			
typed_lowint4	degree	0.0028674910310851455	0.06347092697118119	0.5889709026680301	286	6			
typed_lowint4	mf	0.021921381901927692	0.1519115169106278	0.6498726410709306	286	6			
typed_lowint4	graph	0.004811692711148582	0.051790136396834996	0.6237278051501348	286	6			
placebo_degree__flat_negative	degree	0.002860789695654671	0.06347092697118119	0.5894617458399182	3455	18	3455.0	0.0	3455.0
placebo_degree__flat_negative	mf	0.020670311061939478	0.15220911790978103	0.6615376034210281	3455	18	3455.0	0.0	3455.0
placebo_degree__flat_negative	graph	0.004558785208015554	0.05074358484907546	0.6294952124198196	3455	18	3455.0	0.0	3455.0
placebo_uniform__flat_negative	degree	0.0028674107561042733	0.06347092697118119	0.5889597471413963	3455	3	3455.0	0.0	3455.0
placebo_uniform__flat_negative	mf	0.02139355035704192	0.15470609746646324	0.6425657711257786	3455	3	3455.0	0.0	3455.0
placebo_uniform__flat_negative	graph	0.003315614000332455	0.050341196691559745	0.5823631123919308	3455	3	3455.0	0.0	3455.0
placebo_degree__typed	degree	0.0028661216397211967	0.06347092697118119	0.5890713024077345	631	6	631.0	0.0	631.0
placebo_degree__typed	mf	0.021418951106641538	0.15318780417645114	0.651144371107186	631	6	631.0	0.0	631.0
placebo_degree__typed	graph	0.0047477098079083775	0.05192762408071175	0.6242967370084596	631	6	631.0	0.0	631.0
placebo_uniform__typed	degree	0.0028673551707259965	0.06347092697118119	0.5889411545970066	631	0	631.0	0.0	631.0
placebo_uniform__typed	mf	0.021327695946486293	0.15292439762030952	0.6495082272008924	631	0	631.0	0.0	631.0
placebo_uniform__typed	graph	0.005264903092225102	0.05532861303630534	0.623958352700567	631	0	631.0	0.0	631.0
placebo_degree__typed_role_scoped	degree	0.0028673647293443326	0.06347092697118119	0.5889709026680301	255	1	255.0	0.0	255.0
placebo_degree__typed_role_scoped	mf	0.021880038095650554	0.1533363329449584	0.6534052245049735	255	1	255.0	0.0	255.0
placebo_degree__typed_role_scoped	graph	0.0048682623648393	0.04974116432751429	0.6204034582132565	255	1	255.0	0.0	255.0
placebo_uniform__typed_role_scoped	degree	0.002867369932109975	0.06347092697118119	0.5889597471413963	255	0	255.0	0.0	255.0
placebo_uniform__typed_role_scoped	mf	0.021290346469758255	0.15426664731702577	0.6448117504880543	255	0	255.0	0.0	255.0
placebo_uniform__typed_role_scoped	graph	0.004517768419496754	0.04470098727411987	0.5601561773728735	255	0	255.0	0.0	255.0
placebo_degree__typed_lowint2	degree	0.0028674715441916994	0.06347092697118119	0.5889709026680301	200	0	200.0	0.0	200.0
placebo_degree__typed_lowint2	mf	0.02137432683640609	0.1544636443159063	0.6491363763130984	200	0	200.0	0.0	200.0
placebo_degree__typed_lowint2	graph	0.004359581306444428	0.04743070612501721	0.5547531839732267	200	0	200.0	0.0	200.0
placebo_uniform__typed_lowint2	degree	0.002867465062827696	0.06347092697118119	0.588974621176908	200	0	200.0	0.0	200.0
placebo_uniform__typed_lowint2	mf	0.021391782427422828	0.15391969846523149	0.6470949149391094	200	0	200.0	0.0	200.0
placebo_uniform__typed_lowint2	graph	0.004980371519651405	0.050584389491642005	0.619938644603514	200	0	200.0	0.0	200.0
