policy	w_neg	model	seed	AP	AUROC	n	n_pos	macroAP_disease	MRR	Hits@10	median_pct_in_wb_scientific	n_in_wb_scientific	median_pct_in_wb_other	n_in_wb_other	median_pct_not_in_wb	n_not_in_wb	E3_AUROC_approved_vs_later_failure	E3_median_pct_later_failure	n_later_failure
sci=ignore,other=ignore	10.0	degree	0	0.006021005424893072	0.692441240612762	211479	497	0.019628404843273467	0.16776186237388976	0.2796780684104628	0.8777727339357572	37	0.9050484918124257	104	0.7899886040694348	356	0.5008133909842031	0.7491476695085564	47
sci=ignore,other=ignore	10.0	disease_degree	0	0.009382988681235164	0.6946928463883184	211479	497	0.004223616474583891	0.16776186237388976	0.2796780684104628	0.7794840149612964	37	0.7794840149612964	104	0.8376718255713334	356	0.5534911597243033	0.8086074740281541	47
sci=ignore,other=ignore	10.0	mf	1	0.013686501244026617	0.7344721322026442	211479	497	0.03588417712664285	0.22077055451248434	0.34808853118712274	0.9411927425418126	37	0.9475148832744622	104	0.8577069117973889	356	0.5627381309131384	0.7700622756869476	47
sci=ignore,other=ignore	10.0	mf	2	0.013651708388177143	0.7328825356610185	211479	497	0.0384954258357349	0.22035170791562575	0.34808853118712274	0.9412376642598083	37	0.9514597194047636	104	0.857215137200384	356	0.5588638212252236	0.7485093082528289	47
sci=ignore,other=ignore	10.0	mf	3	0.01365513609815769	0.7345045474523111	211479	497	0.03579308224010695	0.22043145243912446	0.34808853118712274	0.9411289064162399	37	0.9465147839738225	104	0.8580260924252525	356	0.559463161950426	0.7483343499827406	47
sci=ignore,other=ignore	10.0	graph	1	0.024789986892058864	0.6656692389122537	211479	497	0.04881714446109892	0.21788637075263056	0.37424547283702214	0.7961830725509389	37	0.837801862123426	104	0.7519990164508059	356	0.6577336358576994	0.5855900585873774	47
sci=ignore,other=ignore	10.0	graph	2	0.024789986892058864	0.6656692389122537	211479	497	0.04881714446109892	0.21788637075263056	0.37424547283702214	0.7961830725509389	37	0.837801862123426	104	0.7519990164508059	356	0.6577336358576994	0.5855900585873774	47
sci=ignore,other=ignore	10.0	graph	3	0.024789986892058864	0.6656692389122537	211479	497	0.04881714446109892	0.21788637075263056	0.37424547283702214	0.7961830725509389	37	0.837801862123426	104	0.7519990164508059	356	0.6577336358576994	0.5855900585873774	47
sci=ignore,other=ignore	10.0	hybrid	1	0.025289093687715425	0.6741454261586811	211479	497	0.04610797528626033	0.22209899746573042	0.37424547283702214	0.7981832711522184	37	0.8349055934631808	104	0.7805621361931918	356	0.6620146410377157	0.5562348980277001	47
sci=ignore,other=ignore	10.0	hybrid	2	0.025296946968711716	0.6741363233767431	211479	497	0.04612238192263674	0.22227448767751498	0.37424547283702214	0.7984291584507208	37	0.8340851810345236	104	0.780633065221606	356	0.6622286912967165	0.5563720274826343	47
sci=ignore,other=ignore	10.0	hybrid	3	0.025297044850153487	0.6741792433035235	211479	497	0.04617985548849685	0.22229138103971652	0.37424547283702214	0.7982352857730555	37	0.8347660997072996	104	0.7807938376860113	356	0.662100261141316	0.5564760567243083	47
sci=negate,other=negate	10.0	degree	0	0.0061903696311920425	0.6948091083208544	211479	497	0.019628404843273467	0.16776186237388976	0.2796780684104628	0.8668165633467153	37	0.9069564826767669	104	0.7899886040694348	356	0.5046662956462178	0.7179649043167406	47
sci=negate,other=negate	10.0	mf	1	0.010252919246751063	0.665211782396801	211479	497	0.030793745779892995	0.171513577108137	0.30784708249496984	0.8233228831231469	37	0.8724932499207959	104	0.8371422221591742	356	0.5638940023117429	0.6582024692759092	47
sci=negate,other=negate	10.0	mf	2	0.0102558289609661	0.6660452901405172	211479	497	0.030960245239267787	0.17150658092401833	0.3058350100603622	0.8264413960724233	37	0.8724861570179545	104	0.8403647643501246	356	0.5637869771822424	0.6966270882688116	47
sci=negate,other=negate	10.0	mf	3	0.010252835913407275	0.6662254289021996	211479	497	0.030618397413711498	0.1712364996256869	0.3058350100603622	0.8265596111197803	37	0.8746022063656439	104	0.839437958378846	356	0.5642364827261441	0.6975869944533499	47
sci=negate,other=negate	10.0	graph	1	0.014795640808119764	0.6543411486541606	211479	497	0.03798379232690036	0.19760598029226673	0.3501006036217304	0.7284080216002534	37	0.7663526875008866	104	0.7481901276249652	356	0.6661244060105312	0.4723731434326813	47
sci=negate,other=negate	10.0	graph	2	0.014795640808119764	0.6543411486541606	211479	497	0.03798379232690036	0.19760598029226673	0.3501006036217304	0.7284080216002534	37	0.7663526875008866	104	0.7481901276249652	356	0.6661244060105312	0.4723731434326813	47
sci=negate,other=negate	10.0	graph	3	0.014795640808119764	0.6543411486541606	211479	497	0.03798379232690036	0.19760598029226673	0.3501006036217304	0.7284080216002534	37	0.7663526875008866	104	0.7481901276249652	356	0.6661244060105312	0.4723731434326813	47
sci=negate,other=negate	10.0	hybrid	1	0.014050870087073371	0.6611860639717766	211479	497	0.03358598997546476	0.19609792540676185	0.3460764587525151	0.6873874001673925	37	0.8022463223298767	104	0.7534034112134065	356	0.6688642493257417	0.4689449070593298	47
sci=negate,other=negate	10.0	hybrid	2	0.014059478252148145	0.6611625416966063	211479	497	0.03359800328869073	0.19600601736427337	0.3460764587525151	0.6873022853332955	37	0.8015547643028386	104	0.7533679466991994	356	0.6691211096365426	0.4674648546664208	47
sci=negate,other=negate	10.0	hybrid	3	0.01405095625764772	0.6611872226810541	211479	497	0.03359372268056091	0.19610440191693929	0.3460764587525151	0.6868483395514449	37	0.8020347173951078	104	0.7534270542228779	356	0.6688642493257416	0.46859026191725894	47
sci=mask,other=mask	10.0	degree	0	0.006004685201042093	0.6922409031165121	211479	497	0.019628404843273467	0.16776186237388976	0.2796780684104628	0.8777727339357572	37	0.9049101802070182	104	0.7899886040694348	356	0.5010702512950042	0.7491476695085564	47
sci=mask,other=mask	10.0	mf	1	0.014484798746345829	0.7476480776574397	211479	497	0.0391980596794587	0.23263517328689848	0.3561368209255533	0.9548182089001744	37	0.964251769679259	104	0.8604364972408608	356	0.5569159638683162	0.7707621087673008	47
sci=mask,other=mask	10.0	mf	2	0.01447804471479962	0.7470112357797523	211479	497	0.0432598081922209	0.23272138118471253	0.3561368209255533	0.9549316953456372	37	0.9730918909206114	104	0.8600452054341093	356	0.5550323215891091	0.7706769939332038	47
sci=mask,other=mask	10.0	mf	3	0.014500162896292872	0.7476058443731943	211479	497	0.039310067428420595	0.23175297612940954	0.3561368209255533	0.9548607663172229	37	0.9642990556982017	104	0.8597508499661906	356	0.5541761205531058	0.7702135909475646	47
sci=mask,other=mask	10.0	graph	1	0.029704617765427054	0.6740115833162419	211479	497	0.05571452529327133	0.23516436944861052	0.3822937625754527	0.8407406882007197	37	0.849490966006081	104	0.7517034788324136	356	0.6577336358576993	0.5802183668354778	47
sci=mask,other=mask	10.0	graph	2	0.029704617765427054	0.6740115833162419	211479	497	0.05571452529327133	0.23516436944861052	0.3822937625754527	0.8407406882007197	37	0.849490966006081	104	0.7517034788324136	356	0.6577336358576993	0.5802183668354778	47
sci=mask,other=mask	10.0	graph	3	0.029704617765427054	0.6740115833162419	211479	497	0.05571452529327133	0.23516436944861052	0.3822937625754527	0.8407406882007197	37	0.849490966006081	104	0.7517034788324136	356	0.6577336358576993	0.5802183668354778	47
sci=mask,other=mask	10.0	hybrid	1	0.029311941625517618	0.6813080996143606	211479	497	0.05665472678910367	0.2375899047645932	0.386317907444668	0.8127426363847001	37	0.8620193967249703	104	0.7825505132897357	356	0.6640695235241235	0.572922134112607	47
sci=mask,other=mask	10.0	hybrid	2	0.029378641601456375	0.6812943095434519	211479	497	0.056647220296062464	0.2376004119575114	0.386317907444668	0.8133762690385333	37	0.8620406754334946	104	0.7823802836215417	356	0.664240763731324	0.5732389504395236	47
sci=mask,other=mask	10.0	hybrid	3	0.029342570808003857	0.6813134640091643	211479	497	0.056650689314297994	0.23758777421814023	0.386317907444668	0.8128466656263742	37	0.862012303822129	104	0.7824772199603742	356	0.6640695235241234	0.573026163354281	47
sci=negate,other=mask	10.0	degree	0	0.006038178505865387	0.6927933642560256	211479	497	0.019628404843273467	0.16776186237388976	0.2796780684104628	0.8777727339357572	37	0.9050484918124257	104	0.7899886040694348	356	0.5016267819684062	0.7436388483017227	47
sci=negate,other=mask	10.0	mf	1	0.014049713762717807	0.6942244751175717	211479	497	0.039856365048163096	0.21680026749963527	0.3460764587525151	0.8742191896122073	37	0.9557379219686115	104	0.856100369303808	356	0.5611327539706323	0.7234429896112616	47
sci=negate,other=mask	10.0	mf	2	0.014105831143873373	0.694556619370411	211479	497	0.039320827232766926	0.21670576389175078	0.3460764587525151	0.873769972432251	37	0.95578047938566	104	0.8571914941909126	356	0.5591420865619247	0.7416670213118087	47
sci=negate,other=mask	10.0	mf	3	0.01406642755531883	0.6942070992467588	211479	497	0.039273373505774985	0.21681230687847095	0.3460764587525151	0.8743799620766128	37	0.9556291641250432	104	0.8558272925444134	356	0.5614966394109336	0.7488308531816398	47
sci=negate,other=mask	10.0	graph	1	0.025274733192018905	0.6706324389731666	211479	497	0.04721888519767202	0.22199428262866094	0.3682092555331992	0.745005414249169	37	0.8439254015765159	104	0.7663763305103579	356	0.6632561325399203	0.5569394597099475	47
sci=negate,other=mask	10.0	graph	2	0.025274733192018905	0.6706324389731666	211479	497	0.04721888519767202	0.22199428262866094	0.3682092555331992	0.745005414249169	37	0.8439254015765159	104	0.7663763305103579	356	0.6632561325399203	0.5569394597099475	47
sci=negate,other=mask	10.0	graph	3	0.025274733192018905	0.6706324389731666	211479	497	0.04721888519767202	0.22199428262866094	0.3682092555331992	0.745005414249169	37	0.8439254015765159	104	0.7663763305103579	356	0.6632561325399203	0.5569394597099475	47
sci=negate,other=mask	10.0	hybrid	1	0.02437494576158593	0.678048841150533	211479	497	0.048519913179707524	0.22220626150494563	0.38028169014084506	0.758940604031606	37	0.8403411213406533	104	0.7855401718373929	356	0.667365897512736	0.5712245660325611	47
sci=negate,other=mask	10.0	hybrid	2	0.0243935792332645	0.6780220811650767	211479	497	0.0485059692562886	0.2223672342321494	0.38028169014084506	0.7590588190789629	37	0.8401330628573049	104	0.785501160871765	356	0.6674515176163363	0.570014043947626	47
sci=negate,other=mask	10.0	hybrid	3	0.024373985810601233	0.6780398671140703	211479	497	0.04851434574917513	0.22185515841466813	0.38028169014084506	0.7585528586762752	37	0.8402820138169748	104	0.7855980972105977	356	0.6674515176163364	0.5713475096818124	47
typed_scoped	10.0	degree	0	0.0060190335931820955	0.692433124879468	211479	497	0.019628404843273467	0.16776186237388976	0.2796780684104628	0.8777727339357572	37	0.9050484918124257	104	0.7899886040694348	356	0.5008133909842031	0.7491476695085564	47
typed_scoped	10.0	mf	1	0.014393936811479446	0.7079420051033942	211479	497	0.03863893652802725	0.22337724354068772	0.34808853118712274	0.9419185829325843	37	0.9594309600480426	104	0.8554891975089725	356	0.5612825891519327	0.7705824218953182	47
typed_scoped	10.0	mf	2	0.014390880579124146	0.7075659872535875	211479	497	0.0417503847110082	0.2233556170285141	0.34808853118712274	0.9419185829325843	37	0.9645354857929156	104	0.8559171359804048	356	0.5590778714842245	0.7703980064214414	47
typed_scoped	10.0	mf	3	0.014423916592879546	0.7069981720240583	211479	497	0.04135194345886832	0.2233321082940303	0.34808853118712274	0.9418902113212186	37	0.9630483404971653	104	0.8558355675977283	356	0.5593989468727256	0.7703649062081814	47
typed_scoped	10.0	graph	1	0.02849971177083281	0.6736601177054078	211479	497	0.05042004654389252	0.23097531970281374	0.3762575452716298	0.8392559072059165	37	0.8458901356635884	104	0.7572879576695558	356	0.6567490046662956	0.5844835657441164	47
typed_scoped	10.0	graph	2	0.02849971177083281	0.6736601177054078	211479	497	0.05042004654389252	0.23097531970281374	0.3762575452716298	0.8392559072059165	37	0.8458901356635884	104	0.7572879576695558	356	0.6567490046662956	0.5844835657441164	47
typed_scoped	10.0	graph	3	0.02849971177083281	0.6736601177054078	211479	497	0.05042004654389252	0.23097531970281374	0.3762575452716298	0.8392559072059165	37	0.8458901356635884	104	0.7572879576695558	356	0.6567490046662956	0.5844835657441164	47
typed_scoped	10.0	hybrid	1	0.0284007420616061	0.6808219996148317	211479	497	0.051287041149996854	0.23552208951966258	0.3843058350100604	0.783576619900794	37	0.8479541703904406	104	0.7874777164635731	356	0.6632133224881203	0.5702221024309743	47
typed_scoped	10.0	hybrid	2	0.02842183769714659	0.6807968131851846	211479	497	0.05129163828905695	0.23551733317414583	0.3843058350100604	0.7837090207538338	37	0.8473489093479731	104	0.7875155452787275	356	0.6633417526435208	0.5706145763881993	47
typed_scoped	10.0	hybrid	3	0.028408867997899653	0.6808297481851036	211479	497	0.05128678931504868	0.2355483154183423	0.386317907444668	0.7831321313227319	37	0.847585339442687	104	0.7874564377550489	356	0.6632561325399204	0.571801455463663	47
