Graph	Outcome	Scorer	Negated set	Negatives added	Stopped pairs: Δ vs masking (95% CI)	Placebo, same drug and disease counts: Δ vs masking (95% CI)	Placebo, uniform: Δ vs masking (95% CI)
Hetionet	Random edge	Graph head	Flat negative	1752	-0.119 (-0.152, -0.087)	-0.002 (-0.010, +0.006)	-0.001 (-0.005, +0.003)
Hetionet	Random edge	Graph head	Typed	372	-0.042 (-0.065, -0.021)	+0.001 (-0.003, +0.005)	+0.000 (-0.001, +0.001)
Hetionet	Random edge	Graph head	Typed + scope	202	-0.027 (-0.048, -0.007)	-0.003 (-0.009, +0.001)	-0.000 (-0.002, +0.001)
Hetionet	Random edge	Graph head	Typed + role	191	-0.019 (-0.035, -0.006)	-0.001 (-0.006, +0.003)	-0.001 (-0.002, +0.001)
Hetionet	Random edge	Graph head	Typed + role + scope	97	-0.013 (-0.026, -0.002)	-0.000 (-0.003, +0.002)	-0.000 (-0.001, +0.000)
Hetionet	Random edge	Graph head	Typed + ≤2 trials	77	-0.005 (-0.015, +0.001)	-0.001 (-0.002, +0.000)	-0.002 (-0.004, -0.000)
Hetionet	Random edge	Label-only MF	Flat negative	1752	-0.096 (-0.123, -0.069)	-0.012 (-0.023, +0.000)	+0.001 (-0.004, +0.007)
Hetionet	Random edge	Label-only MF	Typed	372	-0.038 (-0.057, -0.022)	-0.009 (-0.016, -0.003)	+0.002 (-0.004, +0.008)
Hetionet	Random edge	Label-only MF	Typed + scope	202	-0.031 (-0.046, -0.018)	+0.002 (-0.003, +0.008)	-0.000 (-0.001, +0.001)
Hetionet	Random edge	Label-only MF	Typed + role	191	-0.016 (-0.027, -0.006)	-0.006 (-0.012, -0.001)	-0.000 (-0.003, +0.002)
Hetionet	Random edge	Label-only MF	Typed + role + scope	97	-0.008 (-0.014, -0.003)	+0.002 (-0.002, +0.007)	-0.001 (-0.004, +0.000)
Hetionet	Random edge	Label-only MF	Typed + ≤2 trials	77	+0.002 (-0.003, +0.007)	-0.001 (-0.004, +0.002)	-0.001 (-0.003, +0.000)
Hetionet	Compound disjoint	Graph head	Flat negative	1763	-0.129 (-0.153, -0.103)	+0.013 (+0.002, +0.025)	+0.009 (+0.002, +0.017)
Hetionet	Compound disjoint	Graph head	Typed	377	-0.063 (-0.088, -0.039)	+0.001 (-0.007, +0.009)	-0.004 (-0.007, -0.001)
Hetionet	Compound disjoint	Graph head	Typed + scope	203	-0.033 (-0.046, -0.019)	+0.006 (+0.001, +0.013)	+0.001 (-0.004, +0.006)
Hetionet	Compound disjoint	Graph head	Typed + role	194	-0.033 (-0.049, -0.018)	-0.005 (-0.012, +0.001)	+0.000 (-0.001, +0.002)
Hetionet	Compound disjoint	Graph head	Typed + role + scope	99	-0.015 (-0.026, -0.005)	+0.000 (-0.002, +0.003)	-0.000 (-0.002, +0.000)
Hetionet	Compound disjoint	Graph head	Typed + ≤2 trials	76	+0.003 (-0.000, +0.007)	-0.001 (-0.003, +0.000)	-0.001 (-0.003, +0.001)
Hetionet	Compound disjoint	Label-only MF	Flat negative	1763	-0.026 (-0.037, -0.015)	-0.020 (-0.031, -0.009)	+0.001 (-0.010, +0.011)
Hetionet	Compound disjoint	Label-only MF	Typed	377	-0.019 (-0.027, -0.011)	-0.016 (-0.025, -0.007)	+0.002 (-0.002, +0.006)
Hetionet	Compound disjoint	Label-only MF	Typed + scope	203	-0.011 (-0.017, -0.006)	-0.009 (-0.015, -0.003)	+0.000 (-0.004, +0.005)
Hetionet	Compound disjoint	Label-only MF	Typed + role	194	-0.016 (-0.024, -0.009)	-0.017 (-0.024, -0.010)	+0.001 (-0.003, +0.005)
Hetionet	Compound disjoint	Label-only MF	Typed + role + scope	99	-0.007 (-0.012, -0.002)	-0.005 (-0.010, +0.000)	+0.003 (+0.001, +0.005)
Hetionet	Compound disjoint	Label-only MF	Typed + ≤2 trials	76	-0.005 (-0.009, -0.002)	-0.005 (-0.009, -0.001)	+0.001 (-0.001, +0.003)
Hetionet	External approvals	Graph head	Flat negative	1649	-0.019 (-0.043, +0.003)	-0.001 (-0.003, -0.000)	-0.001 (-0.002, +0.000)
Hetionet	External approvals	Graph head	Typed	340	-0.008 (-0.024, +0.001)	-0.001 (-0.002, -0.000)	-0.001 (-0.002, +0.000)
Hetionet	External approvals	Graph head	Typed + scope	183	-0.005 (-0.021, +0.003)	-0.001 (-0.002, -0.000)	+0.000 (-0.000, +0.000)
Hetionet	External approvals	Graph head	Typed + role	176	-0.001 (-0.004, +0.001)	-0.000 (-0.001, +0.001)	-0.000 (-0.001, +0.000)
Hetionet	External approvals	Graph head	Typed + role + scope	89	+0.001 (-0.000, +0.002)	-0.000 (-0.000, -0.000)	+0.001 (-0.000, +0.003)
Hetionet	External approvals	Graph head	Typed + ≤2 trials	76	-0.000 (-0.001, +0.000)	+0.000 (-0.001, +0.001)	-0.000 (-0.000, +0.000)
Hetionet	External approvals	Label-only MF	Flat negative	1649	-0.010 (-0.016, -0.004)	-0.003 (-0.005, +0.000)	-0.001 (-0.002, +0.001)
Hetionet	External approvals	Label-only MF	Typed	340	-0.003 (-0.005, +0.000)	-0.001 (-0.004, +0.002)	-0.002 (-0.003, -0.001)
Hetionet	External approvals	Label-only MF	Typed + scope	183	+0.000 (-0.002, +0.003)	+0.000 (-0.001, +0.002)	-0.001 (-0.002, +0.000)
Hetionet	External approvals	Label-only MF	Typed + role	176	-0.002 (-0.004, +0.000)	-0.001 (-0.002, +0.000)	-0.000 (-0.000, +0.000)
Hetionet	External approvals	Label-only MF	Typed + role + scope	89	+0.001 (-0.001, +0.003)	-0.000 (-0.001, +0.000)	-0.000 (-0.001, +0.000)
Hetionet	External approvals	Label-only MF	Typed + ≤2 trials	76	-0.000 (-0.001, +0.000)	+0.000 (-0.000, +0.001)	+0.001 (-0.000, +0.002)
PrimeKG	Random edge	Graph head	Flat negative	3665	-0.006 (-0.011, -0.002)	-0.002 (-0.006, +0.001)	-0.001 (-0.004, +0.003)
PrimeKG	Random edge	Graph head	Typed	686	-0.003 (-0.007, +0.000)	-0.001 (-0.004, +0.003)	+0.001 (-0.001, +0.003)
PrimeKG	Random edge	Graph head	Typed + role + scope	273	+0.000 (-0.002, +0.002)	-0.001 (-0.003, +0.001)	-0.012 (-0.018, -0.008)
PrimeKG	Random edge	Graph head	Typed + ≤2 trials	204	-0.002 (-0.004, +0.001)	+0.001 (-0.001, +0.004)	-0.000 (-0.002, +0.001)
PrimeKG	Random edge	Label-only MF	Flat negative	3665	-0.013 (-0.017, -0.008)	-0.001 (-0.003, +0.001)	+0.001 (-0.001, +0.003)
PrimeKG	Random edge	Label-only MF	Typed	686	-0.005 (-0.008, -0.003)	+0.000 (-0.001, +0.002)	-0.000 (-0.001, +0.001)
PrimeKG	Random edge	Label-only MF	Typed + role + scope	273	-0.001 (-0.003, +0.000)	+0.001 (-0.000, +0.002)	-0.000 (-0.002, +0.001)
PrimeKG	Random edge	Label-only MF	Typed + ≤2 trials	204	-0.001 (-0.003, +0.001)	+0.000 (-0.001, +0.001)	+0.000 (-0.001, +0.001)
PrimeKG	Compound disjoint	Graph head	Flat negative	3665	-0.047 (-0.055, -0.039)	-0.036 (-0.043, -0.029)	+0.009 (+0.005, +0.014)
PrimeKG	Compound disjoint	Graph head	Typed	681	-0.020 (-0.024, -0.016)	-0.018 (-0.022, -0.014)	-0.019 (-0.023, -0.015)
PrimeKG	Compound disjoint	Graph head	Typed + role + scope	272	-0.012 (-0.017, -0.007)	+0.005 (+0.002, +0.008)	-0.004 (-0.005, -0.002)
PrimeKG	Compound disjoint	Graph head	Typed + ≤2 trials	204	-0.012 (-0.014, -0.009)	-0.002 (-0.003, +0.000)	-0.004 (-0.006, -0.003)
PrimeKG	Compound disjoint	Label-only MF	Flat negative	3665	+0.000 (+0.000, +0.000)	+0.000 (+0.000, +0.000)	+0.006 (+0.006, +0.006)
PrimeKG	Compound disjoint	Label-only MF	Typed	681	-0.000 (-0.000, +0.000)	-0.000 (-0.000, +0.000)	+0.001 (+0.001, +0.001)
PrimeKG	Compound disjoint	Label-only MF	Typed + role + scope	272	-0.000 (-0.000, -0.000)	-0.000 (-0.000, -0.000)	+0.000 (+0.000, +0.000)
PrimeKG	Compound disjoint	Label-only MF	Typed + ≤2 trials	204	-0.000 (-0.000, -0.000)	-0.000 (-0.000, -0.000)	+0.000 (+0.000, +0.000)
PrimeKG	External approvals	Graph head	Flat negative	3455	-0.002 (-0.005, +0.003)	+0.000 (-0.003, +0.004)	-0.000 (-0.006, +0.006)
PrimeKG	External approvals	Graph head	Typed	631	-0.001 (-0.002, -0.000)	+0.001 (-0.001, +0.006)	+0.005 (+0.001, +0.010)
PrimeKG	External approvals	Graph head	Typed + role + scope	255	+0.003 (+0.001, +0.004)	-0.001 (-0.004, +0.004)	-0.006 (-0.012, +0.001)
PrimeKG	External approvals	Graph head	Typed + ≤2 trials	200	-0.000 (-0.001, -0.000)	-0.003 (-0.009, +0.002)	-0.000 (-0.000, +0.000)
PrimeKG	External approvals	Label-only MF	Flat negative	3455	-0.032 (-0.047, -0.021)	-0.002 (-0.008, +0.004)	+0.001 (-0.004, +0.005)
PrimeKG	External approvals	Label-only MF	Typed	631	-0.008 (-0.013, -0.003)	-0.001 (-0.005, +0.002)	-0.001 (-0.004, +0.001)
PrimeKG	External approvals	Label-only MF	Typed + role + scope	255	-0.006 (-0.013, -0.002)	-0.001 (-0.003, +0.001)	+0.000 (-0.003, +0.004)
PrimeKG	External approvals	Label-only MF	Typed + ≤2 trials	200	-0.002 (-0.006, +0.001)	+0.000 (-0.002, +0.002)	-0.000 (-0.001, +0.001)
