case_id	graph	drug	disease	primary	secondary	contradicts	drug_role_check	nct_used	justification	first_coding_primary	first_coding_contradicts	blind_coding_primary	blind_coding_contradicts	verification
H01	hetionet	Ramipril	hypertension	E	A1,B1	no	investigational (tested regimen)	NCT00389519	Planned interim analysis permitted by protocol; no futility or harm stated; paediatric dose-ranging.	E	no	E	no	agree
H02	hetionet	Nicotine	nicotine dependence	A1	B1	no	investigational (tested regimen)	NCT00046813,NCT00115687	Schizophrenia (dose comparison) and pregnant smokers.	A1	no	A1	no	agree
H03	hetionet	Pyrimethamine	malaria	A1	B2	unclear	investigational (tested regimen)	NCT00453856	Early treatment failure of sulfadoxine-pyrimethamine in young children in Gabon; regional resistance; whether this speaks against the indication in general is unclear.	A1	unclear	A1	unclear	agree
H04	hetionet	Dapsone	malaria	E	B2,A1	no	investigational (tested regimen)	NCT00361114	Sulfadoxine-pyrimethamine arms stopped; the dapsone-containing arm was never given (drug unavailable).	E	no	E	no	agree
H05	hetionet	Metoprolol	hypertension	D	E,A2	no	investigational (tested regimen)	NCT00491387	Mechanistic MIBG study in controlled hypertension; stopped because of external reports on beta-blockers as first-line therapy, not trial efficacy.	D	no	E	no	agree
H06	hetionet	Metformin	polycystic ovary syndrome	A2	B2,D	no	investigational (tested regimen)	NCT01208740	Adjunct to gonadotropins for IVF in poor responders aged 35-45; outcome cycle cancellation.	A2	no	A2	no	agree
H07	hetionet	Metformin	metabolic syndrome X	A1	A2,D	no	investigational (tested regimen)	NCT01996696	Prevention of weight gain in men with prostate cancer on androgen deprivation.	A1	no	A1	no	agree
H08	hetionet	Olanzapine	endogenous depression	F	B2	yes	investigational (tested regimen)	NCT01687478	Olanzapine plus fluoxetine versus fluoxetine in treatment-resistant depression is the approved use of the combination; stopped for lack of efficacy at interim. A failure in the established setting.	A2	unclear	B2	unclear	changed: contradicts unclear->yes; primary A2->F
H09	hetionet	Gemcitabine	breast cancer	B2	A2	no	investigational (tested regimen)	NCT00462865	Adjuvant gemcitabine-capecitabine-bevacizumab triplet; regimen toxicity and slow accrual.	B2	no	B2	no	agree
H10	hetionet	Epirubicin	stomach cancer	C	E,B2	no	background or control	NCT02076594	Epirubicin regimen (EOX) is the standard control although both arms are labelled experimental; the experimental low-dose docetaxel regimen failed.	C	no	C	no	agree (drug role: background or control)
H11	hetionet	Fluoxetine	endogenous depression	B2	E,D	no	background or control	NCT01119430	Fluoxetine was background therapy in both arms; the add-on DU125530 was tested.	B2	no	B2	no	agree (drug role: background or control)
H12	hetionet	Cyclophosphamide	breast cancer	B2	B1,A2	no	investigational (tested regimen)	NCT01329627	Single-arm feasibility of a new sequential regimen; toxicity.	B2	no	B2	no	agree
H13	hetionet	Methotrexate	urinary bladder cancer	A2	D,B2	no	investigational (tested regimen)	NCT00005047	Adjuvant MVAC after cystectomy in p53-altered organ-confined tumours; futility.	A2	no	A2	no	agree
H14	hetionet	Methotrexate	rheumatoid arthritis	B2	E,A2	no	background or control	NCT00485589	Methotrexate was background therapy in all arms; ocrelizumab benefit-risk was unfavourable.	B2	no	B2	no	agree (drug role: background or control)
H15	hetionet	Fluticasone Propionate	asthma	E	D,B2	no	investigational (tested regimen)	NCT00456313	Withdrawn before enrolment ('lack of data'); mechanistic study.	E	no	E	no	agree
H16	hetionet	Niacin	coronary artery disease	E	A1,D	no	investigational (tested regimen)	NCT01414166	Lipid-endpoint study stopped after the external HPS2-THRIVE result.	E	no	E	no	agree
H17	hetionet	Galantamine	Alzheimer's disease	E		no	investigational (tested regimen)	NCT00679627	Posted results: 41 deaths with placebo against 29 with galantamine; the pre-specified mortality imbalance favoured the drug, so the 'safety' category is wrong.	F	unclear	B1	yes	changed: F/unclear -> E/no
H18	hetionet	Estradiol	prostate cancer	A2	B1	no	investigational (tested regimen)	NCT00176644	Transdermal estradiol in castration-refractory disease after docetaxel.	A2	no	A2	no	agree
H19	hetionet	Estradiol	breast cancer	D	A2,B1	no	investigational (tested regimen)	NCT01083641	High-dose estradiol in metastatic triple-negative breast cancer.	D	no	D	no	agree
H20	hetionet	Diethylpropion	obesity	E	B2,A1	no	investigational (tested regimen)	NCT00115063	Multicomponent obesity programme stopped for the ethics of an untreated control group.	E	no	E	no	agree
H21	hetionet	Salmeterol	asthma	E	D,B2	no	investigational (tested regimen)	NCT00456313	Same withdrawn mechanistic study as H15.	E	no	E	no	agree
H22	hetionet	Exemestane	breast cancer	C	A2,B2	no	investigational (tested regimen)	NCT01303679	Maintenance switch to exemestane plus bevacizumab versus continued paclitaxel plus bevacizumab; no difference.	C	no	A2	no	agree
H23	hetionet	Doxorubicin	urinary bladder cancer	A2	D,B2	no	investigational (tested regimen)	NCT00005047	Same adjuvant MVAC trial as H13.	A2	no	A2	no	agree
H24	hetionet	Doxorubicin	breast cancer	B2	A2	no	investigational (tested regimen)	NCT01329627,NCT02131506	Sequential triplet feasibility and phase 1b liposomal doxorubicin plus lapatinib; toxicity.	B2	no	B2	no	agree
H25	hetionet	Letrozole	breast cancer	B2	E,A2	no	fixed partner of a new agent	NCT01199367	Phase 1 triplet with KW-2450; no tolerable dose of the new drug in combination.	B2	no	B2	no	agree (drug role: fixed partner of a new agent)
H26	hetionet	Cinacalcet	chronic kidney failure	A1	D	no	investigational (tested regimen)	NCT01277510	Children on dialysis; clinical hold after a fatality; the established use is in adults.	A1	no	A1	no	agree
H27	hetionet	Orlistat	obesity	E	B2,A1	no	investigational (tested regimen)	NCT00115063	Same obesity programme as H20.	E	no	E	no	agree
H28	hetionet	Capecitabine	breast cancer	B2	A2	no	investigational (tested regimen)	NCT00462865,NCT01200212	Capecitabine added to taxane plus bevacizumab first-line, and an adjuvant triplet; no benefit or toxicity of the combinations.	B2	no	B2	no	agree
H29	hetionet	Sibutramine	obesity	E	B2,A1	no	investigational (tested regimen)	NCT00115063	Same obesity programme as H20.	E	no	E	no	agree
H30	hetionet	Pioglitazone	type 2 diabetes mellitus	A1	C,D	no	investigational (tested regimen)	NCT00521820	Patients with diabetes and heart failure, versus glyburide; more heart-failure hospitalisations (a known label restriction).	A1	no	A1	no	agree
H31	hetionet	Escitalopram	endogenous depression	E	A1	no	investigational (tested regimen)	NCT00387348	Patients with advanced cancer; DSMB stopped because the placebo arm had more adverse events.	E	no	E	no	agree
H32	hetionet	Paclitaxel	breast cancer	B2	B1,A2	no	investigational (tested regimen)	NCT01329627	Same feasibility triplet as H12.	B2	no	B2	no	agree
H33	hetionet	Aripiprazole	schizophrenia	E	A1,A2	no	investigational (tested regimen)	NCT01122927	Adolescent open-label safety study; stopped because the paediatric investigational plan objective was met.	E	no	E	no	agree
H34	hetionet	Docetaxel	prostate cancer	B2	E,A2	no	investigational (tested regimen)	NCT00494338	Docetaxel plus celecoxib in castration-resistant disease; stopped for celecoxib safety issues.	B2	no	E	no	agree
H35	hetionet	Docetaxel	stomach cancer	C	B2,B1	no	investigational (tested regimen)	NCT02076594	Low-dose docetaxel triplet failed against the epirubicin triplet.	C	no	C	no	agree
H36	hetionet	Docetaxel	breast cancer	A1	B1,D	no	investigational (tested regimen)	NCT00104624	Biweekly docetaxel in women aged 70 years or older; toxicity.	A1	no	A1	no	agree
H37	hetionet	Lapatinib	breast cancer	B2	E,A2	no	investigational (tested regimen)	NCT01199367,NCT02131506	Two phase 1 combinations; one stopped for the new partner drug, one for combination toxicity.	B2	no	B2	no	agree
H38	hetionet	Everolimus	breast cancer	A2	B2,E	no	investigational (tested regimen)	NCT00674414,NCT02236572	Neoadjuvant add-on to trastuzumab (accrual) and to an aromatase inhibitor in low-risk tumours (response gate missed).	A2	no	B2	no	agree
H39	hetionet	Degarelix	prostate cancer	A2	E	no	investigational (tested regimen)	NCT01545882	Non-metastatic castration-refractory disease after total androgen blockade; five patients.	A2	no	A2	no	agree
H40	hetionet	Fingolimod	multiple sclerosis	D	A2	no	investigational (tested regimen)	NCT00731692	Primary progressive multiple sclerosis; disability-progression endpoint missed.	D	no	D	no	agree
P01	primekg	Valsartan	congestive heart failure	E	C,D	no	investigational (tested regimen)	NCT01035255	Sacubitril-valsartan versus enalapril stopped early for compelling efficacy; the 'Negative' category is wrong.	E	no	E	no	agree
P02	primekg	Ramipril	hypertensive disorder	E	A1,B1	no	investigational (tested regimen)	NCT00389519	Same paediatric ramipril trial as H01.	E	no	E	no	agree
P03	primekg	Nicotine	nicotine dependence	A1	B1	no	investigational (tested regimen)	NCT00046813,NCT00115687	Same two trials as H02.	A1	no	A1	no	agree
P04	primekg	Pyrimethamine	malaria	A1	B2	unclear	investigational (tested regimen)	NCT00453856	Same trial as H03.	A1	unclear	A1	unclear	agree
P05	primekg	Metoprolol	hypertensive disorder	D	E,A2	no	investigational (tested regimen)	NCT00491387	Same mechanistic study as H05.	D	no	E	no	agree
P06	primekg	Lidocaine	osteoarthritis	E	C,B1	no	investigational (tested regimen)	NCT00904605	Lidocaine patch versus celecoxib; stopped for safety concerns about the COX-2 comparator class.	E	no	E	no	agree
P07	primekg	Mitomycin	pancreatic adenocarcinoma	E	D,A2	no	investigational (tested regimen)	NCT00386399	Withdrawn before enrolment; no consented patient carried the required BRCA2 mutation.	E	no	E	no	agree
P08	primekg	Gefitinib	non-small cell lung carcinoma	A2	D	no	investigational (tested regimen)	NCT00104728	Single-agent neoadjuvant gefitinib in unselected resectable early-stage disease; response-rate stopping rule.	A2	no	A2	no	agree
P09	primekg	Olanzapine	major depressive disorder	F	B2	yes	investigational (tested regimen)	NCT01687478	Same trial as H08: failure of olanzapine plus fluoxetine in its approved setting.	A2	unclear	B2	unclear	changed: contradicts unclear->yes; primary A2->F
P10	primekg	Olanzapine	anxiety disorder	F	A2,B2	no	investigational (tested regimen)	NCT01687478	Depression trial mapped to an anxiety-disorder concept (ontology mismatch).	F	no	F	no	agree
P11	primekg	Treprostinil	pulmonary arterial hypertension	A1	B1,E	no	investigational (tested regimen)	NCT00494533	Intravenous treprostinil in India; stopped for safety problems of outpatient intravenous infusion in that setting.	A1	no	A1	no	agree
P12	primekg	Sorafenib	liver cancer	B2	E	no	fixed partner of a new agent	NCT01334710	Sorafenib plus OSI-906; stopped because of a safety issue with OSI-906 in another study.	B2	no	E	no	agree (drug role: fixed partner of a new agent)
P13	primekg	Sorafenib	hepatocellular carcinoma	B2	E,A2	no	investigational (tested regimen)	NCT00971126,NCT01334710	Sorafenib with thalidomide (dose-limiting toxicity of the combination) and with OSI-906.	B2	no	B2	no	agree
P14	primekg	Lansoprazole	duodenal ulcer	E	A2,C	no	investigational (tested regimen)	NCT00762359	Lansoprazole superior to gefarnate for ulcer prevention; stopped for success.	E	no	E	no	agree
P15	primekg	Fluoxetine	major depressive disorder	B2	E,D	no	background or control	NCT01119430	Same trial as H11.	B2	no	B2	no	agree (drug role: background or control)
P16	primekg	Ritonavir	HIV infectious disease	A2	B2,C	no	investigational (tested regimen)	NCT00090779,NCT00420355,NCT00531986,NCT01602822	Boosted protease-inhibitor strategy trials: immediate versus deferred therapy, monotherapy simplification, PI pairing, post-exposure prophylaxis.	A2	no	B2	no	agree
P17	primekg	Erlotinib	non-small cell lung carcinoma	B2	A2,D	unclear	investigational (tested regimen)	NCT00281021,NCT00283634,NCT00554775,NCT01115803	Erlotinib combinations and whole-brain radiotherapy; one trial (erlotinib alone and with bortezomib, relapsed disease) stopped for insufficient efficacy without saying which arm, and erlotinib alone in relapsed disease is the established use.	B2	no	B2	unclear	changed: contradicts no -> unclear (after blind coding)
P18	primekg	Cyclophosphamide	plasma cell myeloma	B2	E,A2	no	fixed partner of a new agent	NCT01881789	Oral cyclophosphamide arm of an oprozomib dose escalation; halted to optimise the oprozomib formulation.	B2	no	E	no	agree (drug role: fixed partner of a new agent)
P19	primekg	Propranolol	hemangioma	E	C,A1	no	investigational (tested regimen)	NCT00967226	Propranolol versus prednisolone in infants; stopped for growth retardation with prednisolone.	E	no	E	no	agree
P20	primekg	Fluticasone propionate	asthma	E	D,B2	no	investigational (tested regimen)	NCT00456313	Same withdrawn mechanistic study as H15.	E	no	E	no	agree
P21	primekg	Niacin	myocardial infarction	B2	D,A2	yes	investigational (tested regimen)	NCT00120289	AIM-HIGH: extended-release niacin added to simvastatin in established vascular disease; stopped for lack of efficacy. Statin background is current practice, so this is a failure in the setting where niacin would be used.	B2	yes	B2	yes	agree
P22	primekg	Prednisone	primary cutaneous T-cell non-Hodgkin lymphoma	B2		no	unclear (no arm data)	NCT00161239	Single-arm multi-agent LAMPP regimen stopped for toxicity of the regimen; as for other combination-toxicity cases, this does not speak against the component.	B2	unclear	B2	no	changed: contradicts unclear -> no
P23	primekg	Tobramycin	cystic fibrosis	E	B1,A1	no	investigational (tested regimen)	NCT00125346	EVOLVE: published report (Konstan et al., Pediatr Pulmonol 2011, doi:10.1002/ppul.21356) states the trial was terminated early on positive interim results; the 'Negative' category is wrong.	E	unclear	E	unclear	changed: contradicts unclear -> no
P24	primekg	Estradiol	breast cancer	D	A2,B1	no	investigational (tested regimen)	NCT01083641	Same triple-negative trial as H19.	D	no	D	no	agree
P25	primekg	Diethylpropion	obesity disorder	E	B2,A1	no	investigational (tested regimen)	NCT00115063	Same obesity programme as H20.	E	no	E	no	agree
P26	primekg	Acetylsalicylic acid	transient ischemic attack	B2	C,A2	no	background or control	NCT01661322	TARDIS: intensive triple antiplatelet therapy versus guideline therapy, in which aspirin was also used; stopped on reaching a definitive answer.	B2	no	B2	no	agree (drug role: background or control)
P27	primekg	Methylprednisolone	non-Hodgkin lymphoma	B2	A2	no	investigational (tested regimen)	NCT00367497	Rituximab plus ESHAP in relapsed or refractory aggressive lymphoma; low response rate.	B2	no	A2	no	agree
P28	primekg	Pioglitazone	type 2 diabetes mellitus	A1	C,D	no	investigational (tested regimen)	NCT00521820	Same pioglitazone heart-failure trial as H30.	A1	no	A1	no	agree
P29	primekg	Escitalopram	major depressive disorder	E	A1	no	investigational (tested regimen)	NCT00387348	Same escitalopram trial as H31.	E	no	E	no	agree
P30	primekg	Dexamethasone	mantle cell lymphoma	B2	A2	no	fixed partner of a new agent	NCT01578343	Vorinostat added to fludarabine-mitoxantrone-dexamethasone in relapsed or refractory mantle cell lymphoma; low response.	B2	no	B2	no	agree
P31	primekg	Docetaxel	non-small cell lung carcinoma	B2	B1,A1	no	investigational (tested regimen)	NCT00801801	Metronomic docetaxel plus sorafenib first-line in performance-status-2 patients; funding withdrawn and early efficacy not encouraging.	B2	no	B2	no	agree
P32	primekg	Docetaxel	breast cancer	A1	B1,D	no	investigational (tested regimen)	NCT00104624	Same biweekly docetaxel trial as H36.	A1	no	A1	no	agree
P33	primekg	Lisdexamfetamine	attention deficit-hyperactivity disorder	E	A1,D	no	investigational (tested regimen)	NCT01017263	Children with ADHD, obesity and glucose intolerance; stopped for screen failures.	E	no	E	no	agree
P34	primekg	Lapatinib	breast cancer	B2	E,A2	no	investigational (tested regimen)	NCT01199367,NCT02131506	Same two phase 1 combinations as H37.	B2	no	B2	no	agree
P35	primekg	Everolimus	breast cancer	A2	B2,E	no	investigational (tested regimen)	NCT00674414,NCT02236572	Same neoadjuvant trials as H38.	A2	no	B2	no	agree
P36	primekg	Trabectedin	soft tissue sarcoma	C	B2,A2	no	investigational (tested regimen)	NCT01104298,NCT01189253	First-line trabectedin (alone or with doxorubicin) versus doxorubicin; the established use is after anthracycline failure.	C	no	A2	no	agree
P37	primekg	Prasugrel	myocardial infarction	E	C,D	no	investigational (tested regimen)	NCT00910299	TRIGGER-PCI: prasugrel versus clopidogrel after elective PCI; stopped for a low event rate.	E	no	E	no	agree
P38	primekg	Cangrelor	acute coronary syndrome	C	A2	yes	investigational (tested regimen)	NCT00305162	CHAMPION PCI: cangrelor versus clopidogrel during PCI, the comparison on which cangrelor was later approved, stopped for insufficient effectiveness. A failure in the established setting (approval followed a later trial).	C	no	C	unclear	changed: contradicts no -> yes
P39	primekg	Degarelix	prostate cancer	A2	E	no	investigational (tested regimen)	NCT01545882	Same degarelix trial as H39.	A2	no	A2	no	agree
P40	primekg	Rilpivirine	HIV infectious disease	A2	B1,E	no	investigational (tested regimen)	NCT01049932	Long-acting injectable rilpivirine as pre-exposure prophylaxis in HIV-negative volunteers; no participant enrolled.	A2	no	A2	no	agree
