task	disease	name	flat_negative	mask_all	no_writeback	typed	typed_role	typed_role_scoped	typed_scoped	mean_pos	flat_minus_none	mask_minus_none	share_negated
compound	DOID:0050741	alcohol dependence	0.0254915065441381	0.0261258417508417	0.0245909386260263	0.0255562861357418	0.025543430335097	0.0257805174855866	0.0245450010863544	1.6666666666666667	0.0009005679181117	0.0015349031248154	0.8
compound	DOID:0050742	nicotine dependence	0.0129870129870129	0.0138888888888888	0.0133333333333333	0.0144927536231884	0.0136986301369863	0.0136986301369863	0.0140845070422535	1.0	-0.0003463203463203	0.0005555555555555	0.0
compound	DOID:0060073	lymphatic system cancer	0.2810914913546492	0.3511955756815469	0.3476560150375939	0.3666223358908781	0.3555718780081598	0.3563771009232225	0.3571221532091097	2.0	-0.0665645236829447	0.0035395606439529	0.0
compound	DOID:1024	leprosy	0.0588235294117647	0.0181818181818181	0.0181818181818181	0.0175438596491228	0.0185185185185185	0.0181818181818181	0.0172413793103448	1.0	0.0406417112299465	0.0	0.0
compound	DOID:10283	prostate cancer	0.2489774563151975	0.4553879209026267	0.4357006112688729	0.3661159742954366	0.412270418836106	0.4237461486792336	0.395606898053842	5.2	-0.1867231549536753	0.0196873096337538	0.7307692307692307
compound	DOID:10534	stomach cancer	0.1330926748689906	0.3130013368983957	0.2953083264253477	0.1741809881847476	0.248015873015873	0.2466583124477861	0.2230501950450799	1.75	-0.162215651556357	0.017693010473048	0.7142857142857143
compound	DOID:10652	Alzheimer's disease	0.2075757575757575	0.2785643704121965	0.2781526806526807	0.2807339961846807	0.2379103373727029	0.266795183982684	0.2911678791887125	2.0	-0.070576923076923	0.0004116897595158	1.0
compound	DOID:10763	hypertension	0.5762400033374367	0.7121467513841908	0.72062005252533	0.6639751622560668	0.7124940237671613	0.7027026385124583	0.6625623335888606	13.6	-0.1443800491878932	-0.0084733011411392	0.45588235294117646
compound	DOID:11054	urinary bladder cancer	0.2141315389591251	0.5513227513227512	0.5237037037037038	0.2382512748689219	0.2886385836385836	0.3247294372294372	0.3264957264957265	2.2	-0.3095721647445786	0.0276190476190474	0.45454545454545453
compound	DOID:1115	sarcoma	0.0906481550401439	0.3341096315032485	0.3324829666614656	0.0599121661580677	0.3306897920458506	0.3335048770622871	0.3299484004127967	1.4	-0.2418348116213217	0.0016266648417829	0.5714285714285714
compound	DOID:11476	osteoporosis	0.3172382416081186	0.4385104678603131	0.4195949883449884	0.427337365923171	0.4020837884820936	0.4482160894660894	0.4174565270444921	3.75	-0.1023567467368697	0.0189154795153247	0.26666666666666666
compound	DOID:11612	polycystic ovary syndrome	0.0144927536231884	0.0149253731343283	0.0149253731343283	0.0149253731343283	0.0142857142857142	0.0147058823529411	0.0149253731343283	1.0	-0.0004326195111399	0.0	1.0
compound	DOID:11714	gestational diabetes	0.0192307692307692	0.0192307692307692	0.02	0.02	0.0196078431372549	0.0188679245283018	0.0185185185185185	1.0	-0.0007692307692307	-0.0007692307692307	1.0
compound	DOID:1192	peripheral nervous system neoplasm	0.2292437892437892	0.3366666666666666	0.3286165223665224	0.3186636920663848	0.3357089532341492	0.3366951318934902	0.3258808252515346	2.2	-0.0993727331227331	0.0080501443001442	0.0
compound	DOID:11934	head and neck cancer	0.0470977443609022	0.0947460723419802	0.0827380952380952	0.0611261552438023	0.0875036075036075	0.0914321789321789	0.0738146997929606	1.0	-0.0356403508771929	0.012007977103885	0.6
compound	DOID:12236	primary biliary cirrhosis	0.3608150183150183	0.3263584774905529	0.3218688230008985	0.2712981257119188	0.3249360613810742	0.3266058941058941	0.3254526114734478	1.4	0.0389461953141198	0.0044896544896544	0.14285714285714285
compound	DOID:12306	vitiligo	0.0265151515151515	0.0345596432552954	0.0328205128205128	0.0381578947368421	0.0348970251716247	0.0331578947368421	0.0325	1.0	-0.0063053613053613	0.0017391304347826	0.0
compound	DOID:12361	Graves' disease	0.1666666666666666	0.3333333333333333	0.3333333333333333	0.3333333333333333	0.3333333333333333	0.3333333333333333	0.3333333333333333	1.0	-0.1666666666666666	0.0	0.0
compound	DOID:12365	malaria	0.3967635713959243	0.4863167800667801	0.4746345029239766	0.4545345345345345	0.5137860530391019	0.486991341991342	0.4793614718614718	2.0	-0.0778709315280522	0.0116822771428035	0.375
compound	DOID:1312	focal segmental glomerulosclerosis	1.0	1.0	1.0	1.0	1.0	1.0	1.0	1.0	0.0	0.0	0.0
compound	DOID:13189	gout	0.2424025974025974	0.2132215007215007	0.213820793070019	0.2168691336183596	0.2068142830443082	0.2135065605189444	0.2145204589012638	1.6	0.0285818043325783	-0.0005992923485183	0.0
compound	DOID:1319	brain cancer	0.2173809523809523	0.211872930990578	0.190266106442577	0.2008567821067821	0.1825198412698412	0.2044372294372294	0.2105895915678524	1.6	0.0271148459383753	0.021606824548001	0.25
compound	DOID:1324	lung cancer	0.4634186211585012	0.5728624338624339	0.6028250054086938	0.4428881333387925	0.4916564933276658	0.4985018957077781	0.448456319508951	4.4	-0.1394063842501925	-0.0299625715462599	0.7727272727272727
compound	DOID:13378	Kawasaki disease	0.0833333333333333	0.1	0.1	0.1111111111111111	0.1	0.1	0.1111111111111111	1.0	-0.0166666666666666	0.0	0.0
compound	DOID:14221	metabolic syndrome X	0.1428571428571428	0.25	0.25	0.1	0.1	0.1	0.1	1.0	-0.1071428571428571	0.0	1.0
compound	DOID:1459	hypothyroidism	0.9	1.0	1.0	1.0	1.0	1.0	1.0	1.0	-0.0999999999999999	0.0	0.0
compound	DOID:1612	breast cancer	0.376233232161911	0.4421897359033582	0.5235763820679787	0.3934577286777499	0.3663428800305935	0.381852644666386	0.3727880341062318	5.4	-0.1473431499060676	-0.0813866461646205	0.7777777777777778
compound	DOID:1686	glaucoma	0.4026389977670812	0.5318424976582872	0.5266523523370594	0.5473839876950995	0.5477827057869502	0.5530762366288682	0.5446629601497349	5.2	-0.1240133545699782	0.0051901453212277	0.23076923076923078
compound	DOID:1781	thyroid cancer	0.1344809326363818	0.4601924001924002	0.4603274940245415	0.2102582214766951	0.1543981481481481	0.4600078302403884	0.2937711069418386	1.6666666666666667	-0.3258465613881597	-0.0001350938321412	1.0
compound	DOID:1793	pancreatic cancer	0.098329156223893	0.2898706896551724	0.278422619047619	0.1877820835541423	0.2225463337278753	0.2947318007662834	0.2227272727272727	2.0	-0.1800934628237259	0.0114480706075533	0.875
compound	DOID:1826	epilepsy syndrome	0.4934144680150319	0.5270827332282441	0.5503284390679349	0.5687970680849939	0.5241847406978986	0.5547595716403766	0.548569030176173	5.6	-0.056913971052903	-0.0232457058396908	0.5714285714285714
compound	DOID:184	bone cancer	0.3011198945981554	0.5967532467532467	0.5872222222222222	0.3376923076923077	0.6088888888888888	0.5922222222222222	0.5922222222222222	1.2	-0.2861023276240667	0.0095310245310245	0.6666666666666666
compound	DOID:1909	melanoma	0.0880041266321754	0.2129777568922305	0.2112760470661414	0.107745876128229	0.1228809319611206	0.1186177248677248	0.1037640937184469	1.5	-0.1232719204339659	0.0017017098260891	0.3333333333333333
compound	DOID:1936	atherosclerosis	0.5	0.125	0.125	0.1428571428571428	0.125	0.125	0.125	1.0	0.375	0.0	1.0
compound	DOID:2043	hepatitis B	0.1512987012987013	0.2501082251082251	0.2482142857142857	0.3773809523809524	0.2982142857142857	0.2479166666666666	0.2479166666666666	1.25	-0.0969155844155844	0.0018939393939393	1.0
compound	DOID:2174	ocular cancer	0.2	0.0588235294117647	0.0625	0.0833333333333333	0.0625	0.0625	0.0625	1.0	0.1375	-0.0036764705882352	0.0
compound	DOID:219	colon cancer	0.041557734204793	0.14375	0.1080182072829131	0.0533405431386685	0.073076923076923	0.1247874149659863	0.0787037037037036	1.5	-0.0664604730781201	0.0357317927170868	0.6666666666666666
compound	DOID:2377	multiple sclerosis	0.2764176907322068	0.4726919934640523	0.4793884220354808	0.3965818903318903	0.4030122655122655	0.4562134502923976	0.4125	2.5	-0.2029707313032739	-0.0066964285714285	0.3
compound	DOID:2394	ovarian cancer	0.1717425580054488	0.366711525189786	0.3517191564474173	0.2486594710347907	0.3781818181818182	0.3468900966183574	0.2236486766269375	2.4	-0.1799765984419684	0.0149923687423687	0.75
compound	DOID:2531	hematologic cancer	0.4240420231056991	0.7011351107982586	0.6615748795762657	0.3841716844744577	0.4838059466312632	0.7028602687790876	0.6958560025770616	9.4	-0.2375328564705665	0.0395602312219929	0.6808510638297872
compound	DOID:263	kidney cancer	0.0994405990877765	0.1823826983229694	0.1929224333329328	0.100261089182572	0.0958876715307263	0.1461084368741914	0.1352192265795206	2.5	-0.0934818342451563	-0.0105397350099634	0.7
compound	DOID:2841	asthma	0.4198254263617477	0.659513039549981	0.6626419600465053	0.6204315912402437	0.6129772764918113	0.6294363004565353	0.626172831326193	7.0	-0.2428165336847575	-0.0031289204965243	0.6857142857142857
compound	DOID:2994	germ cell cancer	0.1663408521303258	0.2242897727272727	0.2202759158404319	0.2145584549609317	0.2149517659627953	0.2142207718107485	0.2074155978180746	1.5	-0.0539350637101061	0.0040138568868407	0.3333333333333333
compound	DOID:2998	testicular cancer	0.3689682539682539	0.4542857142857143	0.453003663003663	0.4040151515151515	0.4153846153846154	0.4542857142857143	0.4209523809523809	2.0	-0.084035409035409	0.0012820512820512	0.2
compound	DOID:3070	malignant glioma	0.1269841269841269	0.35	0.35	0.1547619047619047	0.1964285714285714	0.375	0.2916666666666666	1.0	-0.223015873015873	0.0	1.0
compound	DOID:3083	chronic obstructive pulmonary disease	0.22021862379621	0.2763690476190475	0.295051615051615	0.302741008991009	0.2794798607189911	0.2868568691844554	0.3070285863561725	2.0	-0.074832991255405	-0.0186825674325674	0.8
compound	DOID:3310	atopic dermatitis	0.2163178769277167	0.4222004384504384	0.4334469696969696	0.4331601731601731	0.4348987050960734	0.4395039682539682	0.4111976911976912	3.4	-0.2171290927692529	-0.0112465312465312	0.47058823529411764
compound	DOID:332	amyotrophic lateral sclerosis	0.125	0.5	0.5	0.1666666666666666	0.5	0.5	0.1666666666666666	1.0	-0.375	0.0	1.0
compound	DOID:3393	coronary artery disease	0.285443217386522	0.3893973004406441	0.3831566509958762	0.4223649826120357	0.3692301508825899	0.3805503147524384	0.3818090572285241	3.6	-0.0977134336093542	0.0062406494447678	0.2777777777777778
compound	DOID:3571	liver cancer	0.275	0.7857142857142857	0.7857142857142857	0.525	0.5104166666666667	0.5384615384615384	0.5357142857142857	1.5	-0.5107142857142857	0.0	1.0
compound	DOID:363	uterine cancer	0.1361695274283717	0.5601385746606335	0.5494212962962963	0.1292361111111111	0.4241391941391941	0.5625	0.5551423453996983	1.5	-0.4132517688679246	0.0107172783643372	0.3333333333333333
compound	DOID:4045	muscle cancer	0.0843667679837892	0.2775780907896658	0.263954535048285	0.1447674571596985	0.1742319937814123	0.2302875243664717	0.224055330634278	1.75	-0.1795877670644957	0.0136235557413807	0.2857142857142857
compound	DOID:4159	skin cancer	0.0803366865781053	0.1114987502177904	0.1042857142857142	0.0834076642997182	0.0895576161499082	0.0946910866910867	0.0919047619047619	1.6	-0.0239490277076089	0.0072130359320761	0.125
compound	DOID:418	systemic scleroderma	0.0788296160107468	0.1123705913414438	0.1109796993671704	0.1069638605737004	0.1223629453368643	0.1130754030984445	0.121342025019195	2.0	-0.0321500833564236	0.0013908919742734	0.0
compound	DOID:4362	cervical cancer	0.0463177173703489	0.5277777777777778	0.3253968253968254	0.1111111111111111	0.2314814814814814	0.5	0.2247474747474747	1.0	-0.2790791080264764	0.2023809523809523	1.0
compound	DOID:4481	allergic rhinitis	0.2094464207290294	0.3779595034595034	0.3770557111733582	0.3448449328449328	0.3292291042291042	0.3727990255931432	0.343145586439704	2.4	-0.1676092904443288	0.0009037922861452	0.25
compound	DOID:4989	pancreatitis	0.0243055555555555	0.0230392156862745	0.0230392156862745	0.0223502304147465	0.0215780296425457	0.0230392156862745	0.0222222222222222	1.0	0.001266339869281	0.0	0.0
compound	DOID:5041	esophageal cancer	0.1596790890269151	0.3148656898656898	0.3197055137844611	0.3109243697478991	0.3194444444444444	0.3008169934640523	0.3030753968253968	1.0	-0.160026424757546	-0.0048398239187713	0.5
compound	DOID:5408	Paget's disease of bone	0.1884057971014492	0.2708333333333333	0.2708333333333333	0.1875	0.2708333333333333	0.2708333333333333	0.2708333333333333	1.0	-0.082427536231884	0.0	0.0
compound	DOID:585	nephrolithiasis	0.0148809523809523	0.0147058823529411	0.0147058823529411	0.0137937595129375	0.0147058823529411	0.0147058823529411	0.0140031335683509	1.0	0.0001750700280112	0.0	0.0
compound	DOID:635	acquired immunodeficiency syndrome	0.4766584564860426	0.595985347985348	0.6005296290078899	0.5830223942723942	0.6173106060606061	0.5964536340852129	0.6026079338379591	3.6	-0.1238711725218472	-0.0045442810225418	0.05555555555555555
compound	DOID:6364	migraine	0.1853174603174603	0.3132716260347839	0.2641269841269841	0.3163350538350538	0.3141374269005847	0.3206453634085213	0.3551475279106858	1.8	-0.0788095238095238	0.0491446419077998	0.4444444444444444
compound	DOID:7147	ankylosing spondylitis	0.2379189534361948	0.4913011695906432	0.4775362318840579	0.466056166056166	0.4882936507936508	0.4914799253034547	0.4612103174603174	2.0	-0.2396172784478631	0.0137649377065852	0.25
compound	DOID:7148	rheumatoid arthritis	0.1863597227443277	0.2943655908664606	0.3168009456205703	0.2882553986046633	0.30866135215286	0.3166056350683636	0.2749363003657691	3.75	-0.1304412228762425	-0.0224353547541097	0.4666666666666667
compound	DOID:8577	ulcerative colitis	0.0944498140616595	0.2319923602897919	0.2471545768049496	0.2542482426849932	0.2465491484928825	0.2476479609142148	0.2306987880420254	2.6	-0.1527047627432901	-0.0151622165151577	0.9230769230769231
compound	DOID:8778	Crohn's disease	0.0240812771798607	0.0407111821923158	0.0340151550653902	0.0345636476633478	0.0369532747759984	0.0385714339799797	0.0353966972831706	1.75	-0.0099338778855294	0.0066960271269256	0.8571428571428571
compound	DOID:8893	psoriasis	0.2799961551741409	0.4033173929940847	0.4048430355808385	0.4045756521214187	0.4152899493484491	0.4074248830083976	0.4023592838215887	5.8	-0.1248468804066976	-0.0015256425867537	0.3793103448275862
compound	DOID:9008	psoriatic arthritis	0.3266246960493169	0.3074990761271249	0.2967113123036468	0.3080378673051087	0.3054292929292929	0.3092261904761904	0.3283886800334168	2.25	0.02991338374567	0.0107877638234781	0.0
compound	DOID:9074	systemic lupus erythematosus	0.1683135274311745	0.3643715434891905	0.3655433455433455	0.3706349206349206	0.3497144413320884	0.3512091503267974	0.3497222222222221	2.6	-0.197229818112171	-0.001171802054155	1.0
compound	DOID:9206	Barrett's esophagus	0.0238095238095238	0.0263157894736842	0.025	0.0256410256410256	0.027027027027027	0.0256410256410256	0.0256410256410256	1.0	-0.0011904761904761	0.0013157894736842	1.0
compound	DOID:9352	type 2 diabetes mellitus	0.2065628452503015	0.2650088630043351	0.259038492037718	0.2335835765563817	0.2539024160418163	0.2707488073418404	0.2454305135362254	4.4	-0.0524756467874165	0.0059703709666171	0.6818181818181818
compound	DOID:986	alopecia areata	0.101010101010101	0.1111111111111111	0.1180555555555555	0.0654761904761904	0.0642857142857143	0.1111111111111111	0.1055555555555555	1.0	-0.0170454545454545	-0.0069444444444444	1.0
compound	DOID:9970	obesity	0.1176294314872059	0.3224242424242424	0.2888888888888888	0.2017182871232682	0.4073504273504273	0.2355779405779405	0.2207499424890729	1.8	-0.1712594574016828	0.0335353535353535	0.6666666666666666
