task	pseed	policy	model	AP	AUROC	macroAP_disease	MRR	Hits@10	n	n_pos	test_pos_negated	test_pos_masked	negated
compound	42	no_writeback	degree	0.017041184933923176	0.7735629116251082	0.007416601838245215	0.040262585699357686	0.07738392411382926	490318	2003	0	0	0
compound	42	no_writeback	mf	0.016659637194476346	0.7596779594848023	0.007416601838245215	0.03937524547798905	0.08137793310034948	490318	2003	0	0	0
compound	42	no_writeback	graph	0.029592779071786108	0.843392376391435	0.12376690222071711	0.05564461990717883	0.09785322016974538	490318	2003	0	0	0
compound	42	flat_negative	degree	0.017041184933923176	0.7735629116251082	0.007416601838245215	0.040262585699357686	0.07738392411382926	490318	2003	161	0	3657
compound	42	flat_negative	mf	0.016035502415405783	0.7393965684997994	0.007654025240166662	0.03932190984951442	0.08137793310034948	490318	2003	161	0	3657
compound	42	flat_negative	graph	0.0473383945110275	0.7910403151096952	0.09586994506193892	0.08491842308182304	0.15327009485771342	490318	2003	161	0	3657
compound	42	mask_all	degree	0.017041184933923176	0.7735629116251082	0.007416601838245215	0.040262585699357686	0.07738392411382926	490318	2003	0	161	0
compound	42	mask_all	mf	0.01666388824454089	0.7598786945985085	0.007416601838245215	0.03937663936665111	0.08137793310034948	490318	2003	0	161	0
compound	42	mask_all	graph	0.06100451876360011	0.8661540894682775	0.14164337161417356	0.0908077144289667	0.16225661507738393	490318	2003	0	161	0
compound	42	typed	degree	0.017041184933923176	0.7735629116251082	0.007416601838245215	0.040262585699357686	0.07738392411382926	490318	2003	40	121	683
compound	42	typed	mf	0.01664192512091562	0.7579768618474968	0.00745318165425929	0.03936738304138276	0.08137793310034948	490318	2003	40	121	683
compound	42	typed	graph	0.055440746203894484	0.8519584936613696	0.13728157055673265	0.08782512096458991	0.15776335496754867	490318	2003	40	121	683
compound	42	typed_scoped	degree	0.017041184933923176	0.7735629116251082	0.007416601838245215	0.040262585699357686	0.07738392411382926	490318	2003	37	124	559
compound	42	typed_scoped	mf	0.016625070605024637	0.7581418795697794	0.007384049861955706	0.03936563186517605	0.08137793310034948	490318	2003	37	124	559
compound	42	typed_scoped	graph	0.026679532408465375	0.8202298402636158	0.1191165061315602	0.05812891314271265	0.11233150274588118	490318	2003	37	124	559
compound	42	typed_role	degree	0.017041184933923176	0.7735629116251082	0.007416601838245215	0.040262585699357686	0.07738392411382926	490318	2003	14	147	346
compound	42	typed_role	mf	0.016654099063370054	0.7590931962131755	0.00734518348004172	0.0393752049861179	0.08137793310034948	490318	2003	14	147	346
compound	42	typed_role	graph	0.058713825614688527	0.856607612362213	0.13981646978002205	0.08849559131109372	0.15726410384423364	490318	2003	14	147	346
compound	42	typed_role_scoped	degree	0.017041184933923176	0.7735629116251082	0.007416601838245215	0.040262585699357686	0.07738392411382926	490318	2003	14	147	274
compound	42	typed_role_scoped	mf	0.016639092438402257	0.7591743958967092	0.007298496486906007	0.03937609086625841	0.08137793310034948	490318	2003	14	147	274
compound	42	typed_role_scoped	graph	0.05909421497882675	0.8578776577768736	0.1366703850456567	0.08856397851433635	0.15776335496754867	490318	2003	14	147	274
compound	1	no_writeback	degree	0.015758633498203545	0.7587216822030813	0.006257478732473341	0.05251304698982858	0.08703590992087644	490380	1643	0	0	0
compound	1	no_writeback	mf	0.01658316429657643	0.7598228716501262	0.00631590528190572	0.05282632819952507	0.08581862446743761	490380	1643	0	0	0
compound	1	no_writeback	graph	0.04192285429825762	0.8468616913030895	0.1400858133637609	0.10033031757820014	0.19233110164333536	490380	1643	0	0	0
compound	1	flat_negative	degree	0.015758633498203545	0.7587216822030813	0.006257478732473341	0.05251304698982858	0.08703590992087644	490380	1643	146	0	3664
compound	1	flat_negative	mf	0.016068907513978967	0.7471573141055015	0.006939895002892622	0.052657570616451335	0.08581862446743761	490380	1643	146	0	3664
compound	1	flat_negative	graph	0.02519424751908582	0.8364175470202337	0.11541591419314505	0.068691056412281	0.1509433962264151	490380	1643	146	0	3664
compound	1	mask_all	degree	0.015758633498203545	0.7587216822030813	0.006257478732473341	0.05251304698982858	0.08703590992087644	490380	1643	0	146	0
compound	1	mask_all	mf	0.016584357286691012	0.760012040973247	0.006268617571084069	0.05282603165393116	0.08581862446743761	490380	1643	0	146	0
compound	1	mask_all	graph	0.049223200957064714	0.8453953345264809	0.1507146382165078	0.10630759918657767	0.1935483870967742	490380	1643	0	146	0
compound	1	typed	degree	0.015758633498203545	0.7587216822030813	0.006257478732473341	0.05251304698982858	0.08703590992087644	490380	1643	36	110	681
compound	1	typed	mf	0.01638409583020356	0.7563051232414378	0.0062742149976182295	0.05282203719220435	0.08581862446743761	490380	1643	36	110	681
compound	1	typed	graph	0.043822564644341984	0.8359190905487343	0.1289917536793691	0.09785565437299112	0.1856360316494218	490380	1643	36	110	681
compound	1	typed_scoped	degree	0.015758633498203545	0.7587216822030813	0.006257478732473341	0.05251304698982858	0.08703590992087644	490380	1643	35	111	558
compound	1	typed_scoped	mf	0.016450829025682758	0.7567250007571966	0.006252408572440028	0.052823903797958545	0.08581862446743761	490380	1643	35	111	558
compound	1	typed_scoped	graph	0.04799781560971541	0.8391977789059182	0.13643482945740412	0.10413803527653717	0.19172245891661593	490380	1643	35	111	558
compound	1	typed_role	degree	0.015758633498203545	0.7587216822030813	0.006257478732473341	0.05251304698982858	0.08703590992087644	490380	1643	13	133	344
compound	1	typed_role	mf	0.016465597979721237	0.7589812517250499	0.006412679800224109	0.052824492445544234	0.08581862446743761	490380	1643	13	133	344
compound	1	typed_role	graph	0.044860021693186744	0.8574469778289038	0.16454636431770917	0.0999986275085534	0.1898965307364577	490380	1643	13	133	344
compound	1	typed_role_scoped	degree	0.015758633498203545	0.7587216822030813	0.006257478732473341	0.05251304698982858	0.08703590992087644	490380	1643	13	133	272
compound	1	typed_role_scoped	mf	0.016523106701571002	0.7592877667511835	0.006378457444470188	0.052825754262137335	0.08581862446743761	490380	1643	13	133	272
compound	1	typed_role_scoped	graph	0.027035078809609456	0.8318847361134705	0.14213429554607138	0.07760209537287789	0.15337796713329277	490380	1643	13	133	272
compound	2	no_writeback	degree	0.018892917929145523	0.7666017685587434	0.007102507864487324	0.04825852982728929	0.09312977099236641	490423	1965	0	0	0
compound	2	no_writeback	mf	0.01894448099480654	0.7557967881205889	0.007107566075951027	0.047572764174283494	0.10076335877862595	490423	1965	0	0	0
compound	2	no_writeback	graph	0.06445862606670175	0.8600612227311754	0.16810807780875725	0.0930461393591811	0.19185750636132315	490423	1965	0	0	0
compound	2	flat_negative	degree	0.018892917929145523	0.7666017685587434	0.007102507864487324	0.04825852982728929	0.09312977099236641	490423	1965	137	0	3673
compound	2	flat_negative	mf	0.018293209231974344	0.7256291151141604	0.007051721107470586	0.0478349893375159	0.10076335877862595	490423	1965	137	0	3673
compound	2	flat_negative	graph	0.04773366562015372	0.8231712906536004	0.10069350474066878	0.09843670888660364	0.18931297709923664	490423	1965	137	0	3673
compound	2	mask_all	degree	0.018892917929145523	0.7666017685587434	0.007102507864487324	0.04825852982728929	0.09312977099236641	490423	1965	0	137	0
compound	2	mask_all	mf	0.018953037152479674	0.7557692939020637	0.007110929061729864	0.04757454312652907	0.10076335877862595	490423	1965	0	137	0
compound	2	mask_all	graph	0.06795421334043282	0.8634590120061787	0.16053707476865198	0.10414485352359829	0.2	490423	1965	0	137	0
compound	2	typed	degree	0.018892917929145523	0.7666017685587434	0.007102507864487324	0.04825852982728929	0.09312977099236641	490423	1965	31	106	680
compound	2	typed	mf	0.01883976915707666	0.7492369579474367	0.0068612872424933065	0.04782333475889234	0.10076335877862595	490423	1965	31	106	680
compound	2	typed	graph	0.06013775673783652	0.8552498376336137	0.12644988450426523	0.10334231537394835	0.1984732824427481	490423	1965	31	106	680
compound	2	typed_scoped	degree	0.018892917929145523	0.7666017685587434	0.007102507864487324	0.04825852982728929	0.09312977099236641	490423	1965	29	108	554
compound	2	typed_scoped	mf	0.018828249010512006	0.7505970004979163	0.006876532082158755	0.047823348290449694	0.10076335877862595	490423	1965	29	108	554
compound	2	typed_scoped	graph	0.05659264468837319	0.8516096403995428	0.12142573822094646	0.09769567584722706	0.18422391857506362	490423	1965	29	108	554
compound	2	typed_role	degree	0.018892917929145523	0.7666017685587434	0.007102507864487324	0.04825852982728929	0.09312977099236641	490423	1965	12	125	344
compound	2	typed_role	mf	0.018892257865446817	0.7537091252643973	0.006911913524086507	0.047570824121519424	0.10076335877862595	490423	1965	12	125	344
compound	2	typed_role	graph	0.06675008874334055	0.8616428375625483	0.14453923065585722	0.10572485631919284	0.1969465648854962	490423	1965	12	125	344
compound	2	typed_role_scoped	degree	0.018892917929145523	0.7666017685587434	0.007102507864487324	0.04825852982728929	0.09312977099236641	490423	1965	12	125	271
compound	2	typed_role_scoped	mf	0.018863911616977765	0.7536103207979721	0.006869453601850473	0.04757182519134863	0.10076335877862595	490423	1965	12	125	271
compound	2	typed_role_scoped	graph	0.06408988496482718	0.8575763301736679	0.13813734905178376	0.10499367607796971	0.1969465648854962	490423	1965	12	125	271
