task	pseed	policy	model	stratum	n	MRR
random	42	no_writeback	degree	scientific	40	0.03770602859110572
random	42	no_writeback	degree	other	117	0.08634422522967324
random	42	no_writeback	degree	none	1721	0.04634394735545963
random	42	no_writeback	mf	scientific	40	0.6303172788581162
random	42	no_writeback	mf	other	117	0.5949900793581002
random	42	no_writeback	mf	none	1721	0.6357219655859294
random	42	no_writeback	graph	scientific	40	0.15222220088186048
random	42	no_writeback	graph	other	117	0.19039287888024833
random	42	no_writeback	graph	none	1721	0.1131531788599767
random	42	flat_negative	degree	scientific	40	0.03770602859110572
random	42	flat_negative	degree	other	117	0.08634422522967324
random	42	flat_negative	degree	none	1721	0.04634394735545963
random	42	flat_negative	mf	scientific	40	0.3560989137692023
random	42	flat_negative	mf	other	117	0.425332535610741
random	42	flat_negative	mf	none	1721	0.6308220333422546
random	42	flat_negative	graph	scientific	40	0.14137006740096786
random	42	flat_negative	graph	other	117	0.18936146997758138
random	42	flat_negative	graph	none	1721	0.09465963789346414
random	42	mask_all	degree	scientific	40	0.03770602859110572
random	42	mask_all	degree	other	117	0.08634422522967324
random	42	mask_all	degree	none	1721	0.04634394735545963
random	42	mask_all	mf	scientific	40	0.7272888026575378
random	42	mask_all	mf	other	117	0.6150443060505733
random	42	mask_all	mf	none	1721	0.6246407362718892
random	42	mask_all	graph	scientific	40	0.15729407008259105
random	42	mask_all	graph	other	117	0.1908983771857699
random	42	mask_all	graph	none	1721	0.11242855803016862
random	42	typed	degree	scientific	40	0.03770602859110572
random	42	typed	degree	other	117	0.08634422522967324
random	42	typed	degree	none	1721	0.04634394735545963
random	42	typed	mf	scientific	40	0.3863937514824808
random	42	typed	mf	other	117	0.6058257340201165
random	42	typed	mf	none	1721	0.6267009638577273
random	42	typed	graph	scientific	40	0.143901893070344
random	42	typed	graph	other	117	0.1867907167340452
random	42	typed	graph	none	1721	0.11403679869223092
random	42	typed_scoped	degree	scientific	40	0.03770602859110572
random	42	typed_scoped	degree	other	117	0.08634422522967324
random	42	typed_scoped	degree	none	1721	0.04634394735545963
random	42	typed_scoped	mf	scientific	40	0.4336784756812488
random	42	typed_scoped	mf	other	117	0.6057200846729854
random	42	typed_scoped	mf	none	1721	0.627352631243678
random	42	typed_scoped	graph	scientific	40	0.14112105510580542
random	42	typed_scoped	graph	other	117	0.18920832413675942
random	42	typed_scoped	graph	none	1721	0.10798664989022559
random	42	typed_role	degree	scientific	40	0.03770602859110572
random	42	typed_role	degree	other	117	0.08634422522967324
random	42	typed_role	degree	none	1721	0.04634394735545963
random	42	typed_role	mf	scientific	40	0.6292689873642644
random	42	typed_role	mf	other	117	0.6125552326793396
random	42	typed_role	mf	none	1721	0.6251724308306518
random	42	typed_role	graph	scientific	40	0.09147041977457886
random	42	typed_role	graph	other	117	0.1759831444452135
random	42	typed_role	graph	none	1721	0.09179615817342246
random	42	typed_role_scoped	degree	scientific	40	0.03770602859110572
random	42	typed_role_scoped	degree	other	117	0.08634422522967324
random	42	typed_role_scoped	degree	none	1721	0.04634394735545963
random	42	typed_role_scoped	mf	scientific	40	0.6480999962328566
random	42	typed_role_scoped	mf	other	117	0.6126333887893791
random	42	typed_role_scoped	mf	none	1721	0.6254641305440051
random	42	typed_role_scoped	graph	scientific	40	0.1569549616086639
random	42	typed_role_scoped	graph	other	117	0.20369105801855444
random	42	typed_role_scoped	graph	none	1721	0.11379526003149845
random	1	no_writeback	degree	scientific	40	0.047183143998684056
random	1	no_writeback	degree	other	107	0.09011533243147035
random	1	no_writeback	degree	none	1731	0.043978110238762344
random	1	no_writeback	mf	scientific	40	0.7233398336617487
random	1	no_writeback	mf	other	107	0.6174323563252592
random	1	no_writeback	mf	none	1731	0.6276512315948202
random	1	no_writeback	graph	scientific	40	0.09346554875223873
random	1	no_writeback	graph	other	107	0.12121429013332696
random	1	no_writeback	graph	none	1731	0.07876479742119492
random	1	flat_negative	degree	scientific	40	0.047183143998684056
random	1	flat_negative	degree	other	107	0.09011533243147035
random	1	flat_negative	degree	none	1731	0.043978110238762344
random	1	flat_negative	mf	scientific	40	0.372331143054997
random	1	flat_negative	mf	other	107	0.367312603130984
random	1	flat_negative	mf	none	1731	0.6142134148963214
random	1	flat_negative	graph	scientific	40	0.17738625480873496
random	1	flat_negative	graph	other	107	0.16372692636519198
random	1	flat_negative	graph	none	1731	0.11046059646011651
random	1	mask_all	degree	scientific	40	0.047183143998684056
random	1	mask_all	degree	other	107	0.09011533243147035
random	1	mask_all	degree	none	1731	0.043978110238762344
random	1	mask_all	mf	scientific	40	0.750086351613201
random	1	mask_all	mf	other	107	0.6233838509047276
random	1	mask_all	mf	none	1731	0.6209352751012612
random	1	mask_all	graph	scientific	40	0.23265107487660738
random	1	mask_all	graph	other	107	0.18740388345105108
random	1	mask_all	graph	none	1731	0.10636701833876673
random	1	typed	degree	scientific	40	0.047183143998684056
random	1	typed	degree	other	107	0.09011533243147035
random	1	typed	degree	none	1731	0.043978110238762344
random	1	typed	mf	scientific	40	0.43062777895320703
random	1	typed	mf	other	107	0.6018161610651022
random	1	typed	mf	none	1731	0.6144150711243052
random	1	typed	graph	scientific	40	0.1699415374670976
random	1	typed	graph	other	107	0.17379402957210308
random	1	typed	graph	none	1731	0.1107189121885556
random	1	typed_scoped	degree	scientific	40	0.047183143998684056
random	1	typed_scoped	degree	other	107	0.09011533243147035
random	1	typed_scoped	degree	none	1731	0.043978110238762344
random	1	typed_scoped	mf	scientific	40	0.47043167660941176
random	1	typed_scoped	mf	other	107	0.611196374338583
random	1	typed_scoped	mf	none	1731	0.615213003728232
random	1	typed_scoped	graph	scientific	40	0.16848414619494537
random	1	typed_scoped	graph	other	107	0.17404172359944567
random	1	typed_scoped	graph	none	1731	0.10949198837841798
random	1	typed_role	degree	scientific	40	0.047183143998684056
random	1	typed_role	degree	other	107	0.09011533243147035
random	1	typed_role	degree	none	1731	0.043978110238762344
random	1	typed_role	mf	scientific	40	0.6620520224496959
random	1	typed_role	mf	other	107	0.6164350247372243
random	1	typed_role	mf	none	1731	0.6207006654841587
random	1	typed_role	graph	scientific	40	0.17806029366088788
random	1	typed_role	graph	other	107	0.1757936389686065
random	1	typed_role	graph	none	1731	0.10921262985903052
random	1	typed_role_scoped	degree	scientific	40	0.047183143998684056
random	1	typed_role_scoped	degree	other	107	0.09011533243147035
random	1	typed_role_scoped	degree	none	1731	0.043978110238762344
random	1	typed_role_scoped	mf	scientific	40	0.6672570544454777
random	1	typed_role_scoped	mf	other	107	0.6100729452754453
random	1	typed_role_scoped	mf	none	1731	0.6203534965716205
random	1	typed_role_scoped	graph	scientific	40	0.17779543922477342
random	1	typed_role_scoped	graph	other	107	0.1738270585886798
random	1	typed_role_scoped	graph	none	1731	0.10895029668701747
random	2	no_writeback	degree	scientific	40	0.0425852932621368
random	2	no_writeback	degree	other	112	0.10017547089535807
random	2	no_writeback	degree	none	1726	0.04928900821819854
random	2	no_writeback	mf	scientific	40	0.5648288835323048
random	2	no_writeback	mf	other	112	0.6636097053330511
random	2	no_writeback	mf	none	1726	0.6384979706329499
random	2	no_writeback	graph	scientific	40	0.24697265351094622
random	2	no_writeback	graph	other	112	0.17368332908441703
random	2	no_writeback	graph	none	1726	0.11162575938683096
random	2	flat_negative	degree	scientific	40	0.0425852932621368
random	2	flat_negative	degree	other	112	0.10017547089535807
random	2	flat_negative	degree	none	1726	0.04928900821819854
random	2	flat_negative	mf	scientific	40	0.3048574884647188
random	2	flat_negative	mf	other	112	0.4383822289306715
random	2	flat_negative	mf	none	1726	0.6342725044802576
random	2	flat_negative	graph	scientific	40	0.18907850034396806
random	2	flat_negative	graph	other	112	0.1666840527208102
random	2	flat_negative	graph	none	1726	0.11438018202915723
random	2	mask_all	degree	scientific	40	0.0425852932621368
random	2	mask_all	degree	other	112	0.10017547089535807
random	2	mask_all	degree	none	1726	0.04928900821819854
random	2	mask_all	mf	scientific	40	0.6249807880029282
random	2	mask_all	mf	other	112	0.678010068813977
random	2	mask_all	mf	none	1726	0.6308808939333386
random	2	mask_all	graph	scientific	40	0.24550437162741678
random	2	mask_all	graph	other	112	0.17182445694510656
random	2	mask_all	graph	none	1726	0.11201531629899464
random	2	typed	degree	scientific	40	0.0425852932621368
random	2	typed	degree	other	112	0.10017547089535807
random	2	typed	degree	none	1726	0.04928900821819854
random	2	typed	mf	scientific	40	0.33566244009675894
random	2	typed	mf	other	112	0.6679632707515448
random	2	typed	mf	none	1726	0.6256118888961848
random	2	typed	graph	scientific	40	0.17048087057459888
random	2	typed	graph	other	112	0.10501437510053344
random	2	typed	graph	none	1726	0.08151070010122774
random	2	typed_scoped	degree	scientific	40	0.0425852932621368
random	2	typed_scoped	degree	other	112	0.10017547089535807
random	2	typed_scoped	degree	none	1726	0.04928900821819854
random	2	typed_scoped	mf	scientific	40	0.3726391774279653
random	2	typed_scoped	mf	other	112	0.6631266929394913
random	2	typed_scoped	mf	none	1726	0.625675991735669
random	2	typed_scoped	graph	scientific	40	0.24143886057520722
random	2	typed_scoped	graph	other	112	0.1675280283438772
random	2	typed_scoped	graph	none	1726	0.10994591566453077
random	2	typed_role	degree	scientific	40	0.0425852932621368
random	2	typed_role	degree	other	112	0.10017547089535807
random	2	typed_role	degree	none	1726	0.04928900821819854
random	2	typed_role	mf	scientific	40	0.5183574702194098
random	2	typed_role	mf	other	112	0.6777535936198008
random	2	typed_role	mf	none	1726	0.6285636915852005
random	2	typed_role	graph	scientific	40	0.230686586728109
random	2	typed_role	graph	other	112	0.17564342092498647
random	2	typed_role	graph	none	1726	0.11333484174105057
random	2	typed_role_scoped	degree	scientific	40	0.0425852932621368
random	2	typed_role_scoped	degree	other	112	0.10017547089535807
random	2	typed_role_scoped	degree	none	1726	0.04928900821819854
random	2	typed_role_scoped	mf	scientific	40	0.5183292141897782
random	2	typed_role_scoped	mf	other	112	0.6777470899183177
random	2	typed_role_scoped	mf	none	1726	0.6302007873503077
random	2	typed_role_scoped	graph	scientific	40	0.24299498864332633
random	2	typed_role_scoped	graph	other	112	0.17915667694508056
random	2	typed_role_scoped	graph	none	1726	0.11142007668238893
