policy	model	AP	AUROC	macroAP_disease	MRR	Hits@10	n	n_pos	E3_AUROC_approved_vs_later_failure	n_later_failure
no_writeback	degree	0.0028664355247112823	0.6894724799007645	0.06347092697118119	0.01914477369967063	0.029394812680115272	2443582	1735	0.5890601468811006	155
no_writeback	mf	0.01967186205811481	0.7464222638462	0.14671640707196165	0.1162073424857017	0.22881844380403457	2443582	1735	0.6509770382076787	155
no_writeback	graph	0.004921040741671802	0.7664606187594978	0.05032370266193784	0.04281025721702379	0.0962536023054755	2443582	1735	0.6206154132192989	155
flat_negative	degree	0.002859427187710805	0.68955098427767	0.06347092697118119	0.01914477369967063	0.029394812680115272	2443582	1735	0.5895658640885004	155
flat_negative	mf	0.012925357555592753	0.697944925610233	0.12177377854964479	0.09162291151324858	0.19481268011527378	2443582	1735	0.658265315608441	155
flat_negative	graph	0.00408074486177124	0.7479879752383167	0.04886248964425654	0.036035431329846726	0.08011527377521614	2443582	1735	0.6313842149298131	155
mask_all	degree	0.0028674902917774857	0.6894647503617781	0.06347092697118119	0.01914477369967063	0.029394812680115272	2443582	1735	0.588974621176908	155
mask_all	mf	0.02185844812442934	0.756407262221827	0.15419191406612812	0.1356587685595704	0.23861671469740633	2443582	1735	0.64705772985033	155
mask_all	graph	0.0049875889469407205	0.7674254451804164	0.05064369399957555	0.04404657520022462	0.09855907780979827	2443582	1735	0.6195630752068421	155
typed	degree	0.0028662072217943337	0.6894865430495353	0.06347092697118119	0.01914477369967063	0.029394812680115272	2443582	1735	0.5890787394254904	155
typed	mf	0.019588851816258135	0.744736064338051	0.14641606736106252	0.12870868055327506	0.22939481268011527	2443582	1735	0.6617941805336061	155
typed	graph	0.004779407540455761	0.7635056287747053	0.04961971449132118	0.0420731753722667	0.09394812680115273	2443582	1735	0.6247132100027888	155
typed_scoped	degree	0.002865921054411005	0.6894793006931451	0.06347092697118119	0.01914477369967063	0.029394812680115272	2443582	1735	0.5890601468811006	155
typed_scoped	mf	0.020019883722306946	0.7499339888235901	0.14675668603016656	0.13003882956073523	0.23515850144092218	2443582	1735	0.6608571162963652	155
typed_scoped	graph	0.00526916831240546	0.7762413332585423	0.05132466269151631	0.045044706540067134	0.09798270893371758	2443582	1735	0.606503672027517	155
typed_role	degree	0.002867098868668173	0.6894640988966793	0.06347092697118119	0.01914477369967063	0.029394812680115272	2443582	1735	0.5889709026680301	155
typed_role	mf	0.020976100634453473	0.7501099226385312	0.14582481298910852	0.13082970410350836	0.2345821325648415	2443582	1735	0.6587152551826717	155
typed_role	graph	0.004856083996131563	0.7649803697928103	0.05067898986237186	0.04281009245421087	0.0962536023054755	2443582	1735	0.6225044157292925	155
typed_role_scoped	degree	0.0028672874587016895	0.6894650338435115	0.06347092697118119	0.01914477369967063	0.029394812680115272	2443582	1735	0.5889709026680301	155
typed_role_scoped	mf	0.02114803959902405	0.7537484091520277	0.14779248086742588	0.13130574030976305	0.2340057636887608	2443582	1735	0.6568708747792136	155
typed_role_scoped	graph	0.00572609335024766	0.7814712999133603	0.053236997799137126	0.04727201344423499	0.10489913544668587	2443582	1735	0.6016807660128289	155
