task	model	dim	wd	epochs	val_AP	ckpt
random	mf	32.0	1e-05	200	0.2042767913387593	
random	mf	32.0	1e-05	400	0.22877850835642893	
random	mf	32.0	1e-05	800	0.23130646035435756	
random	mf	32.0	0.0001	200	0.06872866854447064	
random	mf	32.0	0.0001	400	0.06279156941661412	
random	mf	32.0	0.0001	800	0.06119277504554865	
random	mf	32.0	0.001	200	0.006590492838892738	
random	mf	32.0	0.001	400	0.006591130847838783	
random	mf	32.0	0.001	800	0.006591124519241536	
random	graph		1e-05	200	0.013631537607394386	5.0
random	graph		1e-05	400	0.015016230105180018	5.0
random	graph		1e-05	800	0.00906135978928524	5.0
random	graph		0.0001	200	0.01339817848237061	5.0
random	graph		0.0001	400	0.013721394267081058	5.0
random	graph		0.0001	800	0.016418888801391102	5.0
random	graph		0.001	200	0.01110037022009923	5.0
random	graph		0.001	400	0.011779869591992115	5.0
random	graph		0.001	800	0.012159360942774805	5.0
random	graph		1e-05	200	0.020307953535445497	10.0
random	graph		1e-05	400	0.021135541028014262	10.0
random	graph		1e-05	800	0.016113951104956364	10.0
random	graph		0.0001	200	0.010099726927590423	10.0
random	graph		0.0001	400	0.007723104302900068	10.0
random	graph		0.0001	800	0.019819875526905527	10.0
random	graph		0.001	200	0.017710634316219626	10.0
random	graph		0.001	400	0.01253970977185732	10.0
random	graph		0.001	800	0.015069773154230625	10.0
compound	mf	32.0	1e-05	200	0.012552776264104998	
compound	mf	32.0	1e-05	400	0.01435173212390695	
compound	mf	32.0	1e-05	800	0.01407119151663964	
compound	mf	32.0	0.0001	200	0.013023901888006686	
compound	mf	32.0	0.0001	400	0.013983008450405267	
compound	mf	32.0	0.0001	800	0.014012849682904553	
compound	mf	32.0	0.001	200	0.015852940490890574	
compound	mf	32.0	0.001	400	0.015809310273222518	
compound	mf	32.0	0.001	800	0.015811358800525546	
compound	graph		1e-05	200	0.018486797428633336	5.0
compound	graph		1e-05	400	0.03285439238516599	5.0
compound	graph		1e-05	800	0.04273093020586664	5.0
compound	graph		0.0001	200	0.028097034757540443	5.0
compound	graph		0.0001	400	0.0331631248696206	5.0
compound	graph		0.0001	800	0.02950056201900871	5.0
compound	graph		0.001	200	0.023223882153499617	5.0
compound	graph		0.001	400	0.022015197857145643	5.0
compound	graph		0.001	800	0.026215474417928143	5.0
compound	graph		1e-05	200	0.0506413340120459	10.0
compound	graph		1e-05	400	0.027790469984688492	10.0
compound	graph		1e-05	800	0.05318063264269524	10.0
compound	graph		0.0001	200	0.04727355753182246	10.0
compound	graph		0.0001	400	0.03919399551118558	10.0
compound	graph		0.0001	800	0.04203763015867348	10.0
compound	graph		0.001	200	0.03036659123672166	10.0
compound	graph		0.001	400	0.03167912266154612	10.0
compound	graph		0.001	800	0.030027604634235917	10.0
