compound	chembl_id
DB00014	CHEMBL1200501
DB00014	CHEMBL1201247
DB00035	CHEMBL1200556
DB00035	CHEMBL1429
DB00050	CHEMBL1200490
DB00050	CHEMBL2103735
DB00091	CHEMBL160
DB00116	CHEMBL2021342
DB00117	CHEMBL1256578
DB00117	CHEMBL17962
DB00118	CHEMBL1088977
DB00119	CHEMBL1162144
DB00119	CHEMBL181886
DB00120	CHEMBL301523
DB00121	CHEMBL857
DB00122	CHEMBL2095207
DB00122	CHEMBL282468
DB00122	CHEMBL4297301
DB00122	CHEMBL920
DB00123	CHEMBL8085
DB00125	CHEMBL1485
DB00126	CHEMBL196
DB00126	CHEMBL3350399
DB00127	CHEMBL1256357
DB00127	CHEMBL1556584
DB00127	CHEMBL23194
DB00128	CHEMBL274323
DB00129	CHEMBL3138616
DB00129	CHEMBL3184113
DB00129	CHEMBL4297204
DB00129	CHEMBL446143
DB00130	CHEMBL930
DB00131	CHEMBL1315633
DB00131	CHEMBL1627080
DB00131	CHEMBL752
DB00132	CHEMBL3122087
DB00132	CHEMBL8739
DB00133	CHEMBL11298
DB00134	CHEMBL1770614
DB00134	CHEMBL2106977
DB00134	CHEMBL42336
DB00135	CHEMBL925
DB00136	CHEMBL578780
DB00136	CHEMBL846
DB00137	CHEMBL173929
DB00138	CHEMBL590540
DB00139	CHEMBL576
DB00140	CHEMBL1534
DB00141	CHEMBL4303483
DB00143	CHEMBL1543
DB00144	CHEMBL4297669
DB00145	CHEMBL3707233
DB00145	CHEMBL773
DB00146	CHEMBL1040
DB00146	CHEMBL3544909
DB00146	CHEMBL4594399
DB00147	CHEMBL102970
DB00147	CHEMBL543846
DB00148	CHEMBL283800
DB00148	CHEMBL5275950
DB00149	CHEMBL291962
DB00149	CHEMBL5394043
DB00150	CHEMBL54976
DB00151	CHEMBL1200630
DB00151	CHEMBL863
DB00152	CHEMBL1200941
DB00152	CHEMBL1547
DB00152	CHEMBL1588
DB00152	CHEMBL2104496
DB00153	CHEMBL1536
DB00154	CHEMBL3274189
DB00154	CHEMBL465183
DB00155	CHEMBL4297667
DB00155	CHEMBL444814
DB00156	CHEMBL291747
DB00158	CHEMBL1622
DB00158	CHEMBL2107429
DB00159	CHEMBL460026
DB00160	CHEMBL279597
DB00161	CHEMBL43068
DB00162	CHEMBL5314606
DB00162	CHEMBL986
DB00163	CHEMBL47
DB00165	CHEMBL1200756
DB00165	CHEMBL1364
DB00166	CHEMBL134342
DB00167	CHEMBL1233584
DB00168	CHEMBL171679
DB00169	CHEMBL1042
DB00170	CHEMBL590
DB00171	CHEMBL14249
DB00171	CHEMBL1447572
DB00171	CHEMBL2106579
DB00171	CHEMBL2364734
DB00171	CHEMBL2364735
DB00172	CHEMBL54922
DB00173	CHEMBL1597282
DB00173	CHEMBL226345
DB00173	CHEMBL539503
DB00174	CHEMBL58832
DB00175	CHEMBL1144
DB00175	CHEMBL690
DB00176	CHEMBL1409
DB00176	CHEMBL814
DB00177	CHEMBL1069
DB00178	CHEMBL1168
DB00179	CHEMBL313972
DB00180	CHEMBL1512
DB00181	CHEMBL1897150
DB00181	CHEMBL701
DB00182	CHEMBL1200377
DB00182	CHEMBL1200387
DB00182	CHEMBL3250770
DB00182	CHEMBL3250771
DB00182	CHEMBL3250772
DB00182	CHEMBL3250773
DB00182	CHEMBL3250774
DB00182	CHEMBL3250775
DB00182	CHEMBL405
DB00182	CHEMBL501
DB00182	CHEMBL554211
DB00183	CHEMBL1328
DB00184	CHEMBL1201536
DB00184	CHEMBL151515
DB00184	CHEMBL225057
DB00184	CHEMBL3
DB00184	CHEMBL3137669
DB00184	CHEMBL3182465
DB00184	CHEMBL3989563
DB00186	CHEMBL580
DB00187	CHEMBL1201115
DB00187	CHEMBL768
DB00188	CHEMBL325041
DB00188	CHEMBL5315122
DB00189	CHEMBL591
DB00190	CHEMBL1200748
DB00190	CHEMBL1201236
DB00191	CHEMBL1200912
DB00191	CHEMBL1574
DB00192	CHEMBL1200341
DB00192	CHEMBL1201242
DB00193	CHEMBL1237044
DB00193	CHEMBL1237065
DB00194	CHEMBL1090
DB00195	CHEMBL1691
DB00195	CHEMBL423
DB00196	CHEMBL106
DB00196	CHEMBL1163001
DB00198	CHEMBL1200340
DB00198	CHEMBL1229
DB00198	CHEMBL251990
DB00198	CHEMBL3183419
DB00199	CHEMBL1200476
DB00199	CHEMBL1200506
DB00199	CHEMBL1200510
DB00199	CHEMBL3545060
DB00199	CHEMBL3786307
DB00199	CHEMBL532
DB00201	CHEMBL113
DB00201	CHEMBL1200569
DB00202	CHEMBL2104486
DB00202	CHEMBL3391771
DB00202	CHEMBL703
DB00202	CHEMBL983
DB00203	CHEMBL1737
DB00203	CHEMBL192
DB00203	CHEMBL5276310
DB00204	CHEMBL473
DB00205	CHEMBL36
DB00206	CHEMBL772
DB00207	CHEMBL1200502
DB00207	CHEMBL529
DB00208	CHEMBL1717
DB00208	CHEMBL833
DB00209	CHEMBL1888176
DB00209	CHEMBL3084748
DB00210	CHEMBL1265
DB00211	CHEMBL1200461
DB00211	CHEMBL1201212
DB00212	CHEMBL31601
DB00213	CHEMBL1502
DB00213	CHEMBL3989559
DB00214	CHEMBL1148
DB00215	CHEMBL1200781
DB00215	CHEMBL1628605
DB00215	CHEMBL549
DB00216	CHEMBL1201003
DB00216	CHEMBL1510
DB00217	CHEMBL1201260
DB00217	CHEMBL2110368
DB00218	CHEMBL1200735
DB00218	CHEMBL2326947
DB00218	CHEMBL32
DB00218	CHEMBL3765320
DB00219	CHEMBL1200906
DB00219	CHEMBL1201286
DB00220	CHEMBL1205
DB00220	CHEMBL584
DB00221	CHEMBL1200920
DB00221	CHEMBL1201153
DB00221	CHEMBL1201213
DB00222	CHEMBL1481
DB00224	CHEMBL115
DB00224	CHEMBL1735
DB00224	CHEMBL5483011
DB00226	CHEMBL1037
DB00226	CHEMBL3184143
DB00227	CHEMBL503
DB00228	CHEMBL1257
DB00229	CHEMBL1296
DB00229	CHEMBL4303232
DB00230	CHEMBL1059
DB00231	CHEMBL967
DB00232	CHEMBL1577
DB00233	CHEMBL1169
DB00233	CHEMBL1200584
DB00233	CHEMBL1200966
DB00233	CHEMBL1343453
DB00233	CHEMBL1378207
DB00233	CHEMBL2096646
DB00233	CHEMBL2105983
DB00234	CHEMBL1556230
DB00234	CHEMBL2105282
DB00234	CHEMBL383921
DB00235	CHEMBL1200977
DB00235	CHEMBL189
DB00236	CHEMBL1585
DB00237	CHEMBL1200982
DB00237	CHEMBL449
DB00238	CHEMBL4649102
DB00238	CHEMBL57
DB00239	CHEMBL1200836
DB00239	CHEMBL1262
DB00240	CHEMBL1201361
DB00241	CHEMBL454
DB00242	CHEMBL1619
DB00243	CHEMBL1404
DB00243	CHEMBL1526084
DB00243	CHEMBL537649
DB00244	CHEMBL704
DB00245	CHEMBL1200383
DB00245	CHEMBL1201203
DB00246	CHEMBL1375743
DB00246	CHEMBL3989833
DB00246	CHEMBL708
DB00248	CHEMBL1201087
DB00249	CHEMBL3967390
DB00249	CHEMBL788
DB00250	CHEMBL1043
DB00252	CHEMBL16
DB00252	CHEMBL1611
DB00252	CHEMBL3274483
DB00252	CHEMBL553532
DB00253	CHEMBL1201173
DB00254	CHEMBL1200567
DB00254	CHEMBL1200699
DB00254	CHEMBL1256723
DB00254	CHEMBL1433
DB00254	CHEMBL2106418
DB00254	CHEMBL2364574
DB00254	CHEMBL3989740
DB00255	CHEMBL411
DB00256	CHEMBL2103929
DB00257	CHEMBL104
DB00258	CHEMBL1200800
DB00259	CHEMBL21
DB00260	CHEMBL1222336
DB00260	CHEMBL771
DB00261	CHEMBL1200759
DB00261	CHEMBL760
DB00262	CHEMBL513
DB00263	CHEMBL1200321
DB00263	CHEMBL453
DB00264	CHEMBL1200337
DB00264	CHEMBL1200840
DB00264	CHEMBL13
DB00264	CHEMBL2062335
DB00264	CHEMBL2356097
DB00264	CHEMBL3989566
DB00264	CHEMBL545787
DB00265	CHEMBL3183440
DB00266	CHEMBL1466
DB00267	CHEMBL1201224
DB00267	CHEMBL3183193
DB00268	CHEMBL1200411
DB00268	CHEMBL589
DB00270	CHEMBL1648
DB00271	CHEMBL1200581
DB00271	CHEMBL1200839
DB00271	CHEMBL1201220
DB00271	CHEMBL1534228
DB00271	CHEMBL2106216
DB00271	CHEMBL3188504
DB00272	CHEMBL1200949
DB00272	CHEMBL1201323
DB00272	CHEMBL4303510
DB00273	CHEMBL220492
DB00274	CHEMBL1201118
DB00274	CHEMBL1201195
DB00275	CHEMBL1516
DB00276	CHEMBL1256655
DB00276	CHEMBL3229103
DB00276	CHEMBL43
DB00276	CHEMBL540070
DB00277	CHEMBL1200434
DB00277	CHEMBL1355736
DB00277	CHEMBL1370561
DB00277	CHEMBL190
DB00277	CHEMBL2104089
DB00277	CHEMBL2107084
DB00278	CHEMBL1166
DB00279	CHEMBL1201119
DB00279	CHEMBL1356342
DB00279	CHEMBL1544
DB00279	CHEMBL2106622
DB00279	CHEMBL2107398
DB00280	CHEMBL1201020
DB00280	CHEMBL517
DB00281	CHEMBL1200409
DB00281	CHEMBL3278065
DB00281	CHEMBL541521
DB00281	CHEMBL79
DB00282	CHEMBL3989401
DB00282	CHEMBL676
DB00282	CHEMBL834
DB00283	CHEMBL1200795
DB00283	CHEMBL1626
DB00285	CHEMBL1201066
DB00285	CHEMBL3133301
DB00285	CHEMBL5095051
DB00285	CHEMBL637
DB00287	CHEMBL1200799
DB00288	CHEMBL1200732
DB00289	CHEMBL1702
DB00289	CHEMBL641
DB00291	CHEMBL515
DB00292	CHEMBL5434355
DB00292	CHEMBL681
DB00293	CHEMBL225071
DB00294	CHEMBL1531
DB00295	CHEMBL2096625
DB00295	CHEMBL2103744
DB00295	CHEMBL4068407
DB00295	CHEMBL556578
DB00295	CHEMBL70
DB00296	CHEMBL1077896
DB00296	CHEMBL1889140
DB00297	CHEMBL1098
DB00297	CHEMBL1200396
DB00298	CHEMBL1201044
DB00298	CHEMBL1201216
DB00299	CHEMBL1540
DB00299	CHEMBL2079793
DB00300	CHEMBL1486
DB00300	CHEMBL1538
DB00300	CHEMBL3185360
DB00300	CHEMBL4594453
DB00300	CHEMBL6068332
DB00300	CHEMBL6068341
DB00301	CHEMBL222645
DB00301	CHEMBL283053
DB00301	CHEMBL3187256
DB00302	CHEMBL877
DB00303	CHEMBL1232
DB00303	CHEMBL1359
DB00303	CHEMBL5314359
DB00304	CHEMBL1533
DB00305	CHEMBL105
DB00306	CHEMBL1200802
DB00307	CHEMBL1023
DB00307	CHEMBL5290401
DB00308	CHEMBL2355456
DB00308	CHEMBL3187455
DB00308	CHEMBL533
DB00309	CHEMBL238071
DB00309	CHEMBL3989543
DB00310	CHEMBL1055
DB00312	CHEMBL448
DB00312	CHEMBL971
DB00313	CHEMBL109
DB00313	CHEMBL2105613
DB00313	CHEMBL2315212
DB00313	CHEMBL433
DB00315	CHEMBL1185
DB00316	CHEMBL112
DB00317	CHEMBL939
DB00318	CHEMBL1201463
DB00318	CHEMBL1257022
DB00318	CHEMBL284671
DB00318	CHEMBL369475
DB00318	CHEMBL4297091
DB00318	CHEMBL485
DB00318	CHEMBL6067642
DB00319	CHEMBL1200820
DB00319	CHEMBL702
DB00320	CHEMBL1200517
DB00320	CHEMBL1732
DB00321	CHEMBL1200964
DB00321	CHEMBL629
DB00322	CHEMBL917
DB00323	CHEMBL1324
DB00324	CHEMBL1200600
DB00326	CHEMBL1237066
DB00327	CHEMBL1237055
DB00327	CHEMBL398707
DB00327	CHEMBL3989585
DB00328	CHEMBL2028292
DB00328	CHEMBL3989410
DB00328	CHEMBL4590319
DB00328	CHEMBL6
DB00330	CHEMBL1628240
DB00330	CHEMBL1788373
DB00330	CHEMBL3140361
DB00330	CHEMBL44884
DB00331	CHEMBL1431
DB00331	CHEMBL1703
DB00331	CHEMBL3094198
DB00332	CHEMBL1621597
DB00332	CHEMBL2134724
DB00332	CHEMBL3085123
DB00333	CHEMBL1200825
DB00333	CHEMBL651
DB00334	CHEMBL3989694
DB00334	CHEMBL715
DB00335	CHEMBL24
DB00336	CHEMBL1204113
DB00336	CHEMBL869
DB00337	CHEMBL1200686
DB00338	CHEMBL1503
DB00338	CHEMBL1567328
DB00338	CHEMBL2105294
DB00339	CHEMBL1091434
DB00339	CHEMBL614
DB00340	CHEMBL1200426
DB00340	CHEMBL1201342
DB00340	CHEMBL2359044
DB00341	CHEMBL1000
DB00341	CHEMBL1201113
DB00341	CHEMBL1607273
DB00343	CHEMBL1200805
DB00343	CHEMBL1697
DB00343	CHEMBL23
DB00344	CHEMBL1200332
DB00344	CHEMBL668
DB00345	CHEMBL1200365
DB00345	CHEMBL463
DB00346	CHEMBL1723
DB00346	CHEMBL709
DB00347	CHEMBL695
DB00348	CHEMBL1337
DB00349	CHEMBL70418
DB00350	CHEMBL802
DB00351	CHEMBL1201139
DB00352	CHEMBL727
DB00353	CHEMBL1200843
DB00353	CHEMBL1201356
DB00354	CHEMBL1200403
DB00354	CHEMBL1201271
DB00354	CHEMBL2360580
DB00355	CHEMBL158
DB00355	CHEMBL3833340
DB00356	CHEMBL1371
DB00357	CHEMBL488
DB00358	CHEMBL416956
DB00358	CHEMBL535650
DB00359	CHEMBL1200351
DB00359	CHEMBL1382627
DB00359	CHEMBL439
DB00360	CHEMBL1201774
DB00360	CHEMBL1201775
DB00360	CHEMBL1515624
DB00361	CHEMBL538943
DB00361	CHEMBL553025
DB00363	CHEMBL42
DB00363	CHEMBL538973
DB00366	CHEMBL1004
DB00366	CHEMBL1200392
DB00367	CHEMBL1389
DB00368	CHEMBL1356607
DB00368	CHEMBL1434513
DB00368	CHEMBL1437
DB00368	CHEMBL2130595
DB00368	CHEMBL2311152
DB00368	CHEMBL3248963
DB00368	CHEMBL3273169
DB00368	CHEMBL5087452
DB00369	CHEMBL152
DB00369	CHEMBL5314375
DB00370	CHEMBL5315116
DB00370	CHEMBL654
DB00371	CHEMBL979
DB00373	CHEMBL1200870
DB00373	CHEMBL499
DB00374	CHEMBL1237119
DB00374	CHEMBL2107815
DB00374	CHEMBL561157
DB00376	CHEMBL1092
DB00376	CHEMBL1490
DB00377	CHEMBL1189679
DB00377	CHEMBL1720
DB00378	CHEMBL1200853
DB00379	CHEMBL1200606
DB00379	CHEMBL558
DB00380	CHEMBL1200778
DB00380	CHEMBL1738
DB00381	CHEMBL1200402
DB00381	CHEMBL1200984
DB00381	CHEMBL1491
DB00381	CHEMBL4594262
DB00383	CHEMBL1200891
DB00383	CHEMBL1495
DB00384	CHEMBL585
DB00385	CHEMBL1096885
DB00387	CHEMBL1761
DB00387	CHEMBL86715
DB00388	CHEMBL1200339
DB00388	CHEMBL1215
DB00388	CHEMBL2062264
DB00389	CHEMBL508102
DB00390	CHEMBL1751
DB00391	CHEMBL26
DB00392	CHEMBL1200970
DB00392	CHEMBL1206
DB00393	CHEMBL1428
DB00394	CHEMBL1200500
DB00395	CHEMBL1233
DB00396	CHEMBL103
DB00397	CHEMBL1200695
DB00397	CHEMBL1201535
DB00397	CHEMBL2146104
DB00397	CHEMBL61006
DB00398	CHEMBL1200485
DB00398	CHEMBL1336
DB00398	CHEMBL1760433
DB00398	CHEMBL4297490
DB00399	CHEMBL2103912
DB00399	CHEMBL3989655
DB00399	CHEMBL4303669
DB00399	CHEMBL4746555
DB00399	CHEMBL924
DB00400	CHEMBL3794184
DB00400	CHEMBL562
DB00401	CHEMBL1726
DB00402	CHEMBL1522
DB00403	CHEMBL1200755
DB00403	CHEMBL1201355
DB00404	CHEMBL661
DB00405	CHEMBL1200638
DB00405	CHEMBL1201287
DB00406	CHEMBL459265
DB00406	CHEMBL64894
DB00408	CHEMBL1201060
DB00408	CHEMBL1201155
DB00408	CHEMBL831
DB00409	CHEMBL1899328
DB00409	CHEMBL22242
DB00409	CHEMBL3989556
DB00410	CHEMBL2068726
DB00410	CHEMBL3989715
DB00410	CHEMBL719
DB00411	CHEMBL14
DB00411	CHEMBL965
DB00412	CHEMBL121
DB00412	CHEMBL1704605
DB00412	CHEMBL843
DB00413	CHEMBL301265
DB00413	CHEMBL3143955
DB00413	CHEMBL3182733
DB00413	CHEMBL542257
DB00415	CHEMBL1078033
DB00415	CHEMBL1200758
DB00415	CHEMBL174
DB00415	CHEMBL453388
DB00417	CHEMBL1200852
DB00417	CHEMBL1396177
DB00417	CHEMBL2103963
DB00417	CHEMBL615
DB00418	CHEMBL1200903
DB00418	CHEMBL447
DB00419	CHEMBL1029
DB00419	CHEMBL1329690
DB00420	CHEMBL1200469
DB00420	CHEMBL564
DB00421	CHEMBL1393
DB00422	CHEMBL1722
DB00422	CHEMBL796
DB00423	CHEMBL1201117
DB00424	CHEMBL1331216
DB00424	CHEMBL1697729
DB00424	CHEMBL3989570
DB00425	CHEMBL1723343
DB00425	CHEMBL3989820
DB00425	CHEMBL911
DB00426	CHEMBL880
DB00427	CHEMBL1200450
DB00427	CHEMBL3188034
DB00427	CHEMBL855
DB00428	CHEMBL1977579
DB00429	CHEMBL1237105
DB00430	CHEMBL1200672
DB00430	CHEMBL1201204
DB00431	CHEMBL15891
DB00432	CHEMBL1129
DB00433	CHEMBL1201154
DB00433	CHEMBL1314751
DB00433	CHEMBL728
DB00434	CHEMBL1716
DB00434	CHEMBL516
DB00435	CHEMBL1200689
DB00436	CHEMBL1684
DB00437	CHEMBL1200477
DB00437	CHEMBL1467
DB00438	CHEMBL1200768
DB00438	CHEMBL3186392
DB00438	CHEMBL44354
DB00440	CHEMBL1201080
DB00440	CHEMBL1430611
DB00440	CHEMBL2110367
DB00440	CHEMBL22
DB00440	CHEMBL2237501
DB00440	CHEMBL2237502
DB00441	CHEMBL1637
DB00441	CHEMBL888
DB00442	CHEMBL5314362
DB00442	CHEMBL713
DB00443	CHEMBL632
DB00444	CHEMBL452231
DB00445	CHEMBL1200981
DB00445	CHEMBL417
DB00446	CHEMBL130
DB00446	CHEMBL2205638
DB00448	CHEMBL480
DB00449	CHEMBL1200833
DB00449	CHEMBL1201262
DB00450	CHEMBL1108
DB00451	CHEMBL1624
DB00451	CHEMBL2103741
DB00451	CHEMBL3989492
DB00451	CHEMBL3989736
DB00452	CHEMBL184618
DB00452	CHEMBL1950493
DB00452	CHEMBL3188205
DB00453	CHEMBL2106071
DB00454	CHEMBL1701
DB00454	CHEMBL429713
DB00454	CHEMBL607
DB00455	CHEMBL4092143
DB00455	CHEMBL998
DB00456	CHEMBL1632
DB00456	CHEMBL617
DB00457	CHEMBL1347191
DB00457	CHEMBL1558
DB00457	CHEMBL2
DB00458	CHEMBL11
DB00458	CHEMBL1692
DB00458	CHEMBL3989845
DB00459	CHEMBL1131
DB00461	CHEMBL1070
DB00462	CHEMBL1354199
DB00464	CHEMBL1200354
DB00465	CHEMBL1201124
DB00465	CHEMBL469
DB00467	CHEMBL826
DB00468	CHEMBL1201100
DB00468	CHEMBL170
DB00468	CHEMBL1899143
DB00468	CHEMBL2146083
DB00468	CHEMBL2146084
DB00468	CHEMBL2146088
DB00468	CHEMBL2146105
DB00468	CHEMBL2359966
DB00468	CHEMBL3229759
DB00468	CHEMBL3229764
DB00468	CHEMBL3706390
DB00468	CHEMBL3707252
DB00468	CHEMBL3707329
DB00468	CHEMBL3707332
DB00468	CHEMBL588046
DB00468	CHEMBL589001
DB00469	CHEMBL302795
DB00470	CHEMBL465
DB00471	CHEMBL1200681
DB00471	CHEMBL787
DB00472	CHEMBL1201082
DB00472	CHEMBL41
DB00473	CHEMBL1197
DB00473	CHEMBL1200715
DB00474	CHEMBL30219
DB00474	CHEMBL7413
DB00475	CHEMBL1200703
DB00475	CHEMBL451
DB00476	CHEMBL1175
DB00476	CHEMBL1200328
DB00477	CHEMBL1713
DB00477	CHEMBL71
DB00478	CHEMBL535396
DB00478	CHEMBL959
DB00479	CHEMBL1164318
DB00479	CHEMBL177
DB00479	CHEMBL1879513
DB00479	CHEMBL4208954
DB00479	CHEMBL4303360
DB00480	CHEMBL6068337
DB00480	CHEMBL848
DB00481	CHEMBL1116
DB00481	CHEMBL81
DB00482	CHEMBL118
DB00482	CHEMBL1801594
DB00482	CHEMBL395268
DB00483	CHEMBL1200993
DB00484	CHEMBL1200389
DB00484	CHEMBL2062257
DB00484	CHEMBL844
DB00485	CHEMBL1200701
DB00485	CHEMBL26570
DB00485	CHEMBL893
DB00487	CHEMBL1428564
DB00487	CHEMBL267648
DB00487	CHEMBL3763640
DB00488	CHEMBL1455
DB00489	CHEMBL1700
DB00489	CHEMBL471
DB00490	CHEMBL1200399
DB00490	CHEMBL49
DB00491	CHEMBL1561
DB00493	CHEMBL1010
DB00493	CHEMBL1730
DB00494	CHEMBL953
DB00495	CHEMBL129
DB00496	CHEMBL1200935
DB00496	CHEMBL1346
DB00497	CHEMBL1200890
DB00497	CHEMBL3989826
DB00497	CHEMBL656
DB00498	CHEMBL711
DB00499	CHEMBL806
DB00500	CHEMBL1020
DB00500	CHEMBL1200613
DB00500	CHEMBL1437585
DB00500	CHEMBL1556918
DB00501	CHEMBL1201051
DB00501	CHEMBL30
DB00502	CHEMBL1160253
DB00502	CHEMBL2096643
DB00502	CHEMBL2234294
DB00502	CHEMBL4297147
DB00502	CHEMBL54
DB00502	CHEMBL545608
DB00503	CHEMBL163
DB00504	CHEMBL1254682
DB00504	CHEMBL2062276
DB00507	CHEMBL1401
DB00508	CHEMBL1201102
DB00508	CHEMBL570
DB00509	CHEMBL1200777
DB00509	CHEMBL3545058
DB00509	CHEMBL559
DB00511	CHEMBL3545057
DB00512	CHEMBL1200628
DB00512	CHEMBL262777
DB00513	CHEMBL1046
DB00514	CHEMBL1201461
DB00514	CHEMBL1256818
DB00514	CHEMBL3989940
DB00514	CHEMBL3989946
DB00514	CHEMBL52440
DB00518	CHEMBL1483
DB00519	CHEMBL1519
DB00520	CHEMBL1630575
DB00520	CHEMBL5314378
DB00521	CHEMBL1201002
DB00521	CHEMBL839
DB00523	CHEMBL705
DB00524	CHEMBL878
DB00525	CHEMBL83668
DB00527	CHEMBL1086
DB00527	CHEMBL1200612
DB00528	CHEMBL2106419
DB00528	CHEMBL250270
DB00529	CHEMBL4063154
DB00529	CHEMBL666
DB00529	CHEMBL754
DB00530	CHEMBL1079742
DB00530	CHEMBL5220042
DB00530	CHEMBL553
DB00531	CHEMBL1200796
DB00531	CHEMBL2364721
DB00531	CHEMBL88
DB00535	CHEMBL927
DB00536	CHEMBL1200728
DB00536	CHEMBL3187576
DB00536	CHEMBL821
DB00537	CHEMBL1077975
DB00537	CHEMBL1202
DB00537	CHEMBL3764828
DB00537	CHEMBL4303345
DB00537	CHEMBL8
DB00539	CHEMBL1200675
DB00539	CHEMBL1655
DB00540	CHEMBL1201156
DB00540	CHEMBL445
DB00541	CHEMBL385978
DB00541	CHEMBL499458
DB00542	CHEMBL1694
DB00542	CHEMBL838
DB00543	CHEMBL1113
DB00544	CHEMBL185
DB00545	CHEMBL1115
DB00545	CHEMBL4303667
DB00545	CHEMBL812
DB00546	CHEMBL2106672
DB00546	CHEMBL328250
DB00547	CHEMBL1766
DB00548	CHEMBL1238
DB00549	CHEMBL603
DB00550	CHEMBL1518
DB00551	CHEMBL734
DB00552	CHEMBL1580
DB00553	CHEMBL416
DB00554	CHEMBL1418195
DB00554	CHEMBL2106953
DB00554	CHEMBL527
DB00555	CHEMBL741
DB00556	CHEMBL1663
DB00557	CHEMBL1200467
DB00557	CHEMBL1201007
DB00557	CHEMBL3186993
DB00557	CHEMBL896
DB00558	CHEMBL1673195
DB00558	CHEMBL222813
DB00558	CHEMBL3330707
DB00558	CHEMBL5315117
DB00558	CHEMBL57705
DB00559	CHEMBL175616
DB00559	CHEMBL957
DB00560	CHEMBL376140
DB00561	CHEMBL1200876
DB00561	CHEMBL1754
DB00561	CHEMBL3989519
DB00562	CHEMBL1201039
DB00563	CHEMBL1376974
DB00563	CHEMBL3244648
DB00563	CHEMBL34259
DB00564	CHEMBL108
DB00565	CHEMBL1200641
DB00565	CHEMBL1201248
DB00566	CHEMBL1201073
DB00567	CHEMBL1200366
DB00567	CHEMBL1200544
DB00567	CHEMBL1727
DB00568	CHEMBL43064
DB00569	CHEMBL1200644
DB00569	CHEMBL1201202
DB00570	CHEMBL159
DB00570	CHEMBL378544
DB00571	CHEMBL1671
DB00571	CHEMBL27
DB00572	CHEMBL1200752
DB00572	CHEMBL2146146
DB00572	CHEMBL3182372
DB00572	CHEMBL3185794
DB00572	CHEMBL517712
DB00573	CHEMBL1297
DB00573	CHEMBL138241
DB00573	CHEMBL2068720
DB00573	CHEMBL2103736
DB00575	CHEMBL134
DB00575	CHEMBL1705
DB00576	CHEMBL1191
DB00577	CHEMBL1201110
DB00577	CHEMBL1349
DB00578	CHEMBL1214
DB00578	CHEMBL2105992
DB00578	CHEMBL606260
DB00579	CHEMBL781
DB00581	CHEMBL1237068
DB00581	CHEMBL296306
DB00582	CHEMBL638
DB00583	CHEMBL1149
DB00584	CHEMBL1200659
DB00584	CHEMBL578
DB00585	CHEMBL3183075
DB00586	CHEMBL1034
DB00586	CHEMBL1200804
DB00586	CHEMBL1201180
DB00586	CHEMBL139
DB00586	CHEMBL3350449
DB00587	CHEMBL283754
DB00588	CHEMBL1473
DB00589	CHEMBL1257128
DB00589	CHEMBL157138
DB00590	CHEMBL1200561
DB00590	CHEMBL707
DB00591	CHEMBL989
DB00592	CHEMBL1412
DB00593	CHEMBL696
DB00594	CHEMBL1201085
DB00594	CHEMBL1398126
DB00594	CHEMBL540851
DB00594	CHEMBL945
DB00595	CHEMBL1517
DB00595	CHEMBL1607480
DB00595	CHEMBL1892210
DB00595	CHEMBL3989568
DB00596	CHEMBL1201360
DB00598	CHEMBL1200323
DB00598	CHEMBL429
DB00599	CHEMBL441
DB00599	CHEMBL738
DB00600	CHEMBL1388
DB00601	CHEMBL126
DB00603	CHEMBL717
DB00604	CHEMBL1546244
DB00604	CHEMBL560739
DB00605	CHEMBL15770
DB00606	CHEMBL61593
DB00607	CHEMBL1443
DB00607	CHEMBL1568276
DB00608	CHEMBL1669
DB00608	CHEMBL2052012
DB00608	CHEMBL2095223
DB00608	CHEMBL4297165
DB00608	CHEMBL5399629
DB00608	CHEMBL5411819
DB00608	CHEMBL5422185
DB00608	CHEMBL5427439
DB00608	CHEMBL5435980
DB00608	CHEMBL58510
DB00608	CHEMBL76
DB00609	CHEMBL1441
DB00610	CHEMBL1201319
DB00610	CHEMBL2062262
DB00610	CHEMBL2062343
DB00610	CHEMBL3184244
DB00610	CHEMBL4303541
DB00612	CHEMBL1472989
DB00612	CHEMBL645
DB00613	CHEMBL1357648
DB00613	CHEMBL1630
DB00613	CHEMBL1707005
DB00613	CHEMBL3137745
DB00613	CHEMBL3216010
DB00613	CHEMBL682
DB00614	CHEMBL1103
DB00615	CHEMBL444633
DB00616	CHEMBL35084
DB00617	CHEMBL1100
DB00618	CHEMBL1200474
DB00618	CHEMBL1591
DB00619	CHEMBL1642
DB00619	CHEMBL2386595
DB00619	CHEMBL941
DB00620	CHEMBL1451
DB00621	CHEMBL1200436
DB00622	CHEMBL1200326
DB00622	CHEMBL1484
DB00623	CHEMBL1200792
DB00623	CHEMBL1448187
DB00623	CHEMBL726
DB00624	CHEMBL386630
DB00625	CHEMBL223228
DB00626	CHEMBL1200558
DB00626	CHEMBL2096639
DB00627	CHEMBL573
DB00628	CHEMBL1213252
DB00628	CHEMBL2096631
DB00628	CHEMBL2106085
DB00629	CHEMBL1200560
DB00629	CHEMBL420
DB00630	CHEMBL2367465
DB00630	CHEMBL675
DB00630	CHEMBL870
DB00631	CHEMBL1750
DB00632	CHEMBL1200453
DB00633	CHEMBL2106195
DB00633	CHEMBL778
DB00634	CHEMBL1200416
DB00634	CHEMBL1723241
DB00634	CHEMBL455
DB00635	CHEMBL635
DB00636	CHEMBL565
DB00637	CHEMBL1788122
DB00637	CHEMBL296419
DB00639	CHEMBL1200398
DB00639	CHEMBL1295
DB00640	CHEMBL477
DB00641	CHEMBL1064
DB00642	CHEMBL225072
DB00642	CHEMBL2360464
DB00642	CHEMBL3989962
DB00642	CHEMBL5315053
DB00642	CHEMBL6068329
DB00642	CHEMBL6068335
DB00643	CHEMBL685
DB00645	CHEMBL1200478
DB00645	CHEMBL1201217
DB00646	CHEMBL3109319
DB00646	CHEMBL450895
DB00647	CHEMBL1213351
DB00647	CHEMBL1237104
DB00647	CHEMBL3989716
DB00648	CHEMBL1670
DB00649	CHEMBL991
DB00650	CHEMBL1201138
DB00650	CHEMBL1679
DB00650	CHEMBL3184463
DB00650	CHEMBL3707260
DB00651	CHEMBL1752
DB00652	CHEMBL100116
DB00652	CHEMBL3989509
DB00652	CHEMBL3989510
DB00652	CHEMBL5483020
DB00653	CHEMBL2021423
DB00653	CHEMBL3989857
DB00654	CHEMBL1051
DB00655	CHEMBL1405
DB00656	CHEMBL1200798
DB00656	CHEMBL621
DB00657	CHEMBL1237082
DB00657	CHEMBL267936
DB00659	CHEMBL1201293
DB00659	CHEMBL2068724
DB00660	CHEMBL1079604
DB00661	CHEMBL1280
DB00661	CHEMBL1707604
DB00661	CHEMBL483787
DB00661	CHEMBL6966
DB00662	CHEMBL1200887
DB00662	CHEMBL1201256
DB00663	CHEMBL1201392
DB00664	CHEMBL1525826
DB00665	CHEMBL1274
DB00668	CHEMBL1200818
DB00668	CHEMBL1256958
DB00668	CHEMBL227634
DB00668	CHEMBL3183376
DB00668	CHEMBL679
DB00669	CHEMBL1201150
DB00669	CHEMBL128
DB00670	CHEMBL1531864
DB00670	CHEMBL9967
DB00671	CHEMBL1541
DB00672	CHEMBL498
DB00673	CHEMBL1471
DB00674	CHEMBL1555
DB00674	CHEMBL3099484
DB00674	CHEMBL4467191
DB00674	CHEMBL659
DB00675	CHEMBL786
DB00675	CHEMBL83
DB00676	CHEMBL1239
DB00677	CHEMBL1025
DB00678	CHEMBL191
DB00678	CHEMBL367465
DB00678	CHEMBL995
DB00679	CHEMBL1200916
DB00679	CHEMBL479
DB00680	CHEMBL1075
DB00680	CHEMBL1200334
DB00681	CHEMBL267345
DB00682	CHEMBL1200772
DB00682	CHEMBL1200879
DB00682	CHEMBL1464
DB00683	CHEMBL1200420
DB00683	CHEMBL2106922
DB00683	CHEMBL655
DB00684	CHEMBL1200780
DB00684	CHEMBL1747
DB00684	CHEMBL3764429
DB00684	CHEMBL3989564
DB00685	CHEMBL1200779
DB00685	CHEMBL428
DB00686	CHEMBL4073796
DB00687	CHEMBL1201388
DB00688	CHEMBL1200955
DB00688	CHEMBL1456
DB00689	CHEMBL1200971
DB00690	CHEMBL3989724
DB00690	CHEMBL968
DB00691	CHEMBL1165
DB00691	CHEMBL1200534
DB00692	CHEMBL1200873
DB00692	CHEMBL1204146
DB00692	CHEMBL597
DB00693	CHEMBL1057
DB00693	CHEMBL1200433
DB00693	CHEMBL1628233
DB00694	CHEMBL1200475
DB00694	CHEMBL1563
DB00694	CHEMBL178
DB00695	CHEMBL1788133
DB00695	CHEMBL35
DB00696	CHEMBL2448612
DB00696	CHEMBL442
DB00697	CHEMBL1079
DB00697	CHEMBL1200329
DB00698	CHEMBL1201000
DB00698	CHEMBL572
DB00699	CHEMBL1372950
DB00700	CHEMBL1095097
DB00701	CHEMBL116
DB00703	CHEMBL19
DB00704	CHEMBL1201149
DB00704	CHEMBL19019
DB00704	CHEMBL4303313
DB00705	CHEMBL593
DB00705	CHEMBL929
DB00706	CHEMBL1200914
DB00706	CHEMBL836
DB00708	CHEMBL1201163
DB00708	CHEMBL4747678
DB00708	CHEMBL658
DB00709	CHEMBL141
DB00709	CHEMBL537885
DB00710	CHEMBL1201008
DB00710	CHEMBL3989569
DB00710	CHEMBL997
DB00711	CHEMBL684
DB00711	CHEMBL937
DB00712	CHEMBL1200990
DB00712	CHEMBL3989754
DB00712	CHEMBL5416694
DB00712	CHEMBL563
DB00713	CHEMBL3989567
DB00713	CHEMBL693
DB00713	CHEMBL819
DB00714	CHEMBL3187985
DB00714	CHEMBL53
DB00715	CHEMBL1200609
DB00715	CHEMBL1256912
DB00715	CHEMBL1449490
DB00715	CHEMBL1628650
DB00715	CHEMBL1708
DB00715	CHEMBL3133300
DB00715	CHEMBL490
DB00715	CHEMBL6067650
DB00716	CHEMBL2105133
DB00716	CHEMBL746
DB00716	CHEMBL915
DB00717	CHEMBL1162
DB00718	CHEMBL537884
DB00718	CHEMBL922
DB00719	CHEMBL3544908
DB00719	CHEMBL946
DB00720	CHEMBL12318
DB00720	CHEMBL1520188
DB00721	CHEMBL1200841
DB00721	CHEMBL569
DB00722	CHEMBL1237
DB00722	CHEMBL1729579
DB00722	CHEMBL419213
DB00723	CHEMBL1201103
DB00723	CHEMBL524
DB00724	CHEMBL1282
DB00726	CHEMBL1200948
DB00726	CHEMBL644
DB00727	CHEMBL730
DB00728	CHEMBL1200648
DB00728	CHEMBL1201244
DB00730	CHEMBL625
DB00731	CHEMBL783
DB00732	CHEMBL1200527
DB00733	CHEMBL1420
DB00733	CHEMBL14577
DB00733	CHEMBL2104739
DB00733	CHEMBL3335073
DB00733	CHEMBL748
DB00734	CHEMBL85
DB00736	CHEMBL1200470
DB00736	CHEMBL1201320
DB00736	CHEMBL2105642
DB00736	CHEMBL2146140
DB00736	CHEMBL5279304
DB00736	CHEMBL5314366
DB00737	CHEMBL1085765
DB00737	CHEMBL1200590
DB00737	CHEMBL1324020
DB00737	CHEMBL1623
DB00737	CHEMBL3989555
DB00738	CHEMBL361506
DB00738	CHEMBL494163
DB00738	CHEMBL543544
DB00738	CHEMBL55
DB00738	CHEMBL935
DB00739	CHEMBL1201116
DB00739	CHEMBL1201121
DB00740	CHEMBL1531817
DB00740	CHEMBL744
DB00741	CHEMBL389621
DB00742	CHEMBL689
DB00744	CHEMBL93
DB00745	CHEMBL1373
DB00746	CHEMBL1234
DB00746	CHEMBL2002581
DB00746	CHEMBL556
DB00747	CHEMBL1530287
DB00747	CHEMBL1877254
DB00747	CHEMBL2251240
DB00747	CHEMBL3185877
DB00747	CHEMBL569713
DB00748	CHEMBL1200974
DB00748	CHEMBL1519829
DB00748	CHEMBL864
DB00749	CHEMBL622
DB00750	CHEMBL1194
DB00750	CHEMBL1200586
DB00751	CHEMBL1106
DB00751	CHEMBL1200491
DB00752	CHEMBL313833
DB00752	CHEMBL542118
DB00753	CHEMBL1256
DB00754	CHEMBL1095
DB00755	CHEMBL2051965
DB00755	CHEMBL38
DB00756	CHEMBL496
DB00757	CHEMBL2368924
DB00757	CHEMBL2368925
DB00757	CHEMBL2373322
DB00758	CHEMBL1083385
DB00758	CHEMBL1771
DB00758	CHEMBL6068333
DB00758	CHEMBL6068338
DB00758	CHEMBL6068343
DB00759	CHEMBL1201071
DB00759	CHEMBL1440
DB00759	CHEMBL454950
DB00760	CHEMBL127
DB00760	CHEMBL4175954
DB00761	CHEMBL1200731
DB00761	CHEMBL2105895
DB00762	CHEMBL1200512
DB00762	CHEMBL3989514
DB00762	CHEMBL481
DB00762	CHEMBL541887
DB00763	CHEMBL1515
DB00764	CHEMBL1201404
DB00765	CHEMBL1200862
DB00766	CHEMBL1003
DB00766	CHEMBL777
DB00766	CHEMBL8290
DB00766	CHEMBL9306
DB00768	CHEMBL1189432
DB00768	CHEMBL1719
DB00769	CHEMBL1200635
DB00769	CHEMBL1201263
DB00770	CHEMBL495
DB00772	CHEMBL1200468
DB00773	CHEMBL44657
DB00774	CHEMBL1763
DB00775	CHEMBL1704
DB00775	CHEMBL3189072
DB00775	CHEMBL916
DB00776	CHEMBL1068
DB00777	CHEMBL1201068
DB00777	CHEMBL1201210
DB00778	CHEMBL1476500
DB00779	CHEMBL1255939
DB00779	CHEMBL1741367
DB00779	CHEMBL5
DB00780	CHEMBL1089
DB00780	CHEMBL1200895
DB00782	CHEMBL1180725
DB00782	CHEMBL1240
DB00783	CHEMBL135
DB00784	CHEMBL686
DB00786	CHEMBL279785
DB00787	CHEMBL1200380
DB00787	CHEMBL184
DB00788	CHEMBL1200806
DB00788	CHEMBL154
DB00790	CHEMBL1200343
DB00790	CHEMBL1581
DB00790	CHEMBL3544986
DB00791	CHEMBL1488
DB00792	CHEMBL1200446
DB00792	CHEMBL1200769
DB00792	CHEMBL1241
DB00793	CHEMBL1289
DB00794	CHEMBL856
DB00795	CHEMBL2311115
DB00795	CHEMBL3765414
DB00795	CHEMBL421
DB00796	CHEMBL1014
DB00797	CHEMBL1689
DB00797	CHEMBL770
DB00798	CHEMBL3039597
DB00799	CHEMBL1657
DB00800	CHEMBL1026
DB00800	CHEMBL1256646
DB00800	CHEMBL588
DB00801	CHEMBL970
DB00802	CHEMBL1200531
DB00802	CHEMBL634
DB00804	CHEMBL1123
DB00804	CHEMBL1200479
DB00805	CHEMBL1364551
DB00805	CHEMBL278819
DB00805	CHEMBL536932
DB00806	CHEMBL628
DB00807	CHEMBL1196
DB00807	CHEMBL1200464
DB00808	CHEMBL406
DB00809	CHEMBL1200604
DB00810	CHEMBL1101
DB00810	CHEMBL1201035
DB00810	CHEMBL1201067
DB00811	CHEMBL1643
DB00812	CHEMBL101
DB00812	CHEMBL3137687
DB00813	CHEMBL1201159
DB00813	CHEMBL596
DB00813	CHEMBL688
DB00814	CHEMBL1256873
DB00814	CHEMBL1898907
DB00814	CHEMBL599
DB00815	CHEMBL23393
DB00816	CHEMBL1568057
DB00816	CHEMBL1628446
DB00816	CHEMBL2164775
DB00816	CHEMBL776
DB00817	CHEMBL291157
DB00818	CHEMBL154232
DB00818	CHEMBL356637
DB00818	CHEMBL526
DB00819	CHEMBL1200814
DB00819	CHEMBL20
DB00819	CHEMBL542496
DB00820	CHEMBL779
DB00821	CHEMBL1316
DB00822	CHEMBL964
DB00823	CHEMBL1200624
DB00824	CHEMBL279898
DB00825	CHEMBL470670
DB00826	CHEMBL1200656
DB00827	CHEMBL1208
DB00828	CHEMBL1200331
DB00828	CHEMBL1256140
DB00828	CHEMBL1757
DB00828	CHEMBL2322189
DB00828	CHEMBL3188549
DB00828	CHEMBL4576729
DB00829	CHEMBL12
DB00829	CHEMBL543191
DB00830	CHEMBL1200483
DB00830	CHEMBL1201208
DB00831	CHEMBL1257040
DB00831	CHEMBL1710
DB00831	CHEMBL1726794
DB00831	CHEMBL422
DB00832	CHEMBL797
DB00833	CHEMBL1201018
DB00833	CHEMBL680
DB00834	CHEMBL1276308
DB00835	CHEMBL1200961
DB00835	CHEMBL811
DB00836	CHEMBL1707
DB00836	CHEMBL841
DB00839	CHEMBL817
DB00841	CHEMBL1200418
DB00841	CHEMBL4297079
DB00841	CHEMBL926
DB00842	CHEMBL3251468
DB00842	CHEMBL568
DB00843	CHEMBL1678
DB00843	CHEMBL2171854
DB00843	CHEMBL2337271
DB00843	CHEMBL502
DB00844	CHEMBL1201132
DB00844	CHEMBL1396398
DB00844	CHEMBL895
DB00846	CHEMBL1201012
DB00847	CHEMBL1200577
DB00847	CHEMBL1256137
DB00847	CHEMBL2062263
DB00847	CHEMBL3763421
DB00847	CHEMBL602
DB00849	CHEMBL45029
DB00850	CHEMBL567
DB00851	CHEMBL476
DB00852	CHEMBL1200724
DB00852	CHEMBL1201483
DB00852	CHEMBL1590
DB00852	CHEMBL3989855
DB00853	CHEMBL810
DB00854	CHEMBL1628243
DB00854	CHEMBL2062261
DB00854	CHEMBL3249801
DB00854	CHEMBL3989768
DB00854	CHEMBL592
DB00855	CHEMBL1200582
DB00855	CHEMBL18851
DB00855	CHEMBL3350389
DB00855	CHEMBL3350765
DB00855	CHEMBL601
DB00856	CHEMBL388751
DB00857	CHEMBL1200832
DB00857	CHEMBL822
DB00858	CHEMBL1582
DB00859	CHEMBL1430
DB00859	CHEMBL1469737
DB00860	CHEMBL131
DB00861	CHEMBL4745456
DB00861	CHEMBL898
DB00862	CHEMBL1339
DB00862	CHEMBL1520
DB00862	CHEMBL1874590
DB00862	CHEMBL2106480
DB00862	CHEMBL5715931
DB00863	CHEMBL1790041
DB00863	CHEMBL2110372
DB00863	CHEMBL2111286
DB00864	CHEMBL269732
DB00864	CHEMBL3989887
DB00865	CHEMBL3544906
DB00865	CHEMBL3545985
DB00866	CHEMBL1256179
DB00866	CHEMBL266195
DB00866	CHEMBL3249366
DB00867	CHEMBL1376064
DB00867	CHEMBL489553
DB00868	CHEMBL1374379
DB00869	CHEMBL1201162
DB00869	CHEMBL218490
DB00870	CHEMBL956
DB00871	CHEMBL1160544
DB00871	CHEMBL1315867
DB00871	CHEMBL1760
DB00872	CHEMBL1201108
DB00872	CHEMBL1755
DB00874	CHEMBL980
DB00875	CHEMBL1256995
DB00875	CHEMBL1496351
DB00875	CHEMBL54661
DB00876	CHEMBL1200987
DB00876	CHEMBL813
DB00877	CHEMBL413
DB00878	CHEMBL1330113
DB00878	CHEMBL1484251
DB00878	CHEMBL1628
DB00878	CHEMBL2106050
DB00878	CHEMBL4297088
DB00878	CHEMBL486819
DB00878	CHEMBL790
DB00879	CHEMBL885
DB00880	CHEMBL1200616
DB00880	CHEMBL842
DB00881	CHEMBL1201011
DB00881	CHEMBL1592
DB00882	CHEMBL2355051
DB00882	CHEMBL3185958
DB00883	CHEMBL6622
DB00884	CHEMBL1654
DB00884	CHEMBL3560765
DB00884	CHEMBL4303174
DB00884	CHEMBL923
DB00885	CHEMBL1201050
DB00885	CHEMBL1201198
DB00887	CHEMBL1072
DB00888	CHEMBL1201001
DB00888	CHEMBL427
DB00889	CHEMBL1290003
DB00889	CHEMBL1900758
DB00890	CHEMBL1018
DB00891	CHEMBL2105500
DB00891	CHEMBL700
DB00892	CHEMBL1200
DB00892	CHEMBL1200654
DB00894	CHEMBL1571
DB00896	CHEMBL1200617
DB00897	CHEMBL646
DB00898	CHEMBL545
DB00899	CHEMBL1005
DB00899	CHEMBL1201120
DB00900	CHEMBL1460
DB00902	CHEMBL1200532
DB00902	CHEMBL1200959
DB00903	CHEMBL1200487
DB00903	CHEMBL456
DB00904	CHEMBL1201111
DB00904	CHEMBL1487310
DB00904	CHEMBL3186492
DB00904	CHEMBL46
DB00905	CHEMBL1200963
DB00906	CHEMBL1027
DB00906	CHEMBL1695
DB00907	CHEMBL370805
DB00907	CHEMBL529437
DB00908	CHEMBL1200437
DB00908	CHEMBL1294
DB00908	CHEMBL1435413
DB00908	CHEMBL2068675
DB00908	CHEMBL2165709
DB00908	CHEMBL3707183
DB00909	CHEMBL1596271
DB00909	CHEMBL750
DB00910	CHEMBL1200622
DB00911	CHEMBL1220
DB00912	CHEMBL1272
DB00913	CHEMBL1200543
DB00913	CHEMBL1201047
DB00913	CHEMBL1201347
DB00914	CHEMBL1528839
DB00914	CHEMBL170988
DB00914	CHEMBL2348409
DB00915	CHEMBL1445834
DB00915	CHEMBL1569
DB00915	CHEMBL465617
DB00915	CHEMBL660
DB00916	CHEMBL1200869
DB00916	CHEMBL137
DB00917	CHEMBL548
DB00918	CHEMBL1200521
DB00918	CHEMBL1505
DB00919	CHEMBL1167
DB00919	CHEMBL1200407
DB00919	CHEMBL1443447
DB00919	CHEMBL1969020
DB00919	CHEMBL3184600
DB00919	CHEMBL3989571
DB00919	CHEMBL4543601
DB00920	CHEMBL1633
DB00920	CHEMBL534
DB00922	CHEMBL2051955
DB00923	CHEMBL1201046
DB00924	CHEMBL1200636
DB00924	CHEMBL669
DB00925	CHEMBL1200787
DB00925	CHEMBL753
DB00927	CHEMBL902
DB00928	CHEMBL1489
DB00928	CHEMBL3250420
DB00928	CHEMBL3250421
DB00929	CHEMBL606
DB00931	CHEMBL2146123
DB00931	CHEMBL249837
DB00932	CHEMBL2103936
DB00932	CHEMBL222559
DB00932	CHEMBL445699
DB00933	CHEMBL1088
DB00933	CHEMBL1201052
DB00934	CHEMBL1237135
DB00934	CHEMBL21731
DB00935	CHEMBL1200791
DB00935	CHEMBL762
DB00936	CHEMBL3137698
DB00936	CHEMBL424
DB00937	CHEMBL1194666
DB00937	CHEMBL1693
DB00938	CHEMBL1082607
DB00938	CHEMBL1263
DB00938	CHEMBL3126379
DB00939	CHEMBL1562610
DB00939	CHEMBL509
DB00939	CHEMBL876
DB00940	CHEMBL1200988
DB00940	CHEMBL1201264
DB00941	CHEMBL1200933
DB00941	CHEMBL1201349
DB00942	CHEMBL1200828
DB00942	CHEMBL1201227
DB00943	CHEMBL853
DB00944	CHEMBL1200514
DB00944	CHEMBL1201229
DB00945	CHEMBL1697753
DB00945	CHEMBL2296002
DB00945	CHEMBL25
DB00946	CHEMBL1465
DB00947	CHEMBL1358
DB00948	CHEMBL1697708
DB00948	CHEMBL1731
DB00949	CHEMBL1094
DB00949	CHEMBL2130858
DB00950	CHEMBL1200618
DB00950	CHEMBL914
DB00951	CHEMBL1090644
DB00951	CHEMBL1091433
DB00951	CHEMBL64
DB00952	CHEMBL1200601
DB00952	CHEMBL1278
DB00953	CHEMBL1201032
DB00953	CHEMBL3989629
DB00953	CHEMBL905
DB00954	CHEMBL1237072
DB00955	CHEMBL1572
DB00955	CHEMBL3989829
DB00956	CHEMBL1201470
DB00956	CHEMBL1457
DB00956	CHEMBL2062267
DB00956	CHEMBL2135756
DB00956	CHEMBL3182640
DB00956	CHEMBL3989677
DB00957	CHEMBL1200934
DB00959	CHEMBL1200844
DB00959	CHEMBL650
DB00960	CHEMBL500
DB00961	CHEMBL1087
DB00961	CHEMBL1200440
DB00962	CHEMBL1521
DB00963	CHEMBL1077
DB00963	CHEMBL3181947
DB00964	CHEMBL1200379
DB00964	CHEMBL647
DB00966	CHEMBL1017
DB00967	CHEMBL1172
DB00968	CHEMBL1591707
DB00968	CHEMBL4063475
DB00968	CHEMBL459
DB00969	CHEMBL1110
DB00969	CHEMBL1200885
DB00970	CHEMBL1554
DB00971	CHEMBL1200680
DB00972	CHEMBL1200809
DB00972	CHEMBL639
DB00973	CHEMBL1138
DB00974	CHEMBL858
DB00975	CHEMBL932
DB00976	CHEMBL1136
DB00977	CHEMBL691
DB00978	CHEMBL1728
DB00978	CHEMBL2106827
DB00978	CHEMBL3765217
DB00978	CHEMBL561
DB00979	CHEMBL1200473
DB00979	CHEMBL1201338
DB00980	CHEMBL1218
DB00981	CHEMBL2105891
DB00981	CHEMBL338975
DB00981	CHEMBL537674
DB00981	CHEMBL94
DB00982	CHEMBL547
DB00983	CHEMBL1256786
DB00983	CHEMBL1893395
DB00983	CHEMBL2133469
DB00983	CHEMBL3989798
DB00984	CHEMBL1200412
DB00985	CHEMBL1200406
DB00986	CHEMBL1201027
DB00986	CHEMBL1201335
DB00986	CHEMBL3707243
DB00987	CHEMBL1256472
DB00987	CHEMBL803
DB00988	CHEMBL1557
DB00988	CHEMBL3247442
DB00988	CHEMBL59
DB00989	CHEMBL1201092
DB00989	CHEMBL3187096
DB00989	CHEMBL636
DB00990	CHEMBL1200374
DB00991	CHEMBL1071
DB00991	CHEMBL1200463
DB00992	CHEMBL1096562
DB00992	CHEMBL1201093
DB00993	CHEMBL1200400
DB00993	CHEMBL1542
DB00993	CHEMBL3785780
DB00993	CHEMBL3785814
DB00996	CHEMBL940
DB00997	CHEMBL216371
DB00997	CHEMBL272706
DB00997	CHEMBL359744
DB00997	CHEMBL53463
DB00998	CHEMBL1200371
DB00998	CHEMBL1279
DB00998	CHEMBL2138684
DB00999	CHEMBL435
DB01000	CHEMBL1200356
DB01001	CHEMBL1201026
DB01001	CHEMBL1437301
DB01001	CHEMBL1441059
DB01001	CHEMBL714
DB01002	CHEMBL1200749
DB01002	CHEMBL1201193
DB01003	CHEMBL351631
DB01003	CHEMBL428880
DB01003	CHEMBL4797821
DB01003	CHEMBL74
DB01004	CHEMBL1200850
DB01004	CHEMBL182
DB01005	CHEMBL467
DB01006	CHEMBL1444
DB01007	CHEMBL1200438
DB01008	CHEMBL820
DB01009	CHEMBL341922
DB01009	CHEMBL4650345
DB01009	CHEMBL571
DB01010	CHEMBL1104
DB01010	CHEMBL1128
DB01010	CHEMBL60745
DB01011	CHEMBL3989720
DB01011	CHEMBL934
DB01012	CHEMBL1200776
DB01012	CHEMBL1201284
DB01013	CHEMBL1159650
DB01014	CHEMBL1200760
DB01014	CHEMBL1201346
DB01015	CHEMBL443
DB01016	CHEMBL472
DB01017	CHEMBL1200881
DB01017	CHEMBL1434
DB01018	CHEMBL1200494
DB01018	CHEMBL862
DB01019	CHEMBL1482
DB01019	CHEMBL1768
DB01020	CHEMBL1311
DB01021	CHEMBL1054
DB01022	CHEMBL1550
DB01023	CHEMBL1480
DB01024	CHEMBL2106643
DB01024	CHEMBL866
DB01025	CHEMBL1096
DB01026	CHEMBL157101
DB01028	CHEMBL1341
DB01029	CHEMBL1513
DB01029	CHEMBL6068339
DB01030	CHEMBL1607
DB01030	CHEMBL84
DB01031	CHEMBL1576
DB01032	CHEMBL897
DB01033	CHEMBL1200751
DB01033	CHEMBL1425
DB01034	CHEMBL45627
DB01035	CHEMBL605
DB01035	CHEMBL640
DB01036	CHEMBL1200871
DB01036	CHEMBL1382
DB01036	CHEMBL1722209
DB01037	CHEMBL1200904
DB01037	CHEMBL5194110
DB01037	CHEMBL972
DB01039	CHEMBL672
DB01041	CHEMBL468
DB01042	CHEMBL1200863
DB01042	CHEMBL852
DB01043	CHEMBL1699
DB01043	CHEMBL1882685
DB01043	CHEMBL807
DB01044	CHEMBL1974188
DB01044	CHEMBL31
DB01044	CHEMBL3764608
DB01045	CHEMBL374478
DB01046	CHEMBL1201134
DB01047	CHEMBL1501
DB01048	CHEMBL1380
DB01048	CHEMBL2106686
DB01048	CHEMBL4303288
DB01050	CHEMBL1201141
DB01050	CHEMBL1241153
DB01050	CHEMBL3989408
DB01050	CHEMBL4594450
DB01050	CHEMBL5201530
DB01050	CHEMBL521
DB01051	CHEMBL3183453
DB01051	CHEMBL3544972
DB01051	CHEMBL36506
DB01053	CHEMBL1126
DB01053	CHEMBL1200651
DB01053	CHEMBL1223
DB01053	CHEMBL2105364
DB01053	CHEMBL2107679
DB01053	CHEMBL29
DB01053	CHEMBL3182097
DB01053	CHEMBL3989515
DB01054	CHEMBL475534
DB01055	CHEMBL245416
DB01056	CHEMBL1200773
DB01056	CHEMBL1762
DB01057	CHEMBL1200367
DB01057	CHEMBL1201341
DB01058	CHEMBL976
DB01059	CHEMBL4635810
DB01059	CHEMBL9
DB01060	CHEMBL1082
DB01060	CHEMBL2105950
DB01061	CHEMBL1201041
DB01061	CHEMBL1537
DB01062	CHEMBL1133
DB01062	CHEMBL1231
DB01063	CHEMBL1085
DB01063	CHEMBL2360079
DB01064	CHEMBL1711
DB01064	CHEMBL3989521
DB01064	CHEMBL434
DB01065	CHEMBL45
DB01066	CHEMBL1743
DB01066	CHEMBL6145714
DB01067	CHEMBL1073
DB01068	CHEMBL452
DB01069	CHEMBL1200750
DB01069	CHEMBL643
DB01070	CHEMBL2356023
DB01071	CHEMBL73451
DB01072	CHEMBL1163
DB01072	CHEMBL1200678
DB01073	CHEMBL1568
DB01074	CHEMBL1334033
DB01074	CHEMBL75880
DB01075	CHEMBL1201089
DB01075	CHEMBL1620
DB01075	CHEMBL657
DB01076	CHEMBL1487
DB01076	CHEMBL3349878
DB01076	CHEMBL393220
DB01077	CHEMBL1201042
DB01077	CHEMBL1874205
DB01077	CHEMBL871
DB01078	CHEMBL1614
DB01080	CHEMBL4303352
DB01080	CHEMBL89598
DB01081	CHEMBL1200665
DB01081	CHEMBL1201294
DB01082	CHEMBL3184791
DB01082	CHEMBL372795
DB01083	CHEMBL175247
DB01084	CHEMBL2103739
DB01084	CHEMBL594
DB01085	CHEMBL1200330
DB01085	CHEMBL1213136
DB01085	CHEMBL550
DB01086	CHEMBL278172
DB01087	CHEMBL3217110
DB01087	CHEMBL43128
DB01087	CHEMBL506
DB01088	CHEMBL494
DB01088	CHEMBL5315118
DB01089	CHEMBL1200515
DB01090	CHEMBL118902
DB01090	CHEMBL1271
DB01090	CHEMBL1318287
DB01090	CHEMBL1356989
DB01091	CHEMBL1200397
DB01091	CHEMBL990
DB01092	CHEMBL1357246
DB01092	CHEMBL1889436
DB01092	CHEMBL222863
DB01093	CHEMBL504
DB01094	CHEMBL399121
DB01095	CHEMBL2218894
DB01095	CHEMBL2220442
DB01096	CHEMBL847
DB01097	CHEMBL960
DB01098	CHEMBL1496
DB01098	CHEMBL1744447
DB01099	CHEMBL1463
DB01100	CHEMBL1423
DB01101	CHEMBL1773
DB01102	CHEMBL1200385
DB01102	CHEMBL1201251
DB01103	CHEMBL2105615
DB01103	CHEMBL546257
DB01103	CHEMBL554190
DB01103	CHEMBL556980
DB01103	CHEMBL7568
DB01104	CHEMBL1709
DB01104	CHEMBL809
DB01105	CHEMBL1200765
DB01105	CHEMBL1419
DB01105	CHEMBL3989830
DB01106	CHEMBL1237102
DB01106	CHEMBL1615438
DB01107	CHEMBL1200790
DB01108	CHEMBL1200907
DB01110	CHEMBL1559
DB01110	CHEMBL4578119
DB01110	CHEMBL91
DB01112	CHEMBL1436
DB01112	CHEMBL2146124
DB01113	CHEMBL19224
DB01113	CHEMBL5278358
DB01113	CHEMBL98123
DB01114	CHEMBL1201659
DB01114	CHEMBL1659
DB01114	CHEMBL180454
DB01114	CHEMBL505
DB01115	CHEMBL193
DB01116	CHEMBL1201329
DB01116	CHEMBL1245
DB01117	CHEMBL1450
DB01118	CHEMBL1083993
DB01118	CHEMBL633
DB01119	CHEMBL181
DB01119	CHEMBL4297276
DB01121	CHEMBL918
DB01122	CHEMBL1200541
DB01122	CHEMBL1652
DB01123	CHEMBL1964546
DB01123	CHEMBL2105299
DB01123	CHEMBL3186253
DB01123	CHEMBL465704
DB01123	CHEMBL5307072
DB01123	CHEMBL55400
DB01123	CHEMBL606782
DB01124	CHEMBL1200874
DB01124	CHEMBL782
DB01125	CHEMBL712
DB01126	CHEMBL1200969
DB01127	CHEMBL1201049
DB01127	CHEMBL808
DB01128	CHEMBL409
DB01129	CHEMBL1200930
DB01129	CHEMBL1219
DB01129	CHEMBL4303515
DB01130	CHEMBL1200386
DB01131	CHEMBL1201059
DB01131	CHEMBL1377
DB01132	CHEMBL1715
DB01132	CHEMBL595
DB01133	CHEMBL1200448
DB01133	CHEMBL1350
DB01135	CHEMBL1237099
DB01135	CHEMBL1237123
DB01136	CHEMBL1201167
DB01136	CHEMBL1437006
DB01136	CHEMBL723
DB01137	CHEMBL2237108
DB01137	CHEMBL33
DB01137	CHEMBL5315124
DB01138	CHEMBL832
DB01139	CHEMBL1201043
DB01139	CHEMBL1599
DB01139	CHEMBL3989837
DB01140	CHEMBL1644
DB01141	CHEMBL1237070
DB01141	CHEMBL457547
DB01142	CHEMBL1628227
DB01142	CHEMBL1628234
DB01143	CHEMBL1006
DB01144	CHEMBL17
DB01145	CHEMBL1200580
DB01145	CHEMBL1570
DB01146	CHEMBL1492
DB01146	CHEMBL1564
DB01147	CHEMBL1200388
DB01147	CHEMBL262636
DB01147	CHEMBL3989531
DB01147	CHEMBL891
DB01148	CHEMBL1200875
DB01148	CHEMBL1493
DB01149	CHEMBL1200492
DB01149	CHEMBL623
DB01150	CHEMBL3301800
DB01151	CHEMBL1696
DB01151	CHEMBL227644
DB01151	CHEMBL72
DB01153	CHEMBL1200725
DB01153	CHEMBL1201196
DB01154	CHEMBL1201065
DB01154	CHEMBL440
DB01155	CHEMBL1200621
DB01155	CHEMBL430
DB01156	CHEMBL1201735
DB01156	CHEMBL1698
DB01156	CHEMBL894
DB01157	CHEMBL119
DB01157	CHEMBL2218878
DB01157	CHEMBL2358886
DB01157	CHEMBL3392303
DB01158	CHEMBL1095292
DB01158	CHEMBL1199080
DB01159	CHEMBL3250431
DB01159	CHEMBL5418247
DB01159	CHEMBL931
DB01160	CHEMBL1200896
DB01161	CHEMBL1179047
DB01161	CHEMBL944
DB01162	CHEMBL1201091
DB01162	CHEMBL1256665
DB01162	CHEMBL3989562
DB01162	CHEMBL611
DB01164	CHEMBL1200668
DB01164	CHEMBL2106539
DB01164	CHEMBL2107795
DB01165	CHEMBL4
DB01165	CHEMBL556371
DB01166	CHEMBL799
DB01168	CHEMBL1200410
DB01168	CHEMBL1321
DB01168	CHEMBL5715253
DB01170	CHEMBL1345
DB01170	CHEMBL2051958
DB01170	CHEMBL3560112
DB01170	CHEMBL765
DB01171	CHEMBL86304
DB01172	CHEMBL1384
DB01172	CHEMBL1446
DB01172	CHEMBL4751482
DB01173	CHEMBL1200395
DB01173	CHEMBL1201023
DB01173	CHEMBL900
DB01174	CHEMBL149972
DB01174	CHEMBL40
DB01174	CHEMBL545356
DB01175	CHEMBL1200322
DB01175	CHEMBL1508
DB01176	CHEMBL1200497
DB01176	CHEMBL1324714
DB01176	CHEMBL3189137
DB01176	CHEMBL648
DB01177	CHEMBL1117
DB01177	CHEMBL1200976
DB01178	CHEMBL1200714
DB01179	CHEMBL61
DB01180	CHEMBL3182071
DB01181	CHEMBL1024
DB01181	CHEMBL342466
DB01182	CHEMBL1201063
DB01182	CHEMBL631
DB01183	CHEMBL1512507
DB01183	CHEMBL1718
DB01183	CHEMBL3186613
DB01183	CHEMBL5315056
DB01183	CHEMBL80
DB01184	CHEMBL219916
DB01184	CHEMBL3436365
DB01184	CHEMBL4594380
DB01185	CHEMBL1445
DB01186	CHEMBL1275
DB01186	CHEMBL531
DB01188	CHEMBL1413
DB01188	CHEMBL242580
DB01189	CHEMBL1200733
DB01190	CHEMBL1200588
DB01190	CHEMBL1753
DB01191	CHEMBL1887891
DB01191	CHEMBL248702
DB01192	CHEMBL1200794
DB01192	CHEMBL963
DB01193	CHEMBL1200813
DB01193	CHEMBL642
DB01194	CHEMBL220491
DB01195	CHEMBL1200822
DB01195	CHEMBL4591096
DB01195	CHEMBL652
DB01196	CHEMBL1575
DB01197	CHEMBL1560
DB01198	CHEMBL135400
DB01199	CHEMBL1687
DB01199	CHEMBL292280
DB01199	CHEMBL339427
DB01199	CHEMBL3989821
DB01200	CHEMBL1200503
DB01200	CHEMBL1255752
DB01200	CHEMBL493
DB01201	CHEMBL1660
DB01202	CHEMBL1286
DB01204	CHEMBL1200827
DB01204	CHEMBL1417019
DB01204	CHEMBL58
DB01205	CHEMBL407
DB01205	CHEMBL5400970
DB01205	CHEMBL5413203
DB01206	CHEMBL3250423
DB01206	CHEMBL3250424
DB01206	CHEMBL3250425
DB01206	CHEMBL514
DB01207	CHEMBL280728
DB01208	CHEMBL850
DB01209	CHEMBL1685
DB01210	CHEMBL1201177
DB01210	CHEMBL1201237
DB01211	CHEMBL1741
DB01212	CHEMBL161
DB01212	CHEMBL4101392
DB01212	CHEMBL6067656
DB01213	CHEMBL1256285
DB01213	CHEMBL1308
DB01214	CHEMBL1200947
DB01214	CHEMBL1291
DB01215	CHEMBL285674
DB01216	CHEMBL710
DB01217	CHEMBL1399
DB01218	CHEMBL1107
DB01218	CHEMBL1200901
DB01218	CHEMBL1966423
DB01219	CHEMBL1201288
DB01219	CHEMBL2067986
DB01219	CHEMBL928
DB01220	CHEMBL1617
DB01221	CHEMBL1714
DB01221	CHEMBL742
DB01222	CHEMBL1370
DB01223	CHEMBL1370561
DB01224	CHEMBL1200911
DB01224	CHEMBL3188993
DB01224	CHEMBL716
DB01226	CHEMBL1182833
DB01226	CHEMBL984
DB01227	CHEMBL1200817
DB01227	CHEMBL1514
DB01228	CHEMBL2106155
DB01228	CHEMBL315838
DB01229	CHEMBL428647
DB01231	CHEMBL1529
DB01231	CHEMBL2105784
DB01231	CHEMBL936
DB01232	CHEMBL114
DB01232	CHEMBL282042
DB01233	CHEMBL1200940
DB01233	CHEMBL1256771
DB01233	CHEMBL86
DB01234	CHEMBL384467
DB01235	CHEMBL1009
DB01236	CHEMBL1200694
DB01236	CHEMBL5394621
DB01237	CHEMBL1200967
DB01237	CHEMBL1201245
DB01238	CHEMBL1112
DB01239	CHEMBL1256658
DB01239	CHEMBL908
DB01240	CHEMBL1139
DB01240	CHEMBL962
DB01241	CHEMBL457
DB01242	CHEMBL1200710
DB01242	CHEMBL415
DB01243	CHEMBL1200596
DB01244	CHEMBL1008
DB01244	CHEMBL1200382
DB01244	CHEMBL1257078
DB01245	CHEMBL1134
DB01245	CHEMBL1190
DB01246	CHEMBL1713082
DB01246	CHEMBL3989885
DB01246	CHEMBL4785767
DB01246	CHEMBL829
DB01247	CHEMBL1201168
DB01248	CHEMBL3545252
DB01248	CHEMBL92
DB01249	CHEMBL1200507
DB01250	CHEMBL1201013
DB01250	CHEMBL425
DB01251	CHEMBL383634
DB01252	CHEMBL1603301
DB01252	CHEMBL471498
DB01253	CHEMBL119443
DB01253	CHEMBL1213135
DB01254	CHEMBL1421
DB01254	CHEMBL5314601
DB01254	CHEMBL5416410
DB01255	CHEMBL1201178
DB01255	CHEMBL1201222
DB01256	CHEMBL1658
DB01259	CHEMBL1076241
DB01259	CHEMBL1201179
DB01259	CHEMBL1201183
DB01259	CHEMBL3526325
DB01259	CHEMBL554
DB01260	CHEMBL1201109
DB01261	CHEMBL1201174
DB01261	CHEMBL1422
DB01261	CHEMBL393336
DB01261	CHEMBL5315049
DB01261	CHEMBL539077
DB01261	CHEMBL6068334
DB01262	CHEMBL1201129
DB01263	CHEMBL1397
DB01263	CHEMBL1908108
DB01263	CHEMBL4303216
DB01264	CHEMBL1201127
DB01264	CHEMBL1323
DB01265	CHEMBL374731
DB01267	CHEMBL1621
DB01268	CHEMBL1567
DB01268	CHEMBL3109278
DB01268	CHEMBL3542310
DB01268	CHEMBL535
DB01274	CHEMBL1200811
DB01274	CHEMBL1363
DB01274	CHEMBL1951071
DB01274	CHEMBL3184383
DB01274	CHEMBL605993
DB01275	CHEMBL276832
DB01275	CHEMBL542541
DB01280	CHEMBL1201112
DB01282	CHEMBL3301668
DB01283	CHEMBL404108
DB01288	CHEMBL32800
DB01288	CHEMBL537445
DB01289	CHEMBL2106618
DB01291	CHEMBL1094966
DB01291	CHEMBL1200444
DB01291	CHEMBL1997417
DB01291	CHEMBL3989646
DB01295	CHEMBL2106060
DB01295	CHEMBL314010
DB01296	CHEMBL1707007
DB01296	CHEMBL3989618
DB01296	CHEMBL3989707
DB01296	CHEMBL3989750
DB01296	CHEMBL493287
DB01297	CHEMBL6995
DB01298	CHEMBL1201056
DB01299	CHEMBL1539
DB01301	CHEMBL1237046
DB01301	CHEMBL2105868
DB01303	CHEMBL1200434
DB01319	CHEMBL1200734
DB01319	CHEMBL1664
DB01319	CHEMBL2106751
DB01320	CHEMBL1201336
DB01320	CHEMBL5205794
DB01320	CHEMBL919
DB01321	CHEMBL224436
DB01324	CHEMBL1587
DB01325	CHEMBL1532
DB01326	CHEMBL1146
DB01326	CHEMBL1360024
DB01326	CHEMBL3230485
DB01327	CHEMBL1200523
DB01327	CHEMBL1435
DB01328	CHEMBL1201005
DB01328	CHEMBL1601
DB01328	CHEMBL2105997
DB01329	CHEMBL1200482
DB01329	CHEMBL1551899
DB01329	CHEMBL1697715
DB01329	CHEMBL507674
DB01330	CHEMBL1201098
DB01330	CHEMBL474579
DB01331	CHEMBL1200530
DB01331	CHEMBL996
DB01332	CHEMBL1201019
DB01332	CHEMBL528
DB01333	CHEMBL1604
DB01333	CHEMBL4303427
DB01336	CHEMBL1259
DB01336	CHEMBL1739
DB01336	CHEMBL2105841
DB01337	CHEMBL1200757
DB01337	CHEMBL185073
DB01338	CHEMBL1200722
DB01338	CHEMBL1201206
DB01339	CHEMBL1200629
DB01339	CHEMBL1201219
DB01340	CHEMBL515606
DB01342	CHEMBL315021
DB01347	CHEMBL305544
DB01347	CHEMBL3989726
DB01348	CHEMBL1200831
DB01348	CHEMBL431
DB01349	CHEMBL432162
DB01351	CHEMBL2105941
DB01351	CHEMBL267894
DB01352	CHEMBL7863
DB01353	CHEMBL404422
DB01354	CHEMBL468837
DB01355	CHEMBL2104880
DB01355	CHEMBL7728
DB01356	CHEMBL1234004
DB01357	CHEMBL1201151
DB01359	CHEMBL1290
DB01359	CHEMBL2361370
DB01362	CHEMBL1200455
DB01364	CHEMBL1523964
DB01364	CHEMBL211456
DB01364	CHEMBL2146102
DB01364	CHEMBL526872
DB01365	CHEMBL1200996
DB01365	CHEMBL1201234
DB01365	CHEMBL3184799
DB01366	CHEMBL3249705
DB01367	CHEMBL1201142
DB01367	CHEMBL6067988
DB01367	CHEMBL887
DB01369	CHEMBL1200649
DB01375	CHEMBL3185220
DB01380	CHEMBL1650
DB01382	CHEMBL1697838
DB01382	CHEMBL2103771
DB01384	CHEMBL1579
DB01390	CHEMBL1353
DB01392	CHEMBL15245
DB01392	CHEMBL537669
DB01393	CHEMBL264374
DB01394	CHEMBL107
DB01395	CHEMBL1509
DB01396	CHEMBL254219
DB01397	CHEMBL2106755
DB01397	CHEMBL3989810
DB01399	CHEMBL154111
DB01400	CHEMBL211471
DB01400	CHEMBL278020
DB01400	CHEMBL54126
DB01403	CHEMBL1725730
DB01403	CHEMBL1764
DB01403	CHEMBL2104973
DB01406	CHEMBL1479
DB01407	CHEMBL1330729
DB01407	CHEMBL49080
DB01408	CHEMBL1603534
DB01408	CHEMBL521589
DB01409	CHEMBL1900528
DB01409	CHEMBL3545181
DB01409	CHEMBL4440620
DB01410	CHEMBL2040682
DB01411	CHEMBL21333
DB01411	CHEMBL3810125
DB01412	CHEMBL1114
DB01412	CHEMBL2106653
DB01412	CHEMBL2107522
DB01412	CHEMBL2107523
DB01413	CHEMBL1200962
DB01413	CHEMBL1201736
DB01413	CHEMBL186
DB01414	CHEMBL2104099
DB01414	CHEMBL2110602
DB01415	CHEMBL1200985
DB01415	CHEMBL1605
DB01416	CHEMBL1672
DB01418	CHEMBL397420
DB01419	CHEMBL345524
DB01420	CHEMBL1170
DB01421	CHEMBL2206196
DB01421	CHEMBL370143
DB01422	CHEMBL1454910
DB01422	CHEMBL3251404
DB01423	CHEMBL2107531
DB01424	CHEMBL2104635
DB01424	CHEMBL288470
DB01425	CHEMBL1896987
DB01425	CHEMBL290194
DB01427	CHEMBL12856
DB01427	CHEMBL2096642
DB01428	CHEMBL1625
DB01429	CHEMBL1213033
DB01429	CHEMBL2104501
DB01430	CHEMBL1183717
DB01430	CHEMBL314610
DB01430	CHEMBL3181957
DB01431	CHEMBL3185133
DB01433	CHEMBL170179
DB01435	CHEMBL277474
DB01436	CHEMBL1601669
DB01437	CHEMBL1102
DB01438	CHEMBL1201022
DB01438	CHEMBL1242
DB01440	CHEMBL1200682
DB01440	CHEMBL1342
DB01440	CHEMBL4594393
DB01440	CHEMBL4594394
DB01440	CHEMBL4594395
DB01452	CHEMBL2106627
DB01452	CHEMBL459324
DB01463	CHEMBL2106270
DB01463	CHEMBL7010
DB01466	CHEMBL1712170
DB01466	CHEMBL2107695
DB01482	CHEMBL2107591
DB01482	CHEMBL2111152
DB01489	CHEMBL1095282
DB01501	CHEMBL1200599
DB01501	CHEMBL1201321
DB01511	CHEMBL268254
DB01544	CHEMBL13280
DB01545	CHEMBL1213460
DB01550	CHEMBL2105566
DB01551	CHEMBL1595
DB01551	CHEMBL2062266
DB01553	CHEMBL2107254
DB01558	CHEMBL277062
DB01559	CHEMBL1697737
DB01567	CHEMBL13291
DB01576	CHEMBL1200782
DB01576	CHEMBL2106669
DB01576	CHEMBL287386
DB01576	CHEMBL3544971
DB01576	CHEMBL3989844
DB01576	CHEMBL612
DB01577	CHEMBL1200952
DB01577	CHEMBL1201201
DB01579	CHEMBL1615439
DB01579	CHEMBL2062163
DB01580	CHEMBL1200745
DB01580	CHEMBL3245937
DB01580	CHEMBL546
DB01581	CHEMBL2107260
DB01581	CHEMBL438
DB01582	CHEMBL1563050
DB01582	CHEMBL446
DB01586	CHEMBL1551
DB01586	CHEMBL2028234
DB01587	CHEMBL2104356
DB01588	CHEMBL969
DB01589	CHEMBL1200472
DB01590	CHEMBL1908360
DB01591	CHEMBL1200803
DB01591	CHEMBL1734
DB01593	CHEMBL1201279
DB01594	CHEMBL2104926
DB01595	CHEMBL13209
DB01597	CHEMBL1201057
DB01597	CHEMBL766
DB01598	CHEMBL148
DB01598	CHEMBL43708
DB01599	CHEMBL608
DB01600	CHEMBL365795
DB01601	CHEMBL729
DB01602	CHEMBL1200965
DB01602	CHEMBL1583
DB01603	CHEMBL1164
DB01603	CHEMBL3181832
DB01603	CHEMBL575
DB01604	CHEMBL3182343
DB01604	CHEMBL3989412
DB01604	CHEMBL3989898
DB01605	CHEMBL1355196
DB01605	CHEMBL1616433
DB01606	CHEMBL1439
DB01606	CHEMBL404
DB01607	CHEMBL1200855
DB01607	CHEMBL1449
DB01607	CHEMBL3765148
DB01607	CHEMBL3989647
DB01608	CHEMBL251940
DB01609	CHEMBL550348
DB01610	CHEMBL1200454
DB01610	CHEMBL1201314
DB01611	CHEMBL1535
DB01611	CHEMBL1690
DB01612	CHEMBL3188202
DB01613	CHEMBL2107583
DB01614	CHEMBL1883146
DB01614	CHEMBL39560
DB01615	CHEMBL2104054
DB01616	CHEMBL1408594
DB01616	CHEMBL253371
DB01618	CHEMBL1200419
DB01618	CHEMBL460
DB01619	CHEMBL2107213
DB01619	CHEMBL278398
DB01620	CHEMBL1193
DB01620	CHEMBL1580221
DB01620	CHEMBL1596440
DB01620	CHEMBL1653
DB01621	CHEMBL398880
DB01622	CHEMBL1406487
DB01622	CHEMBL1481539
DB01622	CHEMBL609109
DB01623	CHEMBL1200902
DB01623	CHEMBL1201
DB01623	CHEMBL3989824
DB01624	CHEMBL1437855
DB01624	CHEMBL2360084
DB01624	CHEMBL53904
DB01625	CHEMBL1200347
DB01625	CHEMBL1201232
DB01626	CHEMBL1200425
DB01626	CHEMBL673
DB01627	CHEMBL1447
DB01627	CHEMBL3989551
DB01627	CHEMBL4075711
DB01628	CHEMBL416146
DB01656	CHEMBL193240
DB01764	CHEMBL1200937
DB02187	CHEMBL323533
DB02300	CHEMBL1200666
DB02546	CHEMBL98
DB02703	CHEMBL1256987
DB02703	CHEMBL374975
DB02959	CHEMBL350221
DB03147	CHEMBL1232653
DB03147	CHEMBL2356834
DB03166	CHEMBL4297336
DB03166	CHEMBL539
DB03255	CHEMBL14060
DB03255	CHEMBL2107497
DB04552	CHEMBL63323
DB04570	CHEMBL1200357
DB04570	CHEMBL74632
DB04571	CHEMBL1475
DB04572	CHEMBL671
DB04573	CHEMBL193482
DB04574	CHEMBL1200980
DB04574	CHEMBL1546237
DB04574	CHEMBL2106240
DB04574	CHEMBL494753
DB04575	CHEMBL1201165
DB04711	CHEMBL1165268
DB04711	CHEMBL1200350
DB04711	CHEMBL1200504
DB04711	CHEMBL2104843
DB04711	CHEMBL3989806
DB04786	CHEMBL265502
DB04786	CHEMBL413376
DB04794	CHEMBL277535
DB04835	CHEMBL1201187
DB04835	CHEMBL4476214
DB04835	CHEMBL4586236
DB04837	CHEMBL1200972
DB04837	CHEMBL1201313
DB04838	CHEMBL1480987
DB04839	CHEMBL139835
DB04840	CHEMBL1255735
DB04840	CHEMBL1593558
DB04840	CHEMBL169901
DB04840	CHEMBL3527581
DB04841	CHEMBL30008
DB04841	CHEMBL539027
DB04841	CHEMBL552659
DB04842	CHEMBL46516
DB04843	CHEMBL1724
DB04843	CHEMBL524004
DB04844	CHEMBL117785
DB04844	CHEMBL3137326
DB04845	CHEMBL1201752
DB04855	CHEMBL1201729
DB04855	CHEMBL184412
DB04861	CHEMBL1201731
DB04861	CHEMBL434394
DB04865	CHEMBL46286
DB04868	CHEMBL1201740
DB04868	CHEMBL255863
DB04868	CHEMBL6068409
DB04876	CHEMBL142703
DB04878	CHEMBL476960
DB04880	CHEMBL249856
DB04890	CHEMBL4877190
DB04896	CHEMBL259209
DB04896	CHEMBL3527085
DB04896	CHEMBL4297064
DB04898	CHEMBL522038
DB04911	CHEMBL1688530
DB04911	CHEMBL3989766
DB04920	CHEMBL1237132
DB04930	CHEMBL1525
DB04938	CHEMBL2105395
DB04942	CHEMBL25202
DB04946	CHEMBL14376
DB04948	CHEMBL17860
DB04948	CHEMBL1788132
DB04953	CHEMBL41355
DB04967	CHEMBL2007389
DB04967	CHEMBL279014
DB05039	CHEMBL1095777
DB05039	CHEMBL1789842
DB05039	CHEMBL3527369
DB05039	CHEMBL4297657
DB05109	CHEMBL450449
DB05245	CHEMBL1382627
DB05246	CHEMBL697
DB05265	CHEMBL2104585
DB05265	CHEMBL3186947
DB05265	CHEMBL3343738
DB05265	CHEMBL4303208
DB05266	CHEMBL19449
DB05271	CHEMBL1303
DB05294	CHEMBL24828
DB05294	CHEMBL533849
DB05521	CHEMBL231813
DB05521	CHEMBL573043
DB05812	CHEMBL254328
DB06144	CHEMBL12713
DB06147	CHEMBL2107243
DB06147	CHEMBL3780934
DB06147	CHEMBL437
DB06148	CHEMBL544428
DB06148	CHEMBL6437
DB06150	CHEMBL2107253
DB06150	CHEMBL62193
DB06151	CHEMBL600
DB06151	CHEMBL6068327
DB06155	CHEMBL111
DB06155	CHEMBL558598
DB06201	CHEMBL1201754
DB06203	CHEMBL227529
DB06203	CHEMBL376359
DB06203	CHEMBL458537
DB06203	CHEMBL459806
DB06204	CHEMBL1201776
DB06204	CHEMBL1201777
DB06207	CHEMBL24778
DB06209	CHEMBL1201772
DB06209	CHEMBL1201773
DB06209	CHEMBL6068340
DB06210	CHEMBL3989691
DB06210	CHEMBL461101
DB06210	CHEMBL461805
DB06210	CHEMBL461806
DB06210	CHEMBL6068328
DB06212	CHEMBL4303142
DB06213	CHEMBL317052
DB06213	CHEMBL3989695
DB06216	CHEMBL3187365
DB06216	CHEMBL3544974
DB06218	CHEMBL1213900
DB06218	CHEMBL58323
DB06228	CHEMBL198362
DB06237	CHEMBL1963681
DB06255	CHEMBL53950
DB06262	CHEMBL2103827
DB06267	CHEMBL2103849
DB06268	CHEMBL2105740
DB06268	CHEMBL282724
DB06274	CHEMBL270190
DB06287	CHEMBL1201182
DB06288	CHEMBL243712
DB06290	CHEMBL3137358
DB06290	CHEMBL501849
DB06292	CHEMBL2103802
DB06292	CHEMBL3125316
DB06292	CHEMBL3125317
DB06292	CHEMBL3125318
DB06292	CHEMBL3125455
DB06292	CHEMBL3125456
DB06292	CHEMBL3125457
DB06292	CHEMBL3125458
DB06292	CHEMBL429910
DB06335	CHEMBL1201743
DB06335	CHEMBL2103745
DB06335	CHEMBL3542376
DB06335	CHEMBL385517
DB06402	CHEMBL3301680
DB06402	CHEMBL507870
DB06414	CHEMBL308954
DB06589	CHEMBL1201733
DB06589	CHEMBL477772
DB06590	CHEMBL3544973
DB06590	CHEMBL4790265
DB06590	CHEMBL501122
DB06594	CHEMBL10878
DB06605	CHEMBL231779
DB06605	CHEMBL3526474
DB06614	CHEMBL139367
DB06614	CHEMBL3989402
DB06616	CHEMBL2095206
DB06616	CHEMBL2131134
DB06616	CHEMBL288441
DB06623	CHEMBL1256752
DB06623	CHEMBL255044
DB06623	CHEMBL543869
DB06637	CHEMBL284348
DB06663	CHEMBL3349607
DB06663	CHEMBL5314380
DB06663	CHEMBL5314382
DB06663	CHEMBL5316227
DB06684	CHEMBL1615374
DB06684	CHEMBL439849
DB06689	CHEMBL3989529
DB06691	CHEMBL1201006
DB06691	CHEMBL511
DB06694	CHEMBL1256400
DB06694	CHEMBL312448
DB06695	CHEMBL1615369
DB06695	CHEMBL539697
DB06696	CHEMBL3184482
DB06696	CHEMBL426926
DB06697	CHEMBL566534
DB06698	CHEMBL1446813
DB06698	CHEMBL1451277
DB06698	CHEMBL1464589
DB06698	CHEMBL24441
DB06698	CHEMBL4303472
DB06699	CHEMBL2028987
DB06699	CHEMBL415606
DB06700	CHEMBL1118
DB06700	CHEMBL1201728
DB06700	CHEMBL3989861
DB06700	CHEMBL5723329
DB06701	CHEMBL827
DB06701	CHEMBL904
DB06702	CHEMBL1201764
DB06702	CHEMBL1201765
DB06704	CHEMBL1255738
DB06704	CHEMBL1374843
DB06704	CHEMBL1615777
DB06704	CHEMBL1615779
DB06704	CHEMBL3989511
DB06704	CHEMBL3989523
DB06704	CHEMBL4584538
DB06704	CHEMBL818
DB06706	CHEMBL1327133
DB06706	CHEMBL1697841
DB06706	CHEMBL2105026
DB06706	CHEMBL2355839
DB06706	CHEMBL4303692
DB06707	CHEMBL677
DB06708	CHEMBL38827
DB06709	CHEMBL1200764
DB06709	CHEMBL12137
DB06709	CHEMBL2106885
DB06709	CHEMBL978
DB06710	CHEMBL1395
DB06711	CHEMBL1706
DB06711	CHEMBL761
DB06712	CHEMBL517427
DB06713	CHEMBL4791392
DB06714	CHEMBL2105275
DB06715	CHEMBL1141
DB06716	CHEMBL1201766
DB06716	CHEMBL2021422
DB06717	CHEMBL1159797
DB06717	CHEMBL1199324
DB06717	CHEMBL1201782
DB06718	CHEMBL2079587
DB06723	CHEMBL1200706
DB06723	CHEMBL3833310
DB06723	CHEMBL3833390
DB06725	CHEMBL1569487
DB06729	CHEMBL1109
DB06730	CHEMBL1213583
DB06738	CHEMBL259124
DB06738	CHEMBL47072
DB06751	CHEMBL5483040
DB06751	CHEMBL551978
DB06766	CHEMBL1201747
DB06768	CHEMBL1200747
DB06770	CHEMBL720
DB06771	CHEMBL1201760
DB06771	CHEMBL1201761
DB06772	CHEMBL1201748
DB06775	CHEMBL1201780
DB06777	CHEMBL240597
DB06781	CHEMBL1201749
DB06782	CHEMBL1597
DB06782	CHEMBL1968682
DB06795	CHEMBL1201161
DB06795	CHEMBL1593568
DB06795	CHEMBL419
DB06802	CHEMBL1021
DB06803	CHEMBL1448
DB06803	CHEMBL3794255
DB06804	CHEMBL1410
DB06809	CHEMBL1788331
DB06809	CHEMBL18442
DB06809	CHEMBL2088494
DB06809	CHEMBL2311028
DB06809	CHEMBL2311089
DB06809	CHEMBL2373140
DB06809	CHEMBL5402188
DB06810	CHEMBL257619
DB06811	CHEMBL1231723
DB06813	CHEMBL1201746
DB06817	CHEMBL1162988
DB06817	CHEMBL254316
DB06817	CHEMBL4567874
DB06817	CHEMBL460566
DB06817	CHEMBL518520
DB06827	CHEMBL3085436
DB06827	CHEMBL3989823
DB08604	CHEMBL849
DB08792	CHEMBL2103768
DB08795	CHEMBL2105907
DB08796	CHEMBL2104900
DB08797	CHEMBL27577
DB08798	CHEMBL2105399
DB08799	CHEMBL1200550
DB08799	CHEMBL1256819
DB08799	CHEMBL1305
DB08800	CHEMBL1194287
DB08800	CHEMBL550011
DB08801	CHEMBL1870768
DB08801	CHEMBL22108
DB08802	CHEMBL2107246
DB08802	CHEMBL2111066
DB08803	CHEMBL2106467
DB08804	CHEMBL1200946
DB08806	CHEMBL2104871
DB08806	CHEMBL46102
DB08807	CHEMBL357995
DB08807	CHEMBL5483028
DB08808	CHEMBL305380
DB08810	CHEMBL2104523
DB08811	CHEMBL404216
DB08815	CHEMBL1237021
DB08815	CHEMBL1615372
DB08816	CHEMBL398435
DB08819	CHEMBL1963683
DB08820	CHEMBL2010601
DB08820	CHEMBL4297603
DB08822	CHEMBL2028661
DB08822	CHEMBL2103795
DB08823	CHEMBL2040681
DB08824	CHEMBL3989517
DB08826	CHEMBL70927
DB08827	CHEMBL2105662
DB08827	CHEMBL354541
DB08828	CHEMBL4125998
DB08828	CHEMBL4127241
DB08828	CHEMBL4129312
DB08828	CHEMBL473417
DB08834	CHEMBL272427
DB08835	CHEMBL2105616
DB08842	CHEMBL1697733
DB08847	CHEMBL352418
DB08860	CHEMBL1201753
DB08860	CHEMBL1237061
DB08860	CHEMBL3989920
DB08860	CHEMBL3989923
DB08864	CHEMBL1628504
DB08864	CHEMBL175691
DB08864	CHEMBL6142599
DB08864	CHEMBL6169905
DB08865	CHEMBL601719
DB08868	CHEMBL314854
DB08868	CHEMBL3526818
DB08868	CHEMBL5095050
DB08868	CHEMBL544665
DB08871	CHEMBL1683544
DB08871	CHEMBL1683590
DB08871	CHEMBL3526882
DB08873	CHEMBL218394
DB08874	CHEMBL1255800
DB08877	CHEMBL1789941
DB08877	CHEMBL1795071
DB08877	CHEMBL4594381
DB08877	CHEMBL4594382
DB08881	CHEMBL1229517
DB08882	CHEMBL237500
DB08887	CHEMBL2095209
DB08889	CHEMBL451887
DB08890	CHEMBL3301675
DB08890	CHEMBL3301676
DB08893	CHEMBL2095212
DB08893	CHEMBL3542362
DB08896	CHEMBL1946170
DB08897	CHEMBL1194325
DB08897	CHEMBL551466
DB08899	CHEMBL1082407
DB08899	CHEMBL4594421
DB08901	CHEMBL1171837
DB08901	CHEMBL2105708
DB08903	CHEMBL2105700
DB08903	CHEMBL376488
DB08903	CHEMBL4524943
DB08905	CHEMBL132530
DB08906	CHEMBL1676
DB08907	CHEMBL2048484
DB08907	CHEMBL2103841
DB08907	CHEMBL4594217
DB08909	CHEMBL2105745
DB08910	CHEMBL43452
DB08911	CHEMBL2103875
DB08911	CHEMBL2105741
DB08912	CHEMBL2028663
DB08912	CHEMBL2105729
DB08913	CHEMBL2107816
DB08916	CHEMBL1173655
DB08916	CHEMBL2105712
DB08918	CHEMBL2105732
DB08918	CHEMBL99946
DB08924	CHEMBL2105544
DB08928	CHEMBL1788384
DB08930	CHEMBL1213165
DB08930	CHEMBL1229211
DB08932	CHEMBL2103873
DB08933	CHEMBL2105689
DB08934	CHEMBL1259059
DB08936	CHEMBL1889091
DB08936	CHEMBL22150
DB08943	CHEMBL1571863
DB08946	CHEMBL867
DB08947	CHEMBL1200932
DB08954	CHEMBL1256662
DB08954	CHEMBL1372983
DB08954	CHEMBL1597876
DB08954	CHEMBL1886888
DB08954	CHEMBL305187
DB08957	CHEMBL1589896
DB08957	CHEMBL2104813
DB08958	CHEMBL144673
DB08966	CHEMBL1705673
DB08966	CHEMBL1740659
DB08967	CHEMBL2104669
DB08967	CHEMBL346977
DB08968	CHEMBL1697837
DB08968	CHEMBL2356122
DB08970	CHEMBL2106763
DB08971	CHEMBL251634
DB08974	CHEMBL1454946
DB08976	CHEMBL2105075
DB08979	CHEMBL1256849
DB08979	CHEMBL576127
DB08981	CHEMBL277522
DB08982	CHEMBL330829
DB08983	CHEMBL358150
DB08984	CHEMBL1451633
DB08987	CHEMBL1200597
DB08987	CHEMBL492
DB08990	CHEMBL1885437
DB08990	CHEMBL2359721
DB08991	CHEMBL1411693
DB08992	CHEMBL1902981
DB08992	CHEMBL2360601
DB08993	CHEMBL2146142
DB08994	CHEMBL2104306
DB08995	CHEMBL231884
DB08996	CHEMBL1328913
DB08998	CHEMBL2107576
DB09000	CHEMBL2104153
DB09002	CHEMBL1492516
DB09002	CHEMBL415087
DB09003	CHEMBL2104103
DB09006	CHEMBL1897738
DB09008	CHEMBL316157
DB09009	CHEMBL1093
DB09009	CHEMBL1200819
DB09014	CHEMBL2106143
DB09014	CHEMBL2110809
DB09015	CHEMBL1371200
DB09015	CHEMBL1616951
DB09017	CHEMBL32479
DB09018	CHEMBL399510
DB09019	CHEMBL1319139
DB09019	CHEMBL253376
DB09020	CHEMBL942
DB09028	CHEMBL497939
