task	disease	name	flat_negative	mask_all	no_writeback	typed	typed_scoped	mean_pos	flat_minus_none	mask_minus_none
compound	DOID:0050741	alcohol dependence	0.02549150654413812	0.02612584175084175	0.024590938626026345	0.0255562861357418	0.024545001086354473	1.6666666666666667	0.0009005679181117755	0.0015349031248154052
compound	DOID:0050742	nicotine dependence	0.012987012987012988	0.013888888888888888	0.013333333333333334	0.014492753623188406	0.014084507042253521	1.0	-0.0003463203463203463	0.0005555555555555539
compound	DOID:0060073	lymphatic system cancer	0.2810914913546492	0.35119557568154697	0.34765601503759397	0.3666223358908781	0.3571221532091097	2.0	-0.06656452368294474	0.003539560643952999
compound	DOID:1024	leprosy	0.058823529411764705	0.01818181818181818	0.01818181818181818	0.017543859649122806	0.017241379310344827	1.0	0.040641711229946524	0.0
compound	DOID:10283	prostate cancer	0.24897745631519755	0.45538792090262675	0.4357006112688729	0.36611597429543663	0.395606898053842	5.2	-0.18672315495367534	0.01968730963375387
compound	DOID:10534	stomach cancer	0.13309267486899068	0.3130013368983957	0.2953083264253477	0.1741809881847476	0.22305019504507995	1.75	-0.16221565155635703	0.017693010473048
compound	DOID:10652	Alzheimer's disease	0.20757575757575758	0.2785643704121965	0.2781526806526807	0.28073399618468076	0.29116787918871256	2.0	-0.07057692307692309	0.000411689759515832
compound	DOID:10763	hypertension	0.5762400033374367	0.7121467513841908	0.72062005252533	0.6639751622560668	0.6625623335888606	13.6	-0.14438004918789327	-0.0084733011411392
compound	DOID:11054	urinary bladder cancer	0.21413153895912518	0.5513227513227512	0.5237037037037038	0.23825127486892192	0.3264957264957265	2.2	-0.3095721647445786	0.027619047619047432
compound	DOID:1115	sarcoma	0.0906481550401439	0.33410963150324857	0.33248296666146565	0.05991216615806779	0.3299484004127967	1.4	-0.24183481162132175	0.001626664841782921
compound	DOID:11476	osteoporosis	0.31723824160811864	0.4385104678603131	0.4195949883449884	0.427337365923171	0.4174565270444921	3.75	-0.10235674673686973	0.01891547951532474
compound	DOID:11612	polycystic ovary syndrome	0.014492753623188406	0.014925373134328358	0.014925373134328358	0.014925373134328358	0.014925373134328358	1.0	-0.00043261951113995195	0.0
compound	DOID:11714	gestational diabetes	0.019230769230769232	0.019230769230769232	0.02	0.02	0.018518518518518517	1.0	-0.0007692307692307686	-0.0007692307692307686
compound	DOID:1192	peripheral nervous system neoplasm	0.22924378924378921	0.33666666666666667	0.3286165223665224	0.31866369206638484	0.3258808252515346	2.2	-0.09937273312273318	0.00805014430014428
compound	DOID:11934	head and neck cancer	0.047097744360902256	0.09474607234198026	0.08273809523809524	0.061126155243802306	0.07381469979296065	1.0	-0.03564035087719298	0.012007977103885029
compound	DOID:12236	primary biliary cirrhosis	0.36081501831501833	0.32635847749055297	0.3218688230008985	0.2712981257119188	0.32545261147344784	1.4	0.03894619531411986	0.004489654489654493
compound	DOID:12306	vitiligo	0.026515151515151516	0.034559643255295425	0.03282051282051282	0.038157894736842106	0.0325	1.0	-0.006305361305361305	0.0017391304347826042
compound	DOID:12361	Graves' disease	0.16666666666666666	0.3333333333333333	0.3333333333333333	0.3333333333333333	0.3333333333333333	1.0	-0.16666666666666666	0.0
compound	DOID:12365	malaria	0.39676357139592433	0.4863167800667801	0.4746345029239766	0.4545345345345345	0.4793614718614718	2.0	-0.07787093152805225	0.01168227714280351
compound	DOID:1312	focal segmental glomerulosclerosis	1.0	1.0	1.0	1.0	1.0	1.0	0.0	0.0
compound	DOID:13189	gout	0.2424025974025974	0.21322150072150073	0.21382079307001906	0.21686913361835963	0.21452045890126384	1.6	0.028581804332578342	-0.0005992923485183266
compound	DOID:1319	brain cancer	0.21738095238095237	0.21187293099057802	0.19026610644257702	0.2008567821067821	0.21058959156785245	1.6	0.027114845938375348	0.021606824548001002
compound	DOID:1324	lung cancer	0.46341862115850124	0.5728624338624339	0.6028250054086938	0.4428881333387925	0.44845631950895104	4.4	-0.13940638425019253	-0.02996257154625992
compound	DOID:13378	Kawasaki disease	0.08333333333333333	0.1	0.1	0.1111111111111111	0.1111111111111111	1.0	-0.016666666666666677	0.0
compound	DOID:14221	metabolic syndrome X	0.14285714285714285	0.25	0.25	0.1	0.1	1.0	-0.10714285714285715	0.0
compound	DOID:1459	hypothyroidism	0.9	1.0	1.0	1.0	1.0	1.0	-0.09999999999999998	0.0
compound	DOID:1612	breast cancer	0.37623323216191107	0.4421897359033582	0.5235763820679787	0.3934577286777499	0.3727880341062318	5.4	-0.14734314990606767	-0.08138664616462055
compound	DOID:1686	glaucoma	0.4026389977670812	0.5318424976582872	0.5266523523370594	0.5473839876950995	0.5446629601497349	5.2	-0.12401335456997825	0.005190145321227746
compound	DOID:1781	thyroid cancer	0.1344809326363818	0.4601924001924002	0.4603274940245415	0.21025822147669512	0.29377110694183867	1.6666666666666667	-0.3258465613881597	-0.00013509383214127535
compound	DOID:1793	pancreatic cancer	0.09832915622389307	0.2898706896551724	0.27842261904761906	0.18778208355414236	0.22272727272727272	2.0	-0.18009346282372599	0.011448070607553318
compound	DOID:1826	epilepsy syndrome	0.4934144680150319	0.5270827332282441	0.5503284390679349	0.5687970680849939	0.548569030176173	5.6	-0.05691397105290302	-0.023245705839690878
compound	DOID:184	bone cancer	0.30111989459815547	0.5967532467532467	0.5872222222222222	0.3376923076923077	0.5922222222222222	1.2	-0.28610232762406673	0.009531024531024501
compound	DOID:1909	melanoma	0.08800412663217541	0.21297775689223056	0.2112760470661414	0.10774587612822907	0.1037640937184469	1.5	-0.12327192043396598	0.001701709826089165
compound	DOID:1936	atherosclerosis	0.5	0.125	0.125	0.14285714285714285	0.125	1.0	0.375	0.0
compound	DOID:2043	hepatitis B	0.1512987012987013	0.2501082251082251	0.24821428571428572	0.3773809523809524	0.24791666666666667	1.25	-0.09691558441558443	0.0018939393939393923
compound	DOID:2174	ocular cancer	0.2	0.058823529411764705	0.0625	0.08333333333333333	0.0625	1.0	0.1375	-0.003676470588235295
compound	DOID:219	colon cancer	0.04155773420479303	0.14375	0.10801820728291317	0.05334054313866859	0.07870370370370369	1.5	-0.06646047307812014	0.03573179271708682
compound	DOID:2377	multiple sclerosis	0.27641769073220684	0.4726919934640523	0.4793884220354808	0.39658189033189034	0.4125	2.5	-0.20297073130327398	-0.006696428571428548
compound	DOID:2394	ovarian cancer	0.17174255800544885	0.36671152518978606	0.3517191564474173	0.2486594710347907	0.2236486766269375	2.4	-0.17997659844196845	0.014992368742368756
compound	DOID:2531	hematologic cancer	0.42404202310569916	0.7011351107982586	0.6615748795762657	0.3841716844744577	0.6958560025770616	9.4	-0.23753285647056654	0.039560231221992925
compound	DOID:263	kidney cancer	0.0994405990877765	0.18238269832296947	0.19292243333293288	0.10026108918257201	0.13521922657952068	2.5	-0.09348183424515638	-0.010539735009963414
compound	DOID:2841	asthma	0.41982542636174774	0.659513039549981	0.6626419600465053	0.6204315912402437	0.626172831326193	7.0	-0.24281653368475759	-0.0031289204965243567
compound	DOID:2994	germ cell cancer	0.1663408521303258	0.2242897727272727	0.22027591584043194	0.21455845496093173	0.2074155978180746	1.5	-0.053935063710106146	0.004013856886840778
compound	DOID:2998	testicular cancer	0.36896825396825395	0.4542857142857143	0.453003663003663	0.4040151515151515	0.42095238095238097	2.0	-0.08403540903540907	0.0012820512820512775
compound	DOID:3070	malignant glioma	0.12698412698412698	0.35	0.35	0.15476190476190477	0.29166666666666663	1.0	-0.223015873015873	0.0
compound	DOID:3083	chronic obstructive pulmonary disease	0.22021862379621	0.27636904761904757	0.29505161505161503	0.302741008991009	0.30702858635617253	2.0	-0.07483299125540505	-0.018682567432567465
compound	DOID:3310	atopic dermatitis	0.21631787692771676	0.4222004384504384	0.43344696969696966	0.43316017316017313	0.41119769119769123	3.4	-0.2171290927692529	-0.011246531246531244
compound	DOID:332	amyotrophic lateral sclerosis	0.125	0.5	0.5	0.16666666666666666	0.16666666666666666	1.0	-0.375	0.0
compound	DOID:3393	coronary artery disease	0.28544321738652206	0.3893973004406441	0.38315665099587626	0.4223649826120357	0.3818090572285241	3.6	-0.0977134336093542	0.006240649444767821
compound	DOID:3571	liver cancer	0.275	0.7857142857142857	0.7857142857142857	0.525	0.5357142857142857	1.5	-0.5107142857142857	0.0
compound	DOID:363	uterine cancer	0.13616952742837177	0.5601385746606335	0.5494212962962963	0.1292361111111111	0.5551423453996983	1.5	-0.4132517688679246	0.010717278364337224
compound	DOID:4045	muscle cancer	0.08436676798378925	0.2775780907896658	0.26395453504828503	0.14476745715969852	0.22405533063427802	1.75	-0.17958776706449578	0.013623555741380744
compound	DOID:4159	skin cancer	0.08033668657810535	0.11149875021779047	0.10428571428571429	0.08340766429971827	0.0919047619047619	1.6	-0.02394902770760894	0.007213035932076187
compound	DOID:418	systemic scleroderma	0.07882961601074681	0.11237059134144389	0.11097969936717048	0.1069638605737004	0.12134202501919504	2.0	-0.032150083356423664	0.0013908919742734172
compound	DOID:4362	cervical cancer	0.046317717370348954	0.5277777777777778	0.3253968253968254	0.1111111111111111	0.22474747474747478	1.0	-0.27907910802647645	0.20238095238095238
compound	DOID:4481	allergic rhinitis	0.20944642072902941	0.37795950345950347	0.37705571117335823	0.34484493284493284	0.34314558643970405	2.4	-0.16760929044432882	0.000903792286145233
compound	DOID:4989	pancreatitis	0.024305555555555552	0.02303921568627451	0.02303921568627451	0.02235023041474654	0.02222222222222222	1.0	0.0012663398692810413	0.0
compound	DOID:5041	esophageal cancer	0.1596790890269151	0.31486568986568986	0.31970551378446116	0.31092436974789917	0.30307539682539686	1.0	-0.16002642475754605	-0.004839823918771302
compound	DOID:5408	Paget's disease of bone	0.18840579710144928	0.2708333333333333	0.2708333333333333	0.1875	0.2708333333333333	1.0	-0.08242753623188404	0.0
compound	DOID:585	nephrolithiasis	0.01488095238095238	0.014705882352941176	0.014705882352941176	0.013793759512937594	0.014003133568350961	1.0	0.00017507002801120386	0.0
compound	DOID:635	acquired immunodeficiency syndrome	0.47665845648604266	0.595985347985348	0.6005296290078899	0.5830223942723942	0.6026079338379591	3.6	-0.1238711725218472	-0.004544281022541896
compound	DOID:6364	migraine	0.1853174603174603	0.3132716260347839	0.2641269841269841	0.31633505383505384	0.3551475279106858	1.8	-0.0788095238095238	0.049144641907799824
compound	DOID:7147	ankylosing spondylitis	0.23791895343619482	0.49130116959064324	0.47753623188405797	0.466056166056166	0.46121031746031743	2.0	-0.23961727844786315	0.013764937706585267
compound	DOID:7148	rheumatoid arthritis	0.18635972274432777	0.2943655908664606	0.3168009456205703	0.2882553986046633	0.27493630036576916	3.75	-0.13044122287624255	-0.022435354754109738
compound	DOID:8577	ulcerative colitis	0.09444981406165955	0.23199236028979192	0.24715457680494962	0.25424824268499324	0.2306987880420254	2.6	-0.1527047627432901	-0.0151622165151577
compound	DOID:8778	Crohn's disease	0.024081277179860736	0.04071118219231586	0.03401515506539023	0.03456364766334782	0.03539669728317068	1.75	-0.009933877885529498	0.00669602712692563
compound	DOID:8893	psoriasis	0.2799961551741409	0.40331739299408476	0.4048430355808385	0.4045756521214187	0.4023592838215887	5.8	-0.12484688040669761	-0.0015256425867537504
compound	DOID:9008	psoriatic arthritis	0.3266246960493169	0.3074990761271249	0.2967113123036468	0.30803786730510874	0.32838868003341687	2.25	0.029913383745670097	0.010787763823478125
compound	DOID:9074	systemic lupus erythematosus	0.1683135274311745	0.36437154348919054	0.36554334554334555	0.37063492063492065	0.34972222222222216	2.6	-0.19722981811217105	-0.0011718020541550134
compound	DOID:9206	Barrett's esophagus	0.023809523809523808	0.02631578947368421	0.025	0.02564102564102564	0.02564102564102564	1.0	-0.0011904761904761932	0.0013157894736842077
compound	DOID:9352	type 2 diabetes mellitus	0.2065628452503015	0.2650088630043351	0.259038492037718	0.2335835765563817	0.24543051353622541	4.4	-0.05247564678741651	0.005970370966617122
compound	DOID:986	alopecia areata	0.10101010101010101	0.1111111111111111	0.11805555555555555	0.06547619047619047	0.10555555555555556	1.0	-0.017045454545454544	-0.0069444444444444475
compound	DOID:9970	obesity	0.11762943148720599	0.3224242424242424	0.28888888888888886	0.2017182871232682	0.22074994248907293	1.8	-0.17125945740168286	0.03353535353535353
random	DOID:0050741	alcohol dependence	0.019570511329871067	0.0241417188476012	0.01998321970894096	0.02110746062174813	0.022040973122753296	1.6666666666666667	-0.00041270837906989474	0.004158499138660239
random	DOID:0050742	nicotine dependence	0.009992046132431895	0.01266025641025641	0.010138248847926268	0.010902876001885903	0.012240632930288103	1.0	-0.0001462027154943736	0.0025220075623301422
random	DOID:0060073	lymphatic system cancer	0.2676275458761847	0.22481139324626942	0.222997997997998	0.22150654413812307	0.22625202578446296	1.8	0.04462954787818671	0.0018133952482714266
random	DOID:1024	leprosy	0.034682400932400936	0.029559148445703065	0.03205344585091421	0.03059980636011564	0.029924519924519926	1.25	0.0026289550814867294	-0.002494297405211142
random	DOID:10283	prostate cancer	0.14594791163069915	0.39570959595959593	0.3739051206442511	0.28165691900376527	0.28818704903776915	3.0	-0.22795720901355193	0.02180447531534485
random	DOID:10534	stomach cancer	0.12433048433048433	0.490515873015873	0.18649396627337803	0.36042755080478867	0.3211429773929774	2.6666666666666665	-0.0621634819428937	0.30402190674249496
random	DOID:10652	Alzheimer's disease	0.09156997758982144	0.12156846518812754	0.20231092436974787	0.20538239538239536	0.2065768194070081	2.0	-0.11074094677992644	-0.08074245918162033
random	DOID:10763	hypertension	0.6152624550190406	0.77482067625666	0.7485623970395472	0.7561250391710598	0.750996890971025	12.4	-0.13329994202050655	0.026258279217112768
random	DOID:11054	urinary bladder cancer	0.21432533539731682	0.2659964846980976	0.31704025473263875	0.18579727788418116	0.22034353950974844	2.6	-0.10271491933532192	-0.051043770034541136
random	DOID:1115	sarcoma	0.19092234370619568	0.48553391053391054	0.602467692850527	0.6067939381506744	0.4905341137735504	1.5	-0.4115453491443314	-0.1169337823166165
random	DOID:11476	osteoporosis	0.4343931654820947	0.41861049592857374	0.4277574735206314	0.4101360181550116	0.4151984234719529	4.0	0.006635691961463297	-0.009146977592057681
random	DOID:1192	peripheral nervous system neoplasm	0.0927111240745542	0.07980367585630743	0.08881086019243914	0.09336016795382121	0.08482457585003352	1.5	0.0039002638821150626	-0.009007184336131707
random	DOID:11934	head and neck cancer	0.047619047619047616	0.11904761904761904	0.06468531468531469	0.05298913043478261	0.07380952380952381	1.0	-0.01706626706626707	0.05436230436230435
random	DOID:12236	primary biliary cirrhosis	0.5	1.0	1.0	1.0	1.0	1.0	-0.5	0.0
random	DOID:12306	vitiligo	0.013888888888888888	0.011764705882352941	0.011764705882352941	0.012345679012345678	0.012345679012345678	1.0	0.002124183006535947	0.0
random	DOID:12361	Graves' disease	0.0875	0.06696428571428571	0.0748663101604278	0.06458333333333333	0.06696428571428571	1.0	0.012633689839572193	-0.007902024446142089
random	DOID:12365	malaria	0.48358594554168965	0.47533187800812027	0.49044712207085406	0.45591273880021876	0.4724882991404731	3.2	-0.006861176529164403	-0.01511524406273379
random	DOID:12930	dilated cardiomyopathy	0.15833721652687172	0.19027777777777777	0.159789526394004	0.22290259009009006	0.22290259009009006	2.0	-0.0014523098671322954	0.030488251383773757
random	DOID:1312	focal segmental glomerulosclerosis	0.045454545454545456	0.25	0.07692307692307693	0.25	0.25	1.0	-0.03146853146853147	0.17307692307692307
random	DOID:13189	gout	0.17566250664842217	0.1864393657871919	0.19355799019777517	0.17264494616411966	0.18000121088571383	2.6666666666666665	-0.017895483549352997	-0.00711862441058328
random	DOID:1319	brain cancer	0.184478021978022	0.2223202614379085	0.17687973137973137	0.21857992884308675	0.22126984126984128	1.8	0.007598290598290619	0.045440530058177137
random	DOID:1324	lung cancer	0.19007830686310864	0.6776103836630153	0.4018748933265062	0.4417061630383259	0.6075834784277656	3.4	-0.21179658646339758	0.27573549033650907
random	DOID:14221	metabolic syndrome X	0.15	0.5217391304347826	0.5208333333333334	0.11458333333333333	0.12777777777777777	1.0	-0.37083333333333335	0.0009057971014492239
random	DOID:14227	azoospermia	0.011494252873563218	0.0125	0.011764705882352941	0.013157894736842105	0.012345679012345678	1.0	-0.0002704530087897228	0.0007352941176470597
random	DOID:1459	hypothyroidism	0.65625	0.7708333333333334	0.7777777777777778	0.7692307692307692	0.7692307692307692	1.0	-0.12152777777777779	-0.00694444444444442
random	DOID:1612	breast cancer	0.1765473953097792	0.29149165584272396	0.25714762273988573	0.18513938594217366	0.18823400142887547	4.8	-0.08060022743010653	0.034344033102838234
random	DOID:1686	glaucoma	0.4469664753140252	0.5605125357310712	0.5186587301587301	0.5580946159559063	0.5391465135136861	3.8	-0.07169225484470487	0.041853805572341085
random	DOID:1781	thyroid cancer	0.2	1.0	1.0	0.2	1.0	1.0	-0.8	0.0
random	DOID:1793	pancreatic cancer	0.05757438519897756	0.2511919614657085	0.08950689954254187	0.11187271618542594	0.16813107220083964	2.0	-0.03193251434356431	0.16168506192316662
random	DOID:1826	epilepsy syndrome	0.5709387923904053	0.7010515873015872	0.6487750172532781	0.7105230880230881	0.7123845598845598	3.4	-0.07783622486287278	0.0522765700483091
random	DOID:184	bone cancer	0.3784222033916036	0.4382716049382716	0.39643874643874644	0.453293194672505	0.4329100529100529	2.0	-0.01801654304714284	0.04183285849952517
random	DOID:1909	melanoma	0.0941005391273408	0.1560189216104709	0.1547781469176818	0.07919573402332022	0.07641053572426122	1.6	-0.060677607790340995	0.001240774692789104
random	DOID:1936	atherosclerosis	0.09726107226107226	0.10886623588829471	0.11437867687867688	0.10336538461538461	0.10183219558219558	1.5	-0.017117604617604615	-0.0055124409903821725
random	DOID:2043	hepatitis B	0.0421188139811155	0.06367973324495065	0.05755621227757451	0.061262956360995574	0.06932259249332419	1.6666666666666667	-0.015437398296459008	0.006123520967376138
random	DOID:2174	ocular cancer	0.07692307692307693	0.05555555555555555	0.07142857142857142	0.058823529411764705	0.0625	1.0	0.005494505494505503	-0.015873015873015872
random	DOID:219	colon cancer	0.10620925028197396	0.4316638370118846	0.40276066940400645	0.4308030231252412	0.43088457495729865	1.75	-0.2965514191220325	0.028903167607878144
random	DOID:2377	multiple sclerosis	0.35551831618045543	0.4484028047549651	0.4041933209997552	0.38556456622670543	0.3937125204230467	3.8	-0.04867500481929976	0.04420948375520989
random	DOID:2394	ovarian cancer	0.11039702385677619	0.25733893557422965	0.2132655402035534	0.12438766399292715	0.11620399036807708	2.4	-0.10286851634677721	0.044073395370676255
random	DOID:2531	hematologic cancer	0.389027430971239	0.49827187039637105	0.5353126261685952	0.42596608243443546	0.49971314933047095	10.4	-0.14628519519735622	-0.037040755772224154
random	DOID:263	kidney cancer	0.05807105574652558	0.1777643017476128	0.10331062080313051	0.08099807531419193	0.15470381690645835	2.2	-0.04523956505660493	0.07445368094448228
random	DOID:2841	asthma	0.45812199558252653	0.807469292373533	0.7139601300978633	0.751574626626633	0.7534661400839359	7.4	-0.25583813451533677	0.09350916227566974
random	DOID:2994	germ cell cancer	0.19841079059829062	0.15687830687830687	0.19394169427064165	0.18486712840161115	0.18916005769454045	2.0	0.004469096327648969	-0.03706338739233478
random	DOID:2998	testicular cancer	0.30812095805083184	0.32210305958132046	0.3247553721810014	0.3259631994414603	0.3217087540146011	2.4	-0.016634414130169584	-0.0026523125996809616
random	DOID:3070	malignant glioma	0.19642857142857142	0.55	0.5833333333333334	0.16346153846153846	0.5454545454545454	1.0	-0.386904761904762	-0.033333333333333326
random	DOID:3083	chronic obstructive pulmonary disease	0.28833333333333333	0.42822447160682453	0.42468304448049177	0.45088815230324664	0.45076961271102284	1.5	-0.13634971114715844	0.0035414271263327635
random	DOID:3277	thymus cancer	0.01	0.01020408163265306	0.010526315789473684	0.010526315789473684	0.010309278350515464	1.0	-0.0005263157894736838	-0.00032223415682062356
random	DOID:3310	atopic dermatitis	0.3989559052059052	0.7613818548601158	0.7334446012077591	0.7951413292589763	0.7948412698412699	3.0	-0.33448869600185394	0.027937253652356664
random	DOID:332	amyotrophic lateral sclerosis	0.03246268656716418	0.03972457627118644	0.04365079365079365	0.05128205128205128	0.04180790960451977	1.0	-0.011188107083629467	-0.0039262173796072095
random	DOID:3393	coronary artery disease	0.20586419917056736	0.29169499224990253	0.2770442781007453	0.26907300075829965	0.26643905804340495	7.0	-0.07118007893017791	0.014650714149157251
random	DOID:3571	liver cancer	0.12152777777777776	0.4464285714285714	0.3119047619047619	0.395	0.3717948717948718	1.5	-0.19037698412698414	0.1345238095238095
random	DOID:363	uterine cancer	0.1857484212322922	0.23161261876315642	0.20349898085785184	0.241087878522969	0.2916359941722261	1.6	-0.01775055962555963	0.028113637905304578
random	DOID:4045	muscle cancer	0.09862464029287338	0.21496362433862432	0.23861470536807133	0.31946252367737105	0.21817516722408029	2.0	-0.13999006507519796	-0.02365108102944702
random	DOID:4159	skin cancer	0.2833042489949923	0.2613756613756614	0.32146242646242645	0.2360103785103785	0.2373809523809524	2.2	-0.03815817746743416	-0.06008676508676508
random	DOID:418	systemic scleroderma	0.06940198383035195	0.06374057226468742	0.07141913039033738	0.0646326761038831	0.06452192663829492	2.25	-0.0020171465599854305	-0.007678558125649965
random	DOID:4481	allergic rhinitis	0.5760674924490714	0.5905481041312959	0.5746933621933621	0.5970277777777777	0.6157214541730671	3.2	0.001374130255709316	0.01585474193793379
random	DOID:4989	pancreatitis	0.014583333333333334	0.01443089430894309	0.014515455304928988	0.013644688644688645	0.014357429718875502	1.0	6.787802840434523e-05	-8.456099598589881e-05
random	DOID:5041	esophageal cancer	0.26785714285714285	0.13851351351351351	0.26515151515151514	0.25925925925925924	0.5106382978723404	1.0	0.002705627705627711	-0.12663800163800162
random	DOID:5408	Paget's disease of bone	0.31994047619047616	0.43083333333333335	0.43170289855072463	0.30670289855072463	0.3111111111111111	1.25	-0.11176242236024847	-0.0008695652173912882
random	DOID:635	acquired immunodeficiency syndrome	0.13273176758454977	0.1718019188057699	0.13854447839741957	0.14891137332905538	0.1583115444809925	2.6	-0.005812710812869798	0.033257440408350325
random	DOID:6364	migraine	0.15234413569017227	0.29193068860961796	0.21780831968331968	0.3162295567946004	0.445645875638361	2.75	-0.0654641839931474	0.07412236892629828
random	DOID:7147	ankylosing spondylitis	0.45490339079544473	0.46930530806574317	0.45445833333333335	0.48827898550724635	0.4873346325805342	2.2	0.00044505746211137565	0.014846974732409812
random	DOID:7148	rheumatoid arthritis	0.20397336126496687	0.5597273674093808	0.5322245370774782	0.20326192744615917	0.20298032991105833	3.2	-0.3282511758125113	0.027502830331902595
random	DOID:8577	ulcerative colitis	0.17588360327689362	0.4326958059084691	0.3444189966358718	0.4437917978022635	0.43998703466894007	5.0	-0.16853539335897816	0.08827680927259735
random	DOID:8778	Crohn's disease	0.09407093677927011	0.09163808178638687	0.09476534506026339	0.09871309246309246	0.0891437051971326	2.0	-0.0006944082809932778	-0.003127263273876524
random	DOID:8893	psoriasis	0.18516240879526075	0.20824985130468235	0.18903399746103014	0.2351291693317641	0.21498480048518082	3.6	-0.003871588665769393	0.01921585384365221
random	DOID:9008	psoriatic arthritis	0.6046085858585859	0.5099074074074075	0.5607070707070707	0.5205555555555555	0.5099074074074075	2.0	0.04390151515151519	-0.050799663299663234
random	DOID:9074	systemic lupus erythematosus	0.18719404708766413	0.5771075123706703	0.4438203238203238	0.5788567455223423	0.5954952132583712	2.6	-0.2566262767326597	0.13328718855034644
random	DOID:9206	Barrett's esophagus	0.1455108359133127	0.5180023228803716	0.5201023391812866	0.5208664546899842	0.5187740693196405	1.5	-0.37459150326797386	-0.002100016300914942
random	DOID:9352	type 2 diabetes mellitus	0.29357630478180663	0.47989282203740036	0.36322360862604763	0.3662880344056815	0.3587549767288443	3.6	-0.069647303844241	0.11666921341135272
random	DOID:9744	type 1 diabetes mellitus	0.1111111111111111	0.09090909090909091	0.1111111111111111	0.125	0.1111111111111111	1.0	0.0	-0.020202020202020193
random	DOID:986	alopecia areata	0.08333333333333333	0.07692307692307693	0.07692307692307693	0.08333333333333333	0.07142857142857142	1.0	0.006410256410256401	0.0
random	DOID:9970	obesity	0.3113009213009213	0.4856024866086785	0.5572859722451374	0.2566931216931217	0.24640704123462745	2.2	-0.24598505094421613	-0.07168348563645893
