task	model	stratum	policy	n	MRR	median_rank	hits10
compound	graph	no stop	flat_negative	74.4	0.3793941713685829	5.0	0.6209677419354839
compound	graph	no stop	mask_all	74.4	0.4453967121395243	3.5	0.6612903225806451
compound	graph	no stop	no_writeback	74.4	0.44745779275252456	4.0	0.6612903225806451
compound	graph	no stop	typed	74.4	0.42785591678560386	4.0	0.6451612903225806
compound	graph	no stop	typed_scoped	74.4	0.44206675162199266	4.0	0.6639784946236559
compound	graph	other stop	flat_negative	51.2	0.2850013835153067	8.0	0.59765625
compound	graph	other stop	mask_all	51.2	0.5074808908989683	3.0	0.71484375
compound	graph	other stop	no_writeback	51.2	0.5047661439513192	3.0	0.69921875
compound	graph	other stop	typed	51.2	0.4647804048219387	3.0	0.69140625
compound	graph	other stop	typed_scoped	51.2	0.48591268808704496	3.0	0.69921875
compound	graph	scientific stop	flat_negative	24.2	0.2820960920392232	8.0	0.5619834710743802
compound	graph	scientific stop	mask_all	24.2	0.524141823841554	2.0	0.768595041322314
compound	graph	scientific stop	no_writeback	24.2	0.5187951444831544	2.0	0.7520661157024794
compound	graph	scientific stop	typed	24.2	0.22565901752058024	7.0	0.5619834710743802
compound	graph	scientific stop	typed_scoped	24.2	0.368296345855757	5.0	0.6446280991735537
compound	mf	no stop	flat_negative	74.4	0.1368340328769362	20.0	0.29838709677419356
compound	mf	no stop	mask_all	74.4	0.15048275724094282	17.0	0.34767025089605735
compound	mf	no stop	no_writeback	74.4	0.15161404725970418	17.0	0.3521505376344086
compound	mf	no stop	typed	74.4	0.1468161387840479	18.0	0.34139784946236557
compound	mf	no stop	typed_scoped	74.4	0.15308785712103534	18.0	0.34050179211469533
compound	mf	other stop	flat_negative	51.2	0.019593431796202765	66.0	0.0026041666666666665
compound	mf	other stop	mask_all	51.2	0.17810904919130824	11.0	0.4622395833333333
compound	mf	other stop	no_writeback	51.2	0.17730839312660804	12.0	0.4739583333333333
compound	mf	other stop	typed	51.2	0.15720873850636377	14.0	0.42578125
compound	mf	other stop	typed_scoped	51.2	0.1616738057524332	13.0	0.4231770833333333
compound	mf	scientific stop	flat_negative	24.2	0.02303594049801444	59.0	0.011019283746556474
compound	mf	scientific stop	mask_all	24.2	0.28121178039345385	10.0	0.5234159779614325
compound	mf	scientific stop	no_writeback	24.2	0.2769661308727474	11.0	0.4903581267217631
compound	mf	scientific stop	typed	24.2	0.01718059547317206	63.0	0.0
compound	mf	scientific stop	typed_scoped	24.2	0.12688722771427785	57.0	0.1763085399449036
random	graph	no stop	flat_negative	78.0	0.3901407679407035	6.0	0.6102564102564103
random	graph	no stop	mask_all	78.0	0.3725313825974683	6.0	0.6307692307692307
random	graph	no stop	no_writeback	78.0	0.3847195031650143	5.0	0.6076923076923076
random	graph	no stop	typed	78.0	0.3769117666272867	6.0	0.6102564102564103
random	graph	no stop	typed_scoped	78.0	0.37994238028795524	5.5	0.6102564102564103
random	graph	other stop	flat_negative	49.4	0.32657391670292224	6.0	0.6437246963562753
random	graph	other stop	mask_all	49.4	0.5532968812987638	2.0	0.7408906882591093
random	graph	other stop	no_writeback	49.4	0.48890544700228683	2.0	0.7044534412955465
random	graph	other stop	typed	49.4	0.5571543612632385	2.0	0.728744939271255
random	graph	other stop	typed_scoped	49.4	0.5448234317610099	2.0	0.7206477732793523
random	graph	scientific stop	flat_negative	23.6	0.27643324563772387	7.0	0.635593220338983
random	graph	scientific stop	mask_all	23.6	0.5718572076568235	2.0	0.8305084745762712
random	graph	scientific stop	no_writeback	23.6	0.436930183305394	3.0	0.7542372881355932
random	graph	scientific stop	typed	23.6	0.2628024390992869	7.5	0.6440677966101694
random	graph	scientific stop	typed_scoped	23.6	0.35172803190675167	5.0	0.711864406779661
random	mf	no stop	flat_negative	78.0	0.36081717826896814	6.0	0.6632478632478632
random	mf	no stop	mask_all	78.0	0.36076632994068836	6.0	0.6555555555555556
random	mf	no stop	no_writeback	78.0	0.36786550434111615	6.0	0.6606837606837607
random	mf	no stop	typed	78.0	0.35820932106487996	6.0	0.6846153846153846
random	mf	no stop	typed_scoped	78.0	0.3543074631528422	6.0	0.6692307692307692
random	mf	other stop	flat_negative	49.4	0.1824162632327582	10.0	0.5182186234817814
random	mf	other stop	mask_all	49.4	0.45626561548240596	3.0	0.7530364372469636
random	mf	other stop	no_writeback	49.4	0.41027232702962135	4.0	0.7219973009446694
random	mf	other stop	typed	49.4	0.4515317578295249	3.0	0.7341430499325237
random	mf	other stop	typed_scoped	49.4	0.44719629101336394	3.0	0.7300944669365722
random	mf	scientific stop	flat_negative	23.6	0.20448591227187915	11.5	0.4632768361581921
random	mf	scientific stop	mask_all	23.6	0.44798833698041873	3.0	0.7627118644067796
random	mf	scientific stop	no_writeback	23.6	0.40389839589953497	4.0	0.7231638418079096
random	mf	scientific stop	typed	23.6	0.1899566216515135	11.0	0.4830508474576271
random	mf	scientific stop	typed_scoped	23.6	0.3020008610720295	8.5	0.5423728813559322
