compound	disease
DB00133	DOID:332
DB00137	DOID:1686
DB00207	DOID:8778
DB00218	DOID:9352
DB00254	DOID:0050156
DB00260	DOID:1595
DB00390	DOID:10763
DB00390	DOID:1793
DB00437	DOID:1324
DB00465	DOID:1324
DB00465	DOID:263
DB00470	DOID:6364
DB00514	DOID:5419
DB00531	DOID:10976
DB00575	DOID:0060119
DB00582	DOID:2531
DB00608	DOID:1793
DB00635	DOID:10976
DB00688	DOID:1324
DB00704	DOID:8398
DB00704	DOID:9352
DB00709	DOID:332
DB00712	DOID:1324
DB00762	DOID:3571
DB00813	DOID:3083
DB00822	DOID:10283
DB00908	DOID:5419
DB00910	DOID:1793
DB00945	DOID:1993
DB00947	DOID:2394
DB00959	DOID:10976
DB00997	DOID:1790
DB01004	DOID:1909
DB01006	DOID:2394
DB01015	DOID:0050156
DB01048	DOID:332
DB01073	DOID:10283
DB01156	DOID:9352
DB01262	DOID:1793
DB01611	DOID:1793
DB01611	DOID:9744
DB06292	DOID:1612
DB08824	DOID:263
DB08896	DOID:3571
DB08899	DOID:1612
DB08911	DOID:1793
DB08930	DOID:332
