task,sampler,model,AP_mean,AP_sd,AUROC_mean,AUROC_sd
random,uniform,degree,0.36922637622304305,0.006465682947094727,0.8233309585529254,0.004644560459006911
random,uniform,disease_only,0.1779190956433797,0.003238653478240246,0.762453617274597,0.0032757069798100393
random,uniform,complex,0.5789238313288733,0.02736117715781582,0.901851067661254,0.005279169449478521
random,uniform,distmult,0.4900577340101629,0.03744976887059435,0.8803360426721495,0.009712963836935484
random,uniform,rotate,0.7147493360381785,0.007488398386029531,0.9063093327293711,0.0014335534086491936
random,matched,degree,0.05146846077694211,0.0004304216727017842,0.5115949383780319,0.0011455671643866036
random,matched,disease_only,0.04999260396821722,0.0010402163424423634,0.5110376941271064,0.0015304334328259984
random,matched,complex,0.13383013917992911,0.009017417462086053,0.7705160114719192,0.01106243965843476
random,matched,distmult,0.10022534896468642,0.008283873746923562,0.719924954080713,0.017308999217332612
random,matched,rotate,0.43560245220314736,0.014188057087086836,0.8367797988177003,0.003344616416138586
compound_disjoint,uniform,degree,0.17540797347281525,0.014948595951470097,0.7651751965169522,0.013714769461702312
compound_disjoint,uniform,disease_only,0.17540797347281525,0.014948595951470097,0.7651751965169522,0.013714769461702312
compound_disjoint,uniform,complex,0.18185707472860446,0.0007842235030011888,0.754175293960807,0.02067270463367479
compound_disjoint,uniform,distmult,0.15799438690934414,0.02241435294797665,0.7231863968385209,0.020042443548215397
compound_disjoint,uniform,rotate,0.23979282993415396,0.03065870846902268,0.7451636027051097,0.01700469759007003
compound_disjoint,matched,degree,0.04952263878839191,0.0009253071447846428,0.5105336575003183,0.00012930483666270394
compound_disjoint,matched,disease_only,0.04952263878839191,0.0009253071447846428,0.5105336575003183,0.00012930483666270394
compound_disjoint,matched,complex,0.07399685471206202,0.0004779022576090918,0.605236305269763,0.011496704152148521
compound_disjoint,matched,distmult,0.07255717792631984,0.005578877349258632,0.6075081135285133,0.015821588322079493
compound_disjoint,matched,rotate,0.12142174665043963,0.016009508833550436,0.6704780492259799,0.019896573926635183
