policy	w_neg	model	AP	macroAP_disease	AUROC	median_pct_in_wb_scientific	median_pct_in_wb_other	median_pct_not_in_wb	E3_AUROC_approved_vs_later_failure
sci=ignore,other=ignore	10.0	degree	0.006	0.02	0.692	0.878	0.874	0.79	0.501
sci=ignore,other=ignore	10.0	disease_degree	0.009	0.004	0.695	0.794	0.779	0.838	0.553
sci=ignore,other=ignore	10.0	graph	0.025	0.049	0.666	0.879	0.778	0.756	0.658
sci=ignore,other=ignore	10.0	hybrid	0.025	0.046	0.674	0.83	0.797	0.785	0.662
sci=ignore,other=ignore	10.0	mf	0.014	0.037	0.734	0.941	0.914	0.863	0.56
sci=ignore,other=mask	10.0	degree	0.006	0.02	0.692	0.878	0.874	0.79	0.501
sci=ignore,other=mask	10.0	graph	0.03	0.051	0.677	0.845	0.833	0.765	0.662
sci=ignore,other=mask	10.0	hybrid	0.029	0.056	0.683	0.814	0.85	0.784	0.666
sci=ignore,other=mask	10.0	mf	0.015	0.04	0.744	0.945	0.934	0.864	0.559
sci=ignore,other=negate	10.0	degree	0.006	0.02	0.695	0.867	0.867	0.79	0.505
sci=ignore,other=negate	10.0	graph	0.016	0.042	0.654	0.866	0.767	0.745	0.657
sci=ignore,other=negate	10.0	hybrid	0.015	0.04	0.662	0.846	0.801	0.755	0.662
sci=ignore,other=negate	10.0	mf	0.01	0.032	0.671	0.889	0.823	0.863	0.56
sci=mask,other=ignore	10.0	degree	0.006	0.02	0.692	0.878	0.874	0.79	0.501
sci=mask,other=ignore	10.0	graph	0.028	0.047	0.666	0.894	0.786	0.757	0.653
sci=mask,other=ignore	10.0	hybrid	0.027	0.046	0.675	0.872	0.808	0.78	0.661
sci=mask,other=ignore	10.0	mf	0.014	0.039	0.743	0.949	0.919	0.859	0.555
sci=mask,other=mask	10.0	degree	0.006	0.02	0.692	0.878	0.874	0.79	0.501
sci=mask,other=mask	10.0	graph	0.031	0.056	0.678	0.867	0.836	0.76	0.658
sci=mask,other=mask	10.0	hybrid	0.03	0.057	0.684	0.828	0.852	0.79	0.665
sci=mask,other=mask	10.0	mf	0.015	0.041	0.748	0.955	0.928	0.865	0.557
sci=mask,other=negate	10.0	degree	0.006	0.02	0.695	0.867	0.867	0.79	0.505
sci=mask,other=negate	10.0	graph	0.019	0.038	0.655	0.876	0.776	0.744	0.653
sci=mask,other=negate	10.0	hybrid	0.017	0.039	0.662	0.879	0.789	0.76	0.659
sci=mask,other=negate	10.0	mf	0.01	0.033	0.672	0.896	0.824	0.863	0.558
sci=negate,other=ignore	10.0	degree	0.006	0.02	0.693	0.872	0.872	0.79	0.502
sci=negate,other=ignore	10.0	graph	0.023	0.042	0.662	0.827	0.75	0.761	0.662
sci=negate,other=ignore	10.0	hybrid	0.023	0.039	0.67	0.777	0.793	0.781	0.665
sci=negate,other=ignore	10.0	mf	0.013	0.035	0.686	0.864	0.904	0.859	0.558
sci=negate,other=mask	3.0	degree	0.006	0.02	0.692	0.878	0.874	0.79	0.501
sci=negate,other=mask	3.0	graph	0.028	0.049	0.675	0.823	0.835	0.763	0.663
sci=negate,other=mask	3.0	hybrid	0.027	0.05	0.682	0.763	0.843	0.784	0.667
sci=negate,other=mask	3.0	mf	0.014	0.039	0.732	0.928	0.933	0.864	0.563
sci=negate,other=mask	10.0	degree	0.006	0.02	0.693	0.878	0.874	0.79	0.502
sci=negate,other=mask	10.0	graph	0.027	0.049	0.673	0.82	0.831	0.766	0.665
sci=negate,other=mask	10.0	hybrid	0.025	0.05	0.68	0.751	0.845	0.786	0.668
sci=negate,other=mask	10.0	mf	0.014	0.038	0.693	0.874	0.906	0.86	0.561
sci=negate,other=mask	30.0	degree	0.006	0.02	0.694	0.867	0.867	0.79	0.505
sci=negate,other=mask	30.0	graph	0.026	0.049	0.671	0.811	0.833	0.765	0.666
sci=negate,other=mask	30.0	hybrid	0.024	0.049	0.677	0.74	0.839	0.782	0.668
sci=negate,other=mask	30.0	mf	0.014	0.039	0.673	0.749	0.906	0.86	0.551
sci=negate,other=negate	3.0	degree	0.006	0.02	0.693	0.872	0.872	0.79	0.502
sci=negate,other=negate	3.0	graph	0.019	0.039	0.658	0.833	0.768	0.755	0.66
sci=negate,other=negate	3.0	hybrid	0.019	0.036	0.666	0.795	0.777	0.768	0.665
sci=negate,other=negate	3.0	mf	0.012	0.035	0.684	0.893	0.893	0.863	0.558
sci=negate,other=negate	10.0	degree	0.006	0.02	0.695	0.867	0.867	0.79	0.505
sci=negate,other=negate	10.0	graph	0.015	0.037	0.652	0.814	0.753	0.748	0.664
sci=negate,other=negate	10.0	hybrid	0.014	0.033	0.659	0.789	0.771	0.757	0.666
sci=negate,other=negate	10.0	mf	0.01	0.031	0.662	0.828	0.774	0.855	0.56
sci=negate,other=negate	30.0	degree	0.006	0.02	0.698	0.861	0.871	0.8	0.507
sci=negate,other=negate	30.0	graph	0.013	0.033	0.644	0.791	0.708	0.741	0.664
sci=negate,other=negate	30.0	hybrid	0.012	0.031	0.649	0.765	0.742	0.748	0.665
sci=negate,other=negate	30.0	mf	0.008	0.026	0.621	0.661	0.664	0.853	0.541
typed_scoped	10.0	degree	0.006	0.02	0.692	0.878	0.874	0.79	0.501
typed_scoped	10.0	graph	0.03	0.051	0.677	0.864	0.836	0.76	0.658
typed_scoped	10.0	hybrid	0.03	0.052	0.683	0.801	0.843	0.788	0.665
typed_scoped	10.0	mf	0.015	0.041	0.706	0.942	0.926	0.86	0.559
