policy	w_neg	model	pooled AP	per-disease AP	MRR	Hits@10	AUROC	held-out negated	held-out masked
sci=ignore,other=ignore	10.0	degree	0.042 (0.006)	0.132 (0.017)	0.191 (0.013)	0.404 (0.034)	0.688 (0.008)	0.0	0.0
sci=ignore,other=ignore	10.0	disease_degree	0.054 (0.003)	0.027 (0.002)	0.191 (0.013)	0.404 (0.034)	0.725 (0.006)	0.0	0.0
sci=ignore,other=ignore	10.0	graph	0.257 (0.025)	0.336 (0.019)	0.427 (0.026)	0.662 (0.022)	0.847 (0.018)	0.0	0.0
sci=ignore,other=ignore	10.0	hybrid	0.253 (0.027)	0.339 (0.026)	0.437 (0.031)	0.680 (0.023)	0.849 (0.018)	0.0	0.0
sci=ignore,other=ignore	10.0	mf	0.178 (0.019)	0.317 (0.014)	0.387 (0.028)	0.691 (0.023)	0.851 (0.005)	0.0	0.0
sci=ignore,other=mask	10.0	degree	0.042 (0.006)	0.132 (0.017)	0.191 (0.013)	0.404 (0.034)	0.687 (0.009)	0.0	49.4
sci=ignore,other=mask	10.0	graph	0.251 (0.046)	0.342 (0.019)	0.445 (0.037)	0.687 (0.025)	0.849 (0.019)	0.0	49.4
sci=ignore,other=mask	10.0	hybrid	0.249 (0.040)	0.349 (0.023)	0.443 (0.040)	0.681 (0.025)	0.852 (0.020)	0.0	49.4
sci=ignore,other=mask	10.0	mf	0.185 (0.023)	0.329 (0.017)	0.396 (0.021)	0.708 (0.032)	0.856 (0.006)	0.0	49.4
sci=ignore,other=negate	10.0	degree	0.043 (0.006)	0.132 (0.017)	0.191 (0.013)	0.404 (0.034)	0.692 (0.009)	49.4	0.0
sci=ignore,other=negate	10.0	graph	0.176 (0.015)	0.274 (0.026)	0.378 (0.022)	0.652 (0.024)	0.837 (0.016)	49.4	0.0
sci=ignore,other=negate	10.0	hybrid	0.169 (0.013)	0.274 (0.022)	0.381 (0.020)	0.651 (0.013)	0.839 (0.016)	49.4	0.0
sci=ignore,other=negate	10.0	mf	0.133 (0.013)	0.261 (0.018)	0.306 (0.017)	0.614 (0.027)	0.819 (0.009)	49.4	0.0
sci=mask,other=ignore	10.0	degree	0.042 (0.006)	0.132 (0.017)	0.191 (0.013)	0.404 (0.034)	0.687 (0.009)	0.0	23.6
sci=mask,other=ignore	10.0	graph	0.278 (0.026)	0.349 (0.017)	0.446 (0.016)	0.689 (0.020)	0.849 (0.018)	0.0	23.6
sci=mask,other=ignore	10.0	hybrid	0.273 (0.026)	0.354 (0.017)	0.459 (0.028)	0.688 (0.018)	0.852 (0.018)	0.0	23.6
sci=mask,other=ignore	10.0	mf	0.187 (0.019)	0.327 (0.013)	0.399 (0.019)	0.693 (0.023)	0.852 (0.006)	0.0	23.6
sci=mask,other=mask	10.0	degree	0.042 (0.006)	0.132 (0.017)	0.191 (0.013)	0.404 (0.034)	0.687 (0.009)	0.0	73.0
sci=mask,other=mask	10.0	graph	0.264 (0.039)	0.360 (0.024)	0.463 (0.030)	0.698 (0.031)	0.853 (0.019)	0.0	73.0
sci=mask,other=mask	10.0	hybrid	0.265 (0.038)	0.361 (0.025)	0.469 (0.034)	0.689 (0.023)	0.856 (0.019)	0.0	73.0
sci=mask,other=mask	10.0	mf	0.190 (0.022)	0.338 (0.016)	0.406 (0.016)	0.704 (0.038)	0.857 (0.006)	0.0	73.0
sci=mask,other=negate	10.0	degree	0.043 (0.006)	0.132 (0.017)	0.191 (0.013)	0.404 (0.034)	0.692 (0.009)	49.4	23.6
sci=mask,other=negate	10.0	graph	0.202 (0.022)	0.290 (0.024)	0.397 (0.018)	0.654 (0.026)	0.839 (0.016)	49.4	23.6
sci=mask,other=negate	10.0	hybrid	0.194 (0.018)	0.288 (0.021)	0.400 (0.016)	0.660 (0.012)	0.840 (0.016)	49.4	23.6
sci=mask,other=negate	10.0	mf	0.143 (0.018)	0.268 (0.019)	0.312 (0.015)	0.618 (0.032)	0.822 (0.009)	49.4	23.6
sci=negate,other=ignore	10.0	degree	0.043 (0.006)	0.132 (0.017)	0.191 (0.013)	0.404 (0.034)	0.689 (0.009)	23.6	0.0
sci=negate,other=ignore	10.0	graph	0.232 (0.032)	0.304 (0.016)	0.402 (0.030)	0.646 (0.031)	0.841 (0.018)	23.6	0.0
sci=negate,other=ignore	10.0	hybrid	0.226 (0.033)	0.304 (0.025)	0.404 (0.031)	0.654 (0.032)	0.843 (0.018)	23.6	0.0
sci=negate,other=ignore	10.0	mf	0.152 (0.017)	0.288 (0.013)	0.351 (0.030)	0.655 (0.027)	0.833 (0.007)	23.6	0.0
sci=negate,other=mask	3.0	degree	0.042 (0.006)	0.132 (0.017)	0.191 (0.013)	0.404 (0.034)	0.687 (0.009)	23.6	49.4
sci=negate,other=mask	3.0	graph	0.238 (0.046)	0.327 (0.022)	0.431 (0.038)	0.668 (0.030)	0.847 (0.019)	23.6	49.4
sci=negate,other=mask	3.0	hybrid	0.237 (0.044)	0.332 (0.022)	0.428 (0.041)	0.669 (0.028)	0.849 (0.019)	23.6	49.4
sci=negate,other=mask	3.0	mf	0.177 (0.023)	0.314 (0.015)	0.384 (0.024)	0.702 (0.030)	0.853 (0.006)	23.6	49.4
sci=negate,other=mask	10.0	degree	0.043 (0.006)	0.132 (0.017)	0.191 (0.013)	0.404 (0.034)	0.689 (0.009)	23.6	49.4
sci=negate,other=mask	10.0	graph	0.227 (0.047)	0.318 (0.024)	0.418 (0.038)	0.654 (0.022)	0.843 (0.019)	23.6	49.4
sci=negate,other=mask	10.0	hybrid	0.222 (0.043)	0.319 (0.024)	0.412 (0.040)	0.657 (0.030)	0.845 (0.019)	23.6	49.4
sci=negate,other=mask	10.0	mf	0.162 (0.023)	0.299 (0.016)	0.362 (0.032)	0.669 (0.034)	0.840 (0.005)	23.6	49.4
sci=negate,other=mask	30.0	degree	0.043 (0.006)	0.132 (0.017)	0.191 (0.013)	0.404 (0.034)	0.691 (0.009)	23.6	49.4
sci=negate,other=mask	30.0	graph	0.221 (0.050)	0.314 (0.026)	0.405 (0.041)	0.637 (0.025)	0.839 (0.020)	23.6	49.4
sci=negate,other=mask	30.0	hybrid	0.216 (0.045)	0.313 (0.025)	0.402 (0.041)	0.642 (0.030)	0.841 (0.020)	23.6	49.4
sci=negate,other=mask	30.0	mf	0.151 (0.023)	0.290 (0.009)	0.345 (0.037)	0.624 (0.028)	0.820 (0.009)	23.6	49.4
sci=negate,other=negate	3.0	degree	0.043 (0.006)	0.132 (0.017)	0.191 (0.013)	0.404 (0.034)	0.689 (0.009)	73.0	0.0
sci=negate,other=negate	3.0	graph	0.207 (0.023)	0.282 (0.015)	0.394 (0.031)	0.648 (0.028)	0.841 (0.016)	73.0	0.0
sci=negate,other=negate	3.0	hybrid	0.205 (0.023)	0.288 (0.020)	0.396 (0.025)	0.658 (0.023)	0.843 (0.017)	73.0	0.0
sci=negate,other=negate	3.0	mf	0.151 (0.011)	0.285 (0.015)	0.350 (0.021)	0.656 (0.023)	0.837 (0.007)	73.0	0.0
sci=negate,other=negate	10.0	degree	0.043 (0.006)	0.132 (0.017)	0.191 (0.013)	0.404 (0.034)	0.693 (0.009)	73.0	0.0
sci=negate,other=negate	10.0	graph	0.154 (0.020)	0.242 (0.023)	0.352 (0.031)	0.625 (0.035)	0.833 (0.016)	73.0	0.0
sci=negate,other=negate	10.0	hybrid	0.145 (0.018)	0.241 (0.017)	0.346 (0.032)	0.623 (0.023)	0.833 (0.016)	73.0	0.0
sci=negate,other=negate	10.0	mf	0.112 (0.005)	0.241 (0.022)	0.278 (0.027)	0.585 (0.046)	0.803 (0.012)	73.0	0.0
sci=negate,other=negate	30.0	degree	0.044 (0.007)	0.132 (0.017)	0.191 (0.013)	0.404 (0.034)	0.701 (0.008)	73.0	0.0
sci=negate,other=negate	30.0	graph	0.130 (0.018)	0.221 (0.022)	0.320 (0.034)	0.596 (0.044)	0.824 (0.016)	73.0	0.0
sci=negate,other=negate	30.0	hybrid	0.119 (0.014)	0.216 (0.017)	0.319 (0.034)	0.597 (0.032)	0.823 (0.016)	73.0	0.0
sci=negate,other=negate	30.0	mf	0.083 (0.004)	0.200 (0.022)	0.225 (0.030)	0.460 (0.038)	0.742 (0.018)	73.0	0.0
typed_scoped	10.0	degree	0.042 (0.006)	0.132 (0.017)	0.191 (0.013)	0.404 (0.034)	0.688 (0.008)	14.4	58.6
typed_scoped	10.0	graph	0.234 (0.038)	0.333 (0.028)	0.429 (0.031)	0.662 (0.019)	0.847 (0.018)	14.4	58.6
typed_scoped	10.0	hybrid	0.234 (0.037)	0.336 (0.022)	0.429 (0.034)	0.663 (0.024)	0.850 (0.018)	14.4	58.6
typed_scoped	10.0	mf	0.170 (0.020)	0.307 (0.021)	0.377 (0.024)	0.669 (0.041)	0.845 (0.005)	14.4	58.6
