Set	Contrast	pooledAP diff	macroAP diff	pooledAP 95% CI	macroAP 95% CI
random	flat_negative - no_writeback [degree]	0.0004	0.0	(-0.000, +0.002)	(+0.000, +0.000)
random	flat_negative - no_writeback [mf]	-0.066	-0.0758	(-0.100, -0.041)	(-0.101, -0.054)
random	flat_negative - no_writeback [graph]	-0.1024	-0.0945	(-0.134, -0.061)	(-0.125, -0.069)
random	flat_negative - no_writeback [hybrid]	-0.1082	-0.0976	(-0.142, -0.065)	(-0.129, -0.071)
random	mask_all - no_writeback [degree]	-0.0001	0.0	(-0.000, +0.000)	(+0.000, +0.000)
random	mask_all - no_writeback [mf]	0.0119	0.0203	(+0.002, +0.021)	(+0.010, +0.030)
random	mask_all - no_writeback [graph]	0.0068	0.0242	(-0.019, +0.040)	(+0.008, +0.043)
random	mask_all - no_writeback [hybrid]	0.012	0.0226	(-0.011, +0.041)	(+0.004, +0.040)
random	typed - no_writeback [degree]	0.0001	0.0	(-0.000, +0.001)	(+0.000, +0.000)
random	typed - no_writeback [mf]	-0.0156	-0.0179	(-0.037, +0.006)	(-0.036, -0.001)
random	typed - no_writeback [graph]	-0.0293	-0.0181	(-0.059, +0.008)	(-0.043, +0.005)
random	typed - no_writeback [hybrid]	-0.0311	-0.0193	(-0.058, +0.002)	(-0.042, +0.003)
random	typed_scoped - no_writeback [degree]	0.0	0.0	(-0.000, +0.000)	(+0.000, +0.000)
random	typed_scoped - no_writeback [mf]	-0.0077	-0.0106	(-0.027, +0.008)	(-0.026, +0.003)
random	typed_scoped - no_writeback [graph]	-0.0224	-0.0033	(-0.050, +0.014)	(-0.027, +0.021)
random	typed_scoped - no_writeback [hybrid]	-0.0189	-0.0028	(-0.044, +0.013)	(-0.025, +0.018)
compound	flat_negative - no_writeback [degree]	0.0	0.0	(+0.000, +0.000)	(+0.000, +0.000)
compound	flat_negative - no_writeback [mf]	-0.0455	-0.0258	(-0.065, -0.023)	(-0.037, -0.015)
compound	flat_negative - no_writeback [graph]	-0.1493	-0.1243	(-0.188, -0.105)	(-0.147, -0.100)
compound	flat_negative - no_writeback [hybrid]	-0.1497	-0.1234	(-0.190, -0.104)	(-0.147, -0.098)
compound	mask_all - no_writeback [degree]	0.0	0.0	(+0.000, +0.000)	(+0.000, +0.000)
compound	mask_all - no_writeback [mf]	-0.0	0.0005	(-0.001, +0.001)	(-0.001, +0.003)
compound	mask_all - no_writeback [graph]	-0.0007	0.0045	(-0.013, +0.012)	(-0.002, +0.011)
compound	mask_all - no_writeback [hybrid]	-0.0007	0.0045	(-0.013, +0.012)	(-0.002, +0.011)
compound	typed - no_writeback [degree]	0.0	0.0	(+0.000, +0.000)	(+0.000, +0.000)
compound	typed - no_writeback [mf]	-0.0267	-0.0183	(-0.046, -0.011)	(-0.027, -0.011)
compound	typed - no_writeback [graph]	-0.0828	-0.0584	(-0.127, -0.045)	(-0.083, -0.036)
compound	typed - no_writeback [hybrid]	-0.0824	-0.0603	(-0.125, -0.046)	(-0.085, -0.038)
compound	typed_scoped - no_writeback [degree]	0.0	0.0	(+0.000, +0.000)	(+0.000, +0.000)
compound	typed_scoped - no_writeback [mf]	-0.0172	-0.0108	(-0.026, -0.011)	(-0.017, -0.004)
compound	typed_scoped - no_writeback [graph]	-0.0366	-0.0281	(-0.060, -0.012)	(-0.042, -0.014)
compound	typed_scoped - no_writeback [hybrid]	-0.0365	-0.0281	(-0.060, -0.012)	(-0.042, -0.014)
e2	flat_negative - no_writeback [degree]	0.0002	0.0	(-0.000, +0.000)	(+0.000, +0.000)
e2	flat_negative - no_writeback [mf]	-0.0039	-0.0057	(-0.008, -0.001)	(-0.012, -0.001)
e2	flat_negative - no_writeback [graph]	-0.0101	-0.0116	(-0.019, -0.003)	(-0.029, +0.001)
e2	flat_negative - no_writeback [hybrid]	-0.0112	-0.013	(-0.020, -0.002)	(-0.031, -0.001)
e2	mask_all - no_writeback [degree]	-0.0	0.0	(-0.000, +0.000)	(+0.000, +0.000)
e2	mask_all - no_writeback [mf]	0.0008	0.0042	(-0.001, +0.003)	(+0.001, +0.007)
e2	mask_all - no_writeback [graph]	0.0064	0.0076	(-0.003, +0.016)	(-0.008, +0.022)
e2	mask_all - no_writeback [hybrid]	0.0052	0.0112	(-0.002, +0.015)	(+0.001, +0.024)
e2	typed - no_writeback [degree]	0.0	0.0	(-0.000, +0.000)	(+0.000, +0.000)
e2	typed - no_writeback [mf]	0.0004	0.0017	(-0.001, +0.003)	(-0.002, +0.005)
e2	typed - no_writeback [graph]	0.0022	-0.0001	(-0.005, +0.010)	(-0.022, +0.017)
e2	typed - no_writeback [hybrid]	0.0001	0.0035	(-0.006, +0.008)	(-0.016, +0.019)
e2	typed_scoped - no_writeback [degree]	-0.0	0.0	(-0.000, +0.000)	(+0.000, +0.000)
e2	typed_scoped - no_writeback [mf]	0.0008	0.0045	(-0.001, +0.003)	(+0.001, +0.008)
e2	typed_scoped - no_writeback [graph]	0.0053	0.0022	(-0.003, +0.014)	(-0.021, +0.019)
e2	typed_scoped - no_writeback [hybrid]	0.0043	0.0061	(-0.003, +0.013)	(-0.014, +0.023)
