task	pseed	model	dim	wd	epochs	val_AP	ckpt
random	42	mf	16.0	1e-05	200	0.07164930871958929	
random	42	mf	16.0	1e-05	400	0.07335783243760771	
random	42	mf	16.0	1e-05	800	0.08767562227695343	
random	42	mf	16.0	1e-05	1600	0.0928195456589221	
random	42	mf	16.0	0.0001	200	0.08092069935999932	
random	42	mf	16.0	0.0001	400	0.09697205823013445	
random	42	mf	16.0	0.0001	800	0.10109750540442562	
random	42	mf	16.0	0.0001	1600	0.10371185846739259	
random	42	mf	16.0	0.001	200	0.08842959241859921	
random	42	mf	16.0	0.001	400	0.09893292465270871	
random	42	mf	16.0	0.001	800	0.09957263948088606	
random	42	mf	16.0	0.001	1600	0.09958491932713025	
random	42	mf	32.0	1e-05	200	0.08812017546271095	
random	42	mf	32.0	1e-05	400	0.09415936397110015	
random	42	mf	32.0	1e-05	800	0.10263585968865122	
random	42	mf	32.0	1e-05	1600	0.1015645291938487	
random	42	mf	32.0	0.0001	200	0.10316852708141251	
random	42	mf	32.0	0.0001	400	0.10276042146440438	
random	42	mf	32.0	0.0001	800	0.10651662199817521	
random	42	mf	32.0	0.0001	1600	0.10756994438123321	
random	42	mf	32.0	0.001	200	0.09057514735466174	
random	42	mf	32.0	0.001	400	0.09963188330617855	
random	42	mf	32.0	0.001	800	0.09957543721208714	
random	42	mf	32.0	0.001	1600	0.09913002875896627	
random	42	graph		1e-05	200	0.10882544031360836	5.0
random	42	graph		1e-05	400	0.10911884304874034	5.0
random	42	graph		1e-05	800	0.1270876655910434	5.0
random	42	graph		1e-05	1600	0.13718703759378986	5.0
random	42	graph		0.0001	200	0.11203928218518631	5.0
random	42	graph		0.0001	400	0.11132638664452639	5.0
random	42	graph		0.0001	800	0.11643225055872485	5.0
random	42	graph		0.0001	1600	0.12282497944589847	5.0
random	42	graph		0.001	200	0.0771451434103252	5.0
random	42	graph		0.001	400	0.11396245585049147	5.0
random	42	graph		0.001	800	0.11638635939480459	5.0
random	42	graph		0.001	1600	0.14275456727637983	5.0
random	42	graph		1e-05	200	0.1838475896498974	10.0
random	42	graph		1e-05	400	0.19375443560227298	10.0
random	42	graph		1e-05	800	0.22124318337445856	10.0
random	42	graph		1e-05	1600	0.2184326318145515	10.0
random	42	graph		0.0001	200	0.1881070590293219	10.0
random	42	graph		0.0001	400	0.20122597154325253	10.0
random	42	graph		0.0001	800	0.21187196030257635	10.0
random	42	graph		0.0001	1600	0.2174600500898246	10.0
random	42	graph		0.001	200	0.18954574341098537	10.0
random	42	graph		0.001	400	0.1909159007335927	10.0
random	42	graph		0.001	800	0.19693894704062156	10.0
random	42	graph		0.001	1600	0.19662068513690925	10.0
random	42	graph		1e-05	200	0.2364816128675356	15.0
random	42	graph		1e-05	400	0.25753168271102445	15.0
random	42	graph		1e-05	800	0.25114761654361	15.0
random	42	graph		1e-05	1600	0.2644276983078708	15.0
random	42	graph		0.0001	200	0.23756960059620796	15.0
random	42	graph		0.0001	400	0.2555588594566439	15.0
random	42	graph		0.0001	800	0.2556835035431464	15.0
random	42	graph		0.0001	1600	0.2674097365129228	15.0
random	42	graph		0.001	200	0.23833511905913382	15.0
random	42	graph		0.001	400	0.24710787720069713	15.0
random	42	graph		0.001	800	0.2573695660426179	15.0
random	42	graph		0.001	1600	0.2592026909291278	15.0
random	42	graph		1e-05	200	0.2144740846979505	20.0
random	42	graph		1e-05	400	0.24997505056182648	20.0
random	42	graph		1e-05	800	0.28772562627069254	20.0
random	42	graph		1e-05	1600	0.31545791797198885	20.0
random	42	graph		0.0001	200	0.21259978878346383	20.0
random	42	graph		0.0001	400	0.2467120085241523	20.0
random	42	graph		0.0001	800	0.27961169415949255	20.0
random	42	graph		0.0001	1600	0.29453936235816597	20.0
random	42	graph		0.001	200	0.20941391558476039	20.0
random	42	graph		0.001	400	0.23099431170295784	20.0
random	42	graph		0.001	800	0.24902014343239512	20.0
random	42	graph		0.001	1600	0.2601028637931926	20.0
random	1	mf	16.0	1e-05	200	0.08838192486927306	
random	1	mf	16.0	1e-05	400	0.10100213451710463	
random	1	mf	16.0	1e-05	800	0.10680962976268948	
random	1	mf	16.0	1e-05	1600	0.09742339232215987	
random	1	mf	16.0	0.0001	200	0.08816053407064776	
random	1	mf	16.0	0.0001	400	0.0805343723674496	
random	1	mf	16.0	0.0001	800	0.08632691981149986	
random	1	mf	16.0	0.0001	1600	0.0887984313236955	
random	1	mf	16.0	0.001	200	0.07911368421126883	
random	1	mf	16.0	0.001	400	0.08047276819200253	
random	1	mf	16.0	0.001	800	0.07942651044035567	
random	1	mf	16.0	0.001	1600	0.07945198207093146	
random	1	mf	32.0	1e-05	200	0.09035017645879616	
random	1	mf	32.0	1e-05	400	0.09436739000617185	
random	1	mf	32.0	1e-05	800	0.10388495156414886	
random	1	mf	32.0	1e-05	1600	0.1112669795613317	
random	1	mf	32.0	0.0001	200	0.08767361079820381	
random	1	mf	32.0	0.0001	400	0.08557860093394416	
random	1	mf	32.0	0.0001	800	0.0882190669866434	
random	1	mf	32.0	0.0001	1600	0.09007074031866606	
random	1	mf	32.0	0.001	200	0.07974005621643164	
random	1	mf	32.0	0.001	400	0.08011919664781957	
random	1	mf	32.0	0.001	800	0.07945503477520768	
random	1	mf	32.0	0.001	1600	0.07985096902685666	
random	1	graph		1e-05	200	0.059564780360636546	5.0
random	1	graph		1e-05	400	0.07399371776489408	5.0
random	1	graph		1e-05	800	0.07865933944032176	5.0
random	1	graph		1e-05	1600	0.11917951534879913	5.0
random	1	graph		0.0001	200	0.05555772954535059	5.0
random	1	graph		0.0001	400	0.07184057733199972	5.0
random	1	graph		0.0001	800	0.043354353681180964	5.0
random	1	graph		0.0001	1600	0.10104178817822582	5.0
random	1	graph		0.001	200	0.05893934097849092	5.0
random	1	graph		0.001	400	0.06490263333672995	5.0
random	1	graph		0.001	800	0.07340556644391136	5.0
random	1	graph		0.001	1600	0.08761166347523762	5.0
random	1	graph		1e-05	200	0.13765555964864779	10.0
random	1	graph		1e-05	400	0.15240287876566458	10.0
random	1	graph		1e-05	800	0.15535716751804057	10.0
random	1	graph		1e-05	1600	0.1561215021784562	10.0
random	1	graph		0.0001	200	0.13655683651646544	10.0
random	1	graph		0.0001	400	0.15215696085371855	10.0
random	1	graph		0.0001	800	0.1522782520443032	10.0
random	1	graph		0.0001	1600	0.15711027699572483	10.0
random	1	graph		0.001	200	0.1342248552565223	10.0
random	1	graph		0.001	400	0.14470801888162016	10.0
random	1	graph		0.001	800	0.1464327976407489	10.0
random	1	graph		0.001	1600	0.14240425196164158	10.0
random	1	graph		1e-05	200	0.1371828687494051	15.0
random	1	graph		1e-05	400	0.14458372297417635	15.0
random	1	graph		1e-05	800	0.15473436897477721	15.0
random	1	graph		1e-05	1600	0.16296679076300172	15.0
random	1	graph		0.0001	200	0.13535302085855908	15.0
random	1	graph		0.0001	400	0.1441810645440622	15.0
random	1	graph		0.0001	800	0.1490316806593212	15.0
random	1	graph		0.0001	1600	0.15843623985472627	15.0
random	1	graph		0.001	200	0.12965167694529486	15.0
random	1	graph		0.001	400	0.13869835841317563	15.0
random	1	graph		0.001	800	0.1434674680558438	15.0
random	1	graph		0.001	1600	0.1459655182652069	15.0
random	1	graph		1e-05	200	0.0984276503189721	20.0
random	1	graph		1e-05	400	0.09540812963512203	20.0
random	1	graph		1e-05	800	0.10167079028431687	20.0
random	1	graph		1e-05	1600	0.11442390913486349	20.0
random	1	graph		0.0001	200	0.09737760406707258	20.0
random	1	graph		0.0001	400	0.09316296113373145	20.0
random	1	graph		0.0001	800	0.09352794905772942	20.0
random	1	graph		0.0001	1600	0.10096294334060128	20.0
random	1	graph		0.001	200	0.09822156840022986	20.0
random	1	graph		0.001	400	0.10452880877357382	20.0
random	1	graph		0.001	800	0.10746997351215147	20.0
random	1	graph		0.001	1600	0.10989517350366461	20.0
random	2	mf	16.0	1e-05	200	0.11605867543833276	
random	2	mf	16.0	1e-05	400	0.09209160114930989	
random	2	mf	16.0	1e-05	800	0.07383994792205804	
random	2	mf	16.0	1e-05	1600	0.08161154788973747	
random	2	mf	16.0	0.0001	200	0.08982456686064201	
random	2	mf	16.0	0.0001	400	0.09334745122431193	
random	2	mf	16.0	0.0001	800	0.10013998164252023	
random	2	mf	16.0	0.0001	1600	0.1003771991555426	
random	2	mf	16.0	0.001	200	0.10668570850173942	
random	2	mf	16.0	0.001	400	0.11050003749664843	
random	2	mf	16.0	0.001	800	0.10980636290484497	
random	2	mf	16.0	0.001	1600	0.1099270768231275	
random	2	mf	32.0	1e-05	200	0.0854773176108936	
random	2	mf	32.0	1e-05	400	0.07826079316026563	
random	2	mf	32.0	1e-05	800	0.09355230717906553	
random	2	mf	32.0	1e-05	1600	0.09575649617223507	
random	2	mf	32.0	0.0001	200	0.10667816354904011	
random	2	mf	32.0	0.0001	400	0.10358180021914591	
random	2	mf	32.0	0.0001	800	0.10647125276407983	
random	2	mf	32.0	0.0001	1600	0.10830525225534347	
random	2	mf	32.0	0.001	200	0.10683759714616155	
random	2	mf	32.0	0.001	400	0.10998538692995141	
random	2	mf	32.0	0.001	800	0.1097167593041415	
random	2	mf	32.0	0.001	1600	0.11008162663373786	
random	2	graph		1e-05	200	0.08814517108109703	5.0
random	2	graph		1e-05	400	0.14514645010326904	5.0
random	2	graph		1e-05	800	0.17432447041266225	5.0
random	2	graph		1e-05	1600	0.17784774088931246	5.0
random	2	graph		0.0001	200	0.12760533188050607	5.0
random	2	graph		0.0001	400	0.0652699207769972	5.0
random	2	graph		0.0001	800	0.16916604509752395	5.0
random	2	graph		0.0001	1600	0.13194882644108666	5.0
random	2	graph		0.001	200	0.07531706238965556	5.0
random	2	graph		0.001	400	0.09857790987715954	5.0
random	2	graph		0.001	800	0.13783696467401851	5.0
random	2	graph		0.001	1600	0.1451585986837178	5.0
random	2	graph		1e-05	200	0.16124688692516023	10.0
random	2	graph		1e-05	400	0.17874324208599782	10.0
random	2	graph		1e-05	800	0.19308659911814527	10.0
random	2	graph		1e-05	1600	0.22862463452672255	10.0
random	2	graph		0.0001	200	0.16185451250530197	10.0
random	2	graph		0.0001	400	0.17579598844780225	10.0
random	2	graph		0.0001	800	0.18308573408181938	10.0
random	2	graph		0.0001	1600	0.206073002994795	10.0
random	2	graph		0.001	200	0.1605772557935362	10.0
random	2	graph		0.001	400	0.16757919463785922	10.0
random	2	graph		0.001	800	0.17684031054791127	10.0
random	2	graph		0.001	1600	0.16587043068620913	10.0
random	2	graph		1e-05	200	0.198841404345321	15.0
random	2	graph		1e-05	400	0.23119412022073024	15.0
random	2	graph		1e-05	800	0.25146277956420277	15.0
random	2	graph		1e-05	1600	0.28633726351530153	15.0
random	2	graph		0.0001	200	0.19887871361554194	15.0
random	2	graph		0.0001	400	0.22517142918431052	15.0
random	2	graph		0.0001	800	0.24495368613697524	15.0
random	2	graph		0.0001	1600	0.2600724375821993	15.0
random	2	graph		0.001	200	0.19357226795341298	15.0
random	2	graph		0.001	400	0.20979540102355287	15.0
random	2	graph		0.001	800	0.22003280032799902	15.0
random	2	graph		0.001	1600	0.22311910786604694	15.0
random	2	graph		1e-05	200	0.1338197586673903	20.0
random	2	graph		1e-05	400	0.16088333043899414	20.0
random	2	graph		1e-05	800	0.19519411765950678	20.0
random	2	graph		1e-05	1600	0.19340016309386812	20.0
random	2	graph		0.0001	200	0.13481097058654365	20.0
random	2	graph		0.0001	400	0.15101951956521956	20.0
random	2	graph		0.0001	800	0.17255416518163377	20.0
random	2	graph		0.0001	1600	0.18620420435105936	20.0
random	2	graph		0.001	200	0.12967546947769576	20.0
random	2	graph		0.001	400	0.14125354036396162	20.0
random	2	graph		0.001	800	0.15301465076608348	20.0
random	2	graph		0.001	1600	0.16030065961480136	20.0
random	3	mf	16.0	1e-05	200	0.07728922687732175	
random	3	mf	16.0	1e-05	400	0.07656834133996639	
random	3	mf	16.0	1e-05	800	0.08082478633285324	
random	3	mf	16.0	1e-05	1600	0.09279031473926294	
random	3	mf	16.0	0.0001	200	0.10526039379482556	
random	3	mf	16.0	0.0001	400	0.11111345743939269	
random	3	mf	16.0	0.0001	800	0.1203175752604677	
random	3	mf	16.0	0.0001	1600	0.12862916149104403	
random	3	mf	16.0	0.001	200	0.11321668428530848	
random	3	mf	16.0	0.001	400	0.12306965152712067	
random	3	mf	16.0	0.001	800	0.12230915468381136	
random	3	mf	16.0	0.001	1600	0.12279815654308689	
random	3	mf	32.0	1e-05	200	0.08401112226479544	
random	3	mf	32.0	1e-05	400	0.07708251897390625	
random	3	mf	32.0	1e-05	800	0.08672238655541986	
random	3	mf	32.0	1e-05	1600	0.09473860516233436	
random	3	mf	32.0	0.0001	200	0.11205636142422906	
random	3	mf	32.0	0.0001	400	0.11670233558652615	
random	3	mf	32.0	0.0001	800	0.1274792754898846	
random	3	mf	32.0	0.0001	1600	0.1291859606060745	
random	3	mf	32.0	0.001	200	0.1151680154403189	
random	3	mf	32.0	0.001	400	0.12292485230692622	
random	3	mf	32.0	0.001	800	0.12295154994059888	
random	3	mf	32.0	0.001	1600	0.12275633720816849	
random	3	graph		1e-05	200	0.1380802487065515	5.0
random	3	graph		1e-05	400	0.1472209671859789	5.0
random	3	graph		1e-05	800	0.1444873006985419	5.0
random	3	graph		1e-05	1600	0.13801095452483705	5.0
random	3	graph		0.0001	200	0.11251001342357134	5.0
random	3	graph		0.0001	400	0.14402275017769745	5.0
random	3	graph		0.0001	800	0.13931261049649626	5.0
random	3	graph		0.0001	1600	0.13033551437733334	5.0
random	3	graph		0.001	200	0.1337116018944396	5.0
random	3	graph		0.001	400	0.13578243687224018	5.0
random	3	graph		0.001	800	0.11958834758967885	5.0
random	3	graph		0.001	1600	0.1204091631195899	5.0
random	3	graph		1e-05	200	0.16057480853076786	10.0
random	3	graph		1e-05	400	0.16872040711935868	10.0
random	3	graph		1e-05	800	0.17803399603935338	10.0
random	3	graph		1e-05	1600	0.1889201667930937	10.0
random	3	graph		0.0001	200	0.1611371548220661	10.0
random	3	graph		0.0001	400	0.1714037348849132	10.0
random	3	graph		0.0001	800	0.17316570754242835	10.0
random	3	graph		0.0001	1600	0.17788434229124822	10.0
random	3	graph		0.001	200	0.15356026355029542	10.0
random	3	graph		0.001	400	0.16185067922067659	10.0
random	3	graph		0.001	800	0.17213119425811932	10.0
random	3	graph		0.001	1600	0.14392549800515916	10.0
random	3	graph		1e-05	200	0.1625610750590808	15.0
random	3	graph		1e-05	400	0.1737169390749308	15.0
random	3	graph		1e-05	800	0.18505801745599962	15.0
random	3	graph		1e-05	1600	0.20483742699878704	15.0
random	3	graph		0.0001	200	0.1602745983152682	15.0
random	3	graph		0.0001	400	0.17241418757711757	15.0
random	3	graph		0.0001	800	0.1767132315171567	15.0
random	3	graph		0.0001	1600	0.19622178706679713	15.0
random	3	graph		0.001	200	0.15952859695725577	15.0
random	3	graph		0.001	400	0.17246144720578005	15.0
random	3	graph		0.001	800	0.17559904057157386	15.0
random	3	graph		0.001	1600	0.17622315705141614	15.0
random	3	graph		1e-05	200	0.13887862980874074	20.0
random	3	graph		1e-05	400	0.18001725187548245	20.0
random	3	graph		1e-05	800	0.20654360185566617	20.0
random	3	graph		1e-05	1600	0.24009270067831479	20.0
random	3	graph		0.0001	200	0.13280162254271563	20.0
random	3	graph		0.0001	400	0.16438533816241868	20.0
random	3	graph		0.0001	800	0.1843447926817689	20.0
random	3	graph		0.0001	1600	0.19779474859614357	20.0
random	3	graph		0.001	200	0.12325340706152271	20.0
random	3	graph		0.001	400	0.14461771843853277	20.0
random	3	graph		0.001	800	0.15825833240820097	20.0
random	3	graph		0.001	1600	0.1638662591329246	20.0
random	4	mf	16.0	1e-05	200	0.06546308424346883	
random	4	mf	16.0	1e-05	400	0.06645316531187043	
random	4	mf	16.0	1e-05	800	0.07637179720053207	
random	4	mf	16.0	1e-05	1600	0.08233023932921271	
random	4	mf	16.0	0.0001	200	0.07621521481364368	
random	4	mf	16.0	0.0001	400	0.0806706070397543	
random	4	mf	16.0	0.0001	800	0.08031814648251306	
random	4	mf	16.0	0.0001	1600	0.08046269760352612	
random	4	mf	16.0	0.001	200	0.057314113797205295	
random	4	mf	16.0	0.001	400	0.055868344482755385	
random	4	mf	16.0	0.001	800	0.05545944174055631	
random	4	mf	16.0	0.001	1600	0.055258988833077914	
random	4	mf	32.0	1e-05	200	0.06645737317553334	
random	4	mf	32.0	1e-05	400	0.07326516243040807	
random	4	mf	32.0	1e-05	800	0.09006858165778543	
random	4	mf	32.0	1e-05	1600	0.09414555291924134	
random	4	mf	32.0	0.0001	200	0.0813565562819393	
random	4	mf	32.0	0.0001	400	0.08268727556200593	
random	4	mf	32.0	0.0001	800	0.08428013924085499	
random	4	mf	32.0	0.0001	1600	0.08448690668787492	
random	4	mf	32.0	0.001	200	0.057373551194936964	
random	4	mf	32.0	0.001	400	0.05570544368285207	
random	4	mf	32.0	0.001	800	0.0552742597641949	
random	4	mf	32.0	0.001	1600	0.055353118009754426	
random	4	graph		1e-05	200	0.07226159306257496	5.0
random	4	graph		1e-05	400	0.07186774686718152	5.0
random	4	graph		1e-05	800	0.05842838283095412	5.0
random	4	graph		1e-05	1600	0.0744925992929534	5.0
random	4	graph		0.0001	200	0.06321986651043854	5.0
random	4	graph		0.0001	400	0.034034154346961096	5.0
random	4	graph		0.0001	800	0.07453132845529821	5.0
random	4	graph		0.0001	1600	0.07314823667051579	5.0
random	4	graph		0.001	200	0.07748371365318976	5.0
random	4	graph		0.001	400	0.07448292640772834	5.0
random	4	graph		0.001	800	0.07398750525780491	5.0
random	4	graph		0.001	1600	0.07474248480464937	5.0
random	4	graph		1e-05	200	0.10729096471858908	10.0
random	4	graph		1e-05	400	0.1160108088970093	10.0
random	4	graph		1e-05	800	0.13520633050991776	10.0
random	4	graph		1e-05	1600	0.15362395297071366	10.0
random	4	graph		0.0001	200	0.11496474689163555	10.0
random	4	graph		0.0001	400	0.11679185590030619	10.0
random	4	graph		0.0001	800	0.1292667895598433	10.0
random	4	graph		0.0001	1600	0.1671076982195955	10.0
random	4	graph		0.001	200	0.11264554662068813	10.0
random	4	graph		0.001	400	0.1149204627420036	10.0
random	4	graph		0.001	800	0.13512625531811218	10.0
random	4	graph		0.001	1600	0.13447942582618883	10.0
random	4	graph		1e-05	200	0.09731424340554079	15.0
random	4	graph		1e-05	400	0.11428071980034882	15.0
random	4	graph		1e-05	800	0.12970905491984663	15.0
random	4	graph		1e-05	1600	0.1343509852911197	15.0
random	4	graph		0.0001	200	0.09703483017336015	15.0
random	4	graph		0.0001	400	0.11810864750199185	15.0
random	4	graph		0.0001	800	0.1277420905385725	15.0
random	4	graph		0.0001	1600	0.13458460507881762	15.0
random	4	graph		0.001	200	0.09811815022044333	15.0
random	4	graph		0.001	400	0.11870917801407992	15.0
random	4	graph		0.001	800	0.12994837297551992	15.0
random	4	graph		0.001	1600	0.13505292310500747	15.0
random	4	graph		1e-05	200	0.09667291936779629	20.0
random	4	graph		1e-05	400	0.11762930951177006	20.0
random	4	graph		1e-05	800	0.131536453455774	20.0
random	4	graph		1e-05	1600	0.14036131536399105	20.0
random	4	graph		0.0001	200	0.09617175354397786	20.0
random	4	graph		0.0001	400	0.11599679237359645	20.0
random	4	graph		0.0001	800	0.12413855010136568	20.0
random	4	graph		0.0001	1600	0.1277677683776451	20.0
random	4	graph		0.001	200	0.09282338196027182	20.0
random	4	graph		0.001	400	0.11221099171854632	20.0
random	4	graph		0.001	800	0.12458638563098326	20.0
random	4	graph		0.001	1600	0.12601797849904767	20.0
compound	42	mf	16.0	1e-05	200	0.09280477756469177	
compound	42	mf	16.0	1e-05	400	0.10129717206292221	
compound	42	mf	16.0	1e-05	800	0.10034950781800832	
compound	42	mf	16.0	1e-05	1600	0.09547706939934213	
compound	42	mf	16.0	0.0001	200	0.10844553104286545	
compound	42	mf	16.0	0.0001	400	0.09687161564067379	
compound	42	mf	16.0	0.0001	800	0.08911998795653367	
compound	42	mf	16.0	0.0001	1600	0.09133214753890521	
compound	42	mf	16.0	0.001	200	0.10384962616717147	
compound	42	mf	16.0	0.001	400	0.0921480441996862	
compound	42	mf	16.0	0.001	800	0.0921592825172738	
compound	42	mf	16.0	0.001	1600	0.11792020586110832	
compound	42	mf	32.0	1e-05	200	0.12600456954716546	
compound	42	mf	32.0	1e-05	400	0.09848299473205475	
compound	42	mf	32.0	1e-05	800	0.09742259345575241	
compound	42	mf	32.0	1e-05	1600	0.08851611574267283	
compound	42	mf	32.0	0.0001	200	0.10160421077582814	
compound	42	mf	32.0	0.0001	400	0.09190132431189522	
compound	42	mf	32.0	0.0001	800	0.0888815525617962	
compound	42	mf	32.0	0.0001	1600	0.09192560778364973	
compound	42	mf	32.0	0.001	200	0.09376924033513531	
compound	42	mf	32.0	0.001	400	0.0921480441996862	
compound	42	mf	32.0	0.001	800	0.09217731433470651	
compound	42	mf	32.0	0.001	1600	0.1031330337323616	
compound	42	graph		1e-05	200	0.3293967737702597	5.0
compound	42	graph		1e-05	400	0.4453872333680335	5.0
compound	42	graph		1e-05	800	0.4526207602215293	5.0
compound	42	graph		1e-05	1600	0.4112158844530357	5.0
compound	42	graph		0.0001	200	0.3076938605707563	5.0
compound	42	graph		0.0001	400	0.43631661965696306	5.0
compound	42	graph		0.0001	800	0.40872266205378277	5.0
compound	42	graph		0.0001	1600	0.37514467091995135	5.0
compound	42	graph		0.001	200	0.3220434914004772	5.0
compound	42	graph		0.001	400	0.40353818090059174	5.0
compound	42	graph		0.001	800	0.3936561624118261	5.0
compound	42	graph		0.001	1600	0.38264267936608587	5.0
compound	42	graph		1e-05	200	0.3570817721409897	10.0
compound	42	graph		1e-05	400	0.36183985184917605	10.0
compound	42	graph		1e-05	800	0.36064447554082296	10.0
compound	42	graph		1e-05	1600	0.35935308046063225	10.0
compound	42	graph		0.0001	200	0.3577627350563986	10.0
compound	42	graph		0.0001	400	0.3687692299268675	10.0
compound	42	graph		0.0001	800	0.36602415649493497	10.0
compound	42	graph		0.0001	1600	0.3608770688404786	10.0
compound	42	graph		0.001	200	0.3602377046079517	10.0
compound	42	graph		0.001	400	0.3689323813781581	10.0
compound	42	graph		0.001	800	0.37774553268428035	10.0
compound	42	graph		0.001	1600	0.32737241652321075	10.0
compound	42	graph		1e-05	200	0.44570588056847704	15.0
compound	42	graph		1e-05	400	0.44839937405159674	15.0
compound	42	graph		1e-05	800	0.4435263995587032	15.0
compound	42	graph		1e-05	1600	0.4441437549850305	15.0
compound	42	graph		0.0001	200	0.4449154944789221	15.0
compound	42	graph		0.0001	400	0.44142462846204955	15.0
compound	42	graph		0.0001	800	0.4374110632616912	15.0
compound	42	graph		0.0001	1600	0.43833365556011017	15.0
compound	42	graph		0.001	200	0.438826119899064	15.0
compound	42	graph		0.001	400	0.4508736581132699	15.0
compound	42	graph		0.001	800	0.4578393991140888	15.0
compound	42	graph		0.001	1600	0.4615388898183957	15.0
compound	42	graph		1e-05	200	0.36202444205540607	20.0
compound	42	graph		1e-05	400	0.3525713165964764	20.0
compound	42	graph		1e-05	800	0.335651047384491	20.0
compound	42	graph		1e-05	1600	0.3299767635610148	20.0
compound	42	graph		0.0001	200	0.3650538071812163	20.0
compound	42	graph		0.0001	400	0.3567661164999155	20.0
compound	42	graph		0.0001	800	0.35434592707098556	20.0
compound	42	graph		0.0001	1600	0.349213388794381	20.0
compound	42	graph		0.001	200	0.36802767048478496	20.0
compound	42	graph		0.001	400	0.37361373458134767	20.0
compound	42	graph		0.001	800	0.39232585155925714	20.0
compound	42	graph		0.001	1600	0.4056912976466698	20.0
compound	1	mf	16.0	1e-05	200	0.12079244775366395	
compound	1	mf	16.0	1e-05	400	0.11257960212331546	
compound	1	mf	16.0	1e-05	800	0.10130075554638125	
compound	1	mf	16.0	1e-05	1600	0.08117981291322804	
compound	1	mf	16.0	0.0001	200	0.11436010815633216	
compound	1	mf	16.0	0.0001	400	0.07921937793375411	
compound	1	mf	16.0	0.0001	800	0.07518545591615865	
compound	1	mf	16.0	0.0001	1600	0.0776725271413703	
compound	1	mf	16.0	0.001	200	0.07336653860933286	
compound	1	mf	16.0	0.001	400	0.07522945422852878	
compound	1	mf	16.0	0.001	800	0.07521395448582449	
compound	1	mf	16.0	0.001	1600	0.07487340154790297	
compound	1	mf	32.0	1e-05	200	0.12109742550487182	
compound	1	mf	32.0	1e-05	400	0.11392982536539938	
compound	1	mf	32.0	1e-05	800	0.1012180666554865	
compound	1	mf	32.0	1e-05	1600	0.06795243518465628	
compound	1	mf	32.0	0.0001	200	0.10157391695497008	
compound	1	mf	32.0	0.0001	400	0.0763469732966019	
compound	1	mf	32.0	0.0001	800	0.07502269182662133	
compound	1	mf	32.0	0.0001	1600	0.07768887585952862	
compound	1	mf	32.0	0.001	200	0.07270270718399255	
compound	1	mf	32.0	0.001	400	0.07521395448582449	
compound	1	mf	32.0	0.001	800	0.07522945422852878	
compound	1	mf	32.0	0.001	1600	0.08469788027044793	
compound	1	graph		1e-05	200	0.10620460114017323	5.0
compound	1	graph		1e-05	400	0.1855825303334512	5.0
compound	1	graph		1e-05	800	0.21585852319973928	5.0
compound	1	graph		1e-05	1600	0.20890309200026397	5.0
compound	1	graph		0.0001	200	0.16555128421437595	5.0
compound	1	graph		0.0001	400	0.17971562598192908	5.0
compound	1	graph		0.0001	800	0.1782842698963602	5.0
compound	1	graph		0.0001	1600	0.18942696016609523	5.0
compound	1	graph		0.001	200	0.151024703109677	5.0
compound	1	graph		0.001	400	0.1650885678086374	5.0
compound	1	graph		0.001	800	0.1799906575878592	5.0
compound	1	graph		0.001	1600	0.19013406998963814	5.0
compound	1	graph		1e-05	200	0.2370560416753249	10.0
compound	1	graph		1e-05	400	0.2355036379265167	10.0
compound	1	graph		1e-05	800	0.22807477069861723	10.0
compound	1	graph		1e-05	1600	0.2123475729846488	10.0
compound	1	graph		0.0001	200	0.22830995825925846	10.0
compound	1	graph		0.0001	400	0.23633441247815032	10.0
compound	1	graph		0.0001	800	0.22546475389274043	10.0
compound	1	graph		0.0001	1600	0.22053132405375675	10.0
compound	1	graph		0.001	200	0.22877085612502313	10.0
compound	1	graph		0.001	400	0.2317858971507129	10.0
compound	1	graph		0.001	800	0.22848334399944276	10.0
compound	1	graph		0.001	1600	0.2166209329167791	10.0
compound	1	graph		1e-05	200	0.27634688308804894	15.0
compound	1	graph		1e-05	400	0.25129421543443237	15.0
compound	1	graph		1e-05	800	0.22903074818608338	15.0
compound	1	graph		1e-05	1600	0.2060758995867258	15.0
compound	1	graph		0.0001	200	0.27578145937930393	15.0
compound	1	graph		0.0001	400	0.2548118665361172	15.0
compound	1	graph		0.0001	800	0.23223813573513719	15.0
compound	1	graph		0.0001	1600	0.21143518862569083	15.0
compound	1	graph		0.001	200	0.27979046427478943	15.0
compound	1	graph		0.001	400	0.2686132425683469	15.0
compound	1	graph		0.001	800	0.2646431623519086	15.0
compound	1	graph		0.001	1600	0.2575684726580763	15.0
compound	1	graph		1e-05	200	0.1834788736662236	20.0
compound	1	graph		1e-05	400	0.1824840530613822	20.0
compound	1	graph		1e-05	800	0.18343053176339474	20.0
compound	1	graph		1e-05	1600	0.18210765166386975	20.0
compound	1	graph		0.0001	200	0.18507276534340422	20.0
compound	1	graph		0.0001	400	0.1759919889807197	20.0
compound	1	graph		0.0001	800	0.18193560917865886	20.0
compound	1	graph		0.0001	1600	0.18047010649914527	20.0
compound	1	graph		0.001	200	0.2044573133867378	20.0
compound	1	graph		0.001	400	0.1991376373740746	20.0
compound	1	graph		0.001	800	0.20538850785307558	20.0
compound	1	graph		0.001	1600	0.20977524337719683	20.0
compound	2	mf	16.0	1e-05	200	0.0969597723208503	
compound	2	mf	16.0	1e-05	400	0.0984402101049613	
compound	2	mf	16.0	1e-05	800	0.09978639796112271	
compound	2	mf	16.0	1e-05	1600	0.08377332588546157	
compound	2	mf	16.0	0.0001	200	0.10221181992280887	
compound	2	mf	16.0	0.0001	400	0.08655665809288512	
compound	2	mf	16.0	0.0001	800	0.08630146978057016	
compound	2	mf	16.0	0.0001	1600	0.08950552769470439	
compound	2	mf	16.0	0.001	200	0.08767181726452426	
compound	2	mf	16.0	0.001	400	0.08653008115052008	
compound	2	mf	16.0	0.001	800	0.0865472917241406	
compound	2	mf	16.0	0.001	1600	0.08152593200663998	
compound	2	mf	32.0	1e-05	200	0.10816996904577346	
compound	2	mf	32.0	1e-05	400	0.10160818873945038	
compound	2	mf	32.0	1e-05	800	0.09717189858769172	
compound	2	mf	32.0	1e-05	1600	0.07284625619827335	
compound	2	mf	32.0	0.0001	200	0.10276017176588749	
compound	2	mf	32.0	0.0001	400	0.0838832745762771	
compound	2	mf	32.0	0.0001	800	0.08633245332112167	
compound	2	mf	32.0	0.0001	1600	0.08803530831769826	
compound	2	mf	32.0	0.001	200	0.08185141362099546	
compound	2	mf	32.0	0.001	400	0.08653008115052008	
compound	2	mf	32.0	0.001	800	0.08653601502747063	
compound	2	mf	32.0	0.001	1600	0.09178798256002857	
compound	2	graph		1e-05	200	0.18121742277701458	5.0
compound	2	graph		1e-05	400	0.2266117493806468	5.0
compound	2	graph		1e-05	800	0.24997012912139385	5.0
compound	2	graph		1e-05	1600	0.23682042292465397	5.0
compound	2	graph		0.0001	200	0.22120722520824032	5.0
compound	2	graph		0.0001	400	0.19904131386609708	5.0
compound	2	graph		0.0001	800	0.23605193140497355	5.0
compound	2	graph		0.0001	1600	0.2385330602087532	5.0
compound	2	graph		0.001	200	0.18156050627186412	5.0
compound	2	graph		0.001	400	0.21317361962453893	5.0
compound	2	graph		0.001	800	0.14999085820789218	5.0
compound	2	graph		0.001	1600	0.21135788028386493	5.0
compound	2	graph		1e-05	200	0.2958036587192609	10.0
compound	2	graph		1e-05	400	0.3184926513724132	10.0
compound	2	graph		1e-05	800	0.3346367128915348	10.0
compound	2	graph		1e-05	1600	0.32580128405273195	10.0
compound	2	graph		0.0001	200	0.29644904401744593	10.0
compound	2	graph		0.0001	400	0.32274781493386295	10.0
compound	2	graph		0.0001	800	0.32197278362943976	10.0
compound	2	graph		0.0001	1600	0.310116035462831	10.0
compound	2	graph		0.001	200	0.30064033660312794	10.0
compound	2	graph		0.001	400	0.3288383382698363	10.0
compound	2	graph		0.001	800	0.3238919460642143	10.0
compound	2	graph		0.001	1600	0.2603000778378209	10.0
compound	2	graph		1e-05	200	0.3032155936584914	15.0
compound	2	graph		1e-05	400	0.3180982543176336	15.0
compound	2	graph		1e-05	800	0.3137183318188649	15.0
compound	2	graph		1e-05	1600	0.2980828350579522	15.0
compound	2	graph		0.0001	200	0.3012171200183554	15.0
compound	2	graph		0.0001	400	0.3123643870899676	15.0
compound	2	graph		0.0001	800	0.3146056510415515	15.0
compound	2	graph		0.0001	1600	0.30561523227032233	15.0
compound	2	graph		0.001	200	0.3083530419577576	15.0
compound	2	graph		0.001	400	0.3297456397339584	15.0
compound	2	graph		0.001	800	0.34399086763019665	15.0
compound	2	graph		0.001	1600	0.3531397769790546	15.0
compound	2	graph		1e-05	200	0.3003361178908348	20.0
compound	2	graph		1e-05	400	0.31733478538908994	20.0
compound	2	graph		1e-05	800	0.3153650801720781	20.0
compound	2	graph		1e-05	1600	0.3028033230585102	20.0
compound	2	graph		0.0001	200	0.304641005800008	20.0
compound	2	graph		0.0001	400	0.3208971912512972	20.0
compound	2	graph		0.0001	800	0.32349219456914885	20.0
compound	2	graph		0.0001	1600	0.3234494259626277	20.0
compound	2	graph		0.001	200	0.2949158751046633	20.0
compound	2	graph		0.001	400	0.32109232126200826	20.0
compound	2	graph		0.001	800	0.3307031731982199	20.0
compound	2	graph		0.001	1600	0.33415741552361317	20.0
compound	3	mf	16.0	1e-05	200	0.12607797415222025	
compound	3	mf	16.0	1e-05	400	0.1297525639914136	
compound	3	mf	16.0	1e-05	800	0.13126853187220092	
compound	3	mf	16.0	1e-05	1600	0.1144110245086367	
compound	3	mf	16.0	0.0001	200	0.13552441901073706	
compound	3	mf	16.0	0.0001	400	0.11676956158930998	
compound	3	mf	16.0	0.0001	800	0.11536924917042943	
compound	3	mf	16.0	0.0001	1600	0.11781086266942835	
compound	3	mf	16.0	0.001	200	0.10264878475124954	
compound	3	mf	16.0	0.001	400	0.11588048649011315	
compound	3	mf	16.0	0.001	800	0.115804490504169	
compound	3	mf	16.0	0.001	1600	0.12033216194844268	
compound	3	mf	32.0	1e-05	200	0.1548995907390822	
compound	3	mf	32.0	1e-05	400	0.13154046591196805	
compound	3	mf	32.0	1e-05	800	0.1270434503900056	
compound	3	mf	32.0	1e-05	1600	0.10063284831399105	
compound	3	mf	32.0	0.0001	200	0.12813816887941495	
compound	3	mf	32.0	0.0001	400	0.11248802983140566	
compound	3	mf	32.0	0.0001	800	0.11066392608912476	
compound	3	mf	32.0	0.0001	1600	0.1183729083842401	
compound	3	mf	32.0	0.001	200	0.10794387800066964	
compound	3	mf	32.0	0.001	400	0.11583293079165187	
compound	3	mf	32.0	0.001	800	0.11584402079598054	
compound	3	mf	32.0	0.001	1600	0.11676659797908594	
compound	3	graph		1e-05	200	0.40357047811600577	5.0
compound	3	graph		1e-05	400	0.44841222503229267	5.0
compound	3	graph		1e-05	800	0.4403486294282079	5.0
compound	3	graph		1e-05	1600	0.4104119158791675	5.0
compound	3	graph		0.0001	200	0.4232642777554925	5.0
compound	3	graph		0.0001	400	0.4415969891119863	5.0
compound	3	graph		0.0001	800	0.24927030496540675	5.0
compound	3	graph		0.0001	1600	0.3823613320617393	5.0
compound	3	graph		0.001	200	0.44478215085600675	5.0
compound	3	graph		0.001	400	0.2960500765584136	5.0
compound	3	graph		0.001	800	0.38807465921455286	5.0
compound	3	graph		0.001	1600	0.3740783603046551	5.0
compound	3	graph		1e-05	200	0.40300584048577914	10.0
compound	3	graph		1e-05	400	0.37053694031789874	10.0
compound	3	graph		1e-05	800	0.35367171483820203	10.0
compound	3	graph		1e-05	1600	0.3344774406167322	10.0
compound	3	graph		0.0001	200	0.40355795924366483	10.0
compound	3	graph		0.0001	400	0.36835609633570043	10.0
compound	3	graph		0.0001	800	0.35051146793707294	10.0
compound	3	graph		0.0001	1600	0.3399576724515755	10.0
compound	3	graph		0.001	200	0.40419792723896864	10.0
compound	3	graph		0.001	400	0.38016255233214896	10.0
compound	3	graph		0.001	800	0.36419552077722417	10.0
compound	3	graph		0.001	1600	0.34620266327141286	10.0
compound	3	graph		1e-05	200	0.3083869786225069	15.0
compound	3	graph		1e-05	400	0.29583088628288473	15.0
compound	3	graph		1e-05	800	0.30086217218813704	15.0
compound	3	graph		1e-05	1600	0.2934291872326195	15.0
compound	3	graph		0.0001	200	0.3114992960864645	15.0
compound	3	graph		0.0001	400	0.3055335580961505	15.0
compound	3	graph		0.0001	800	0.31191527473682795	15.0
compound	3	graph		0.0001	1600	0.30868437368872964	15.0
compound	3	graph		0.001	200	0.3167029945814908	15.0
compound	3	graph		0.001	400	0.3329149193108432	15.0
compound	3	graph		0.001	800	0.3521039614408776	15.0
compound	3	graph		0.001	1600	0.3608520286457292	15.0
compound	3	graph		1e-05	200	0.3396975633395667	20.0
compound	3	graph		1e-05	400	0.3513732081562475	20.0
compound	3	graph		1e-05	800	0.3533077392032934	20.0
compound	3	graph		1e-05	1600	0.35775966811986387	20.0
compound	3	graph		0.0001	200	0.33375729780472374	20.0
compound	3	graph		0.0001	400	0.34777292287853023	20.0
compound	3	graph		0.0001	800	0.35960596786305904	20.0
compound	3	graph		0.0001	1600	0.3759301727357459	20.0
compound	3	graph		0.001	200	0.33731101006019276	20.0
compound	3	graph		0.001	400	0.3554255095367711	20.0
compound	3	graph		0.001	800	0.37464050482094685	20.0
compound	3	graph		0.001	1600	0.3878633347626158	20.0
compound	4	mf	16.0	1e-05	200	0.06390177218531083	
compound	4	mf	16.0	1e-05	400	0.07178193254058464	
compound	4	mf	16.0	1e-05	800	0.08298919265624377	
compound	4	mf	16.0	1e-05	1600	0.08333231891727716	
compound	4	mf	16.0	0.0001	200	0.11611461267021948	
compound	4	mf	16.0	0.0001	400	0.08550757979842138	
compound	4	mf	16.0	0.0001	800	0.08889897107294598	
compound	4	mf	16.0	0.0001	1600	0.09532517258519764	
compound	4	mf	16.0	0.001	200	0.09352881712897282	
compound	4	mf	16.0	0.001	400	0.08870897141293903	
compound	4	mf	16.0	0.001	800	0.08907925096668633	
compound	4	mf	16.0	0.001	1600	0.08836194243329439	
compound	4	mf	32.0	1e-05	200	0.07901530551667996	
compound	4	mf	32.0	1e-05	400	0.08216807277907466	
compound	4	mf	32.0	1e-05	800	0.08528246133415275	
compound	4	mf	32.0	1e-05	1600	0.07804597310677015	
compound	4	mf	32.0	0.0001	200	0.115955847159471	
compound	4	mf	32.0	0.0001	400	0.08216476199983073	
compound	4	mf	32.0	0.0001	800	0.08822214050344812	
compound	4	mf	32.0	0.0001	1600	0.09634550492235594	
compound	4	mf	32.0	0.001	200	0.09267699516314153	
compound	4	mf	32.0	0.001	400	0.08870897141293903	
compound	4	mf	32.0	0.001	800	0.08907925096668633	
compound	4	mf	32.0	0.001	1600	0.09087209890315855	
compound	4	graph		1e-05	200	0.11654926879595566	5.0
compound	4	graph		1e-05	400	0.12806211908641177	5.0
compound	4	graph		1e-05	800	0.13619756355209361	5.0
compound	4	graph		1e-05	1600	0.14410129421163026	5.0
compound	4	graph		0.0001	200	0.11558758542256324	5.0
compound	4	graph		0.0001	400	0.11938874686995367	5.0
compound	4	graph		0.0001	800	0.13704178204583345	5.0
compound	4	graph		0.0001	1600	0.07080298461547135	5.0
compound	4	graph		0.001	200	0.08738318760333878	5.0
compound	4	graph		0.001	400	0.09761585755283302	5.0
compound	4	graph		0.001	800	0.09538103071308318	5.0
compound	4	graph		0.001	1600	0.1344640764029714	5.0
compound	4	graph		1e-05	200	0.18398533956586674	10.0
compound	4	graph		1e-05	400	0.21026937783522237	10.0
compound	4	graph		1e-05	800	0.22832973582407964	10.0
compound	4	graph		1e-05	1600	0.2522063264426409	10.0
compound	4	graph		0.0001	200	0.1806951950044503	10.0
compound	4	graph		0.0001	400	0.2081248955298071	10.0
compound	4	graph		0.0001	800	0.23017480635677032	10.0
compound	4	graph		0.0001	1600	0.2520132939963857	10.0
compound	4	graph		0.001	200	0.17240910543534838	10.0
compound	4	graph		0.001	400	0.19892009815936115	10.0
compound	4	graph		0.001	800	0.21435357732580682	10.0
compound	4	graph		0.001	1600	0.17261680388895653	10.0
compound	4	graph		1e-05	200	0.23435176451784026	15.0
compound	4	graph		1e-05	400	0.2297069010812818	15.0
compound	4	graph		1e-05	800	0.20076127125967633	15.0
compound	4	graph		1e-05	1600	0.1966018034550291	15.0
compound	4	graph		0.0001	200	0.23411027264433384	15.0
compound	4	graph		0.0001	400	0.23748601102547473	15.0
compound	4	graph		0.0001	800	0.22160990090152968	15.0
compound	4	graph		0.0001	1600	0.2181985791751926	15.0
compound	4	graph		0.001	200	0.2461863581642103	15.0
compound	4	graph		0.001	400	0.2463023103200184	15.0
compound	4	graph		0.001	800	0.2585769555363867	15.0
compound	4	graph		0.001	1600	0.26478187202772213	15.0
compound	4	graph		1e-05	200	0.2162425628541127	20.0
compound	4	graph		1e-05	400	0.2521767511358826	20.0
compound	4	graph		1e-05	800	0.28742725923091283	20.0
compound	4	graph		1e-05	1600	0.32252583130386375	20.0
compound	4	graph		0.0001	200	0.21639862290491577	20.0
compound	4	graph		0.0001	400	0.25636678898741727	20.0
compound	4	graph		0.0001	800	0.27327095000463525	20.0
compound	4	graph		0.0001	1600	0.2952189389057781	20.0
compound	4	graph		0.001	200	0.2276554963883681	20.0
compound	4	graph		0.001	400	0.2709238065789888	20.0
compound	4	graph		0.001	800	0.2923307354825225	20.0
compound	4	graph		0.001	1600	0.300276298120048	20.0
random	42	hybrid	32.0	1e-05	200	0.20619465755264837	15.0
random	42	hybrid	32.0	1e-05	400	0.2006548107998312	15.0
random	42	hybrid	32.0	1e-05	800	0.1634542746200745	15.0
random	42	hybrid	32.0	1e-05	1600	0.1702809505470773	15.0
random	42	hybrid	32.0	0.0001	200	0.22666333267305097	15.0
random	42	hybrid	32.0	0.0001	400	0.23900475804272228	15.0
random	42	hybrid	32.0	0.0001	800	0.25039464766825914	15.0
random	42	hybrid	32.0	0.0001	1600	0.2629632015349707	15.0
random	42	hybrid	32.0	0.001	200	0.23824117970221945	15.0
random	42	hybrid	32.0	0.001	400	0.24703600699516962	15.0
random	42	hybrid	32.0	0.001	800	0.2573557955493513	15.0
random	42	hybrid	32.0	0.001	1600	0.25919439835078484	15.0
random	1	hybrid	32.0	1e-05	200	0.13275338462262196	15.0
random	1	hybrid	32.0	1e-05	400	0.1452245007824006	15.0
random	1	hybrid	32.0	1e-05	800	0.18521881207523727	15.0
random	1	hybrid	32.0	1e-05	1600	0.1914584074719107	15.0
random	1	hybrid	32.0	0.0001	200	0.14367498957485683	15.0
random	1	hybrid	32.0	0.0001	400	0.1510634755922936	15.0
random	1	hybrid	32.0	0.0001	800	0.14863510515054645	15.0
random	1	hybrid	32.0	0.0001	1600	0.15911264409383072	15.0
random	1	hybrid	32.0	0.001	200	0.12939489770819596	15.0
random	1	hybrid	32.0	0.001	400	0.13845623005529334	15.0
random	1	hybrid	32.0	0.001	800	0.1436563217000989	15.0
random	1	hybrid	32.0	0.001	1600	0.14596674263060608	15.0
random	2	hybrid	32.0	1e-05	200	0.1849338868335398	15.0
random	2	hybrid	32.0	1e-05	400	0.18050949531215685	15.0
random	2	hybrid	32.0	1e-05	800	0.19885119961984357	15.0
random	2	hybrid	32.0	1e-05	1600	0.21825240141294253	15.0
random	2	hybrid	32.0	0.0001	200	0.194966536231965	15.0
random	2	hybrid	32.0	0.0001	400	0.21452309110567344	15.0
random	2	hybrid	32.0	0.0001	800	0.23759138761068846	15.0
random	2	hybrid	32.0	0.0001	1600	0.25711039739441244	15.0
random	2	hybrid	32.0	0.001	200	0.19352899033116017	15.0
random	2	hybrid	32.0	0.001	400	0.20985203531210966	15.0
random	2	hybrid	32.0	0.001	800	0.22012385981580215	15.0
random	2	hybrid	32.0	0.001	1600	0.2231155904636744	15.0
random	3	hybrid	32.0	1e-05	200	0.15924361230164416	15.0
random	3	hybrid	32.0	1e-05	400	0.1553677021407104	15.0
random	3	hybrid	32.0	1e-05	800	0.16651802602080729	15.0
random	3	hybrid	32.0	1e-05	1600	0.17047568014148692	15.0
random	3	hybrid	32.0	0.0001	200	0.1615721488539052	15.0
random	3	hybrid	32.0	0.0001	400	0.17165363724952776	15.0
random	3	hybrid	32.0	0.0001	800	0.1790776003899494	15.0
random	3	hybrid	32.0	0.0001	1600	0.2047956924460763	15.0
random	3	hybrid	32.0	0.001	200	0.15834759156479597	15.0
random	3	hybrid	32.0	0.001	400	0.17230759903999335	15.0
random	3	hybrid	32.0	0.001	800	0.17552094326379938	15.0
random	3	hybrid	32.0	0.001	1600	0.1762355794023442	15.0
random	4	hybrid	32.0	1e-05	200	0.08363941531785656	15.0
random	4	hybrid	32.0	1e-05	400	0.09877045082176085	15.0
random	4	hybrid	32.0	1e-05	800	0.1203430049761642	15.0
random	4	hybrid	32.0	1e-05	1600	0.13000919800358457	15.0
random	4	hybrid	32.0	0.0001	200	0.09607713733355765	15.0
random	4	hybrid	32.0	0.0001	400	0.11318009592719305	15.0
random	4	hybrid	32.0	0.0001	800	0.12408628549538693	15.0
random	4	hybrid	32.0	0.0001	1600	0.1392180802357347	15.0
random	4	hybrid	32.0	0.001	200	0.09778827201739486	15.0
random	4	hybrid	32.0	0.001	400	0.11874665882860168	15.0
random	4	hybrid	32.0	0.001	800	0.1299608760187247	15.0
random	4	hybrid	32.0	0.001	1600	0.1350399543843452	15.0
compound	42	hybrid	32.0	1e-05	200	0.4148747421173142	15.0
compound	42	hybrid	32.0	1e-05	400	0.41499538711912054	15.0
compound	42	hybrid	32.0	1e-05	800	0.4147534892156182	15.0
compound	42	hybrid	32.0	1e-05	1600	0.4236883427625898	15.0
compound	42	hybrid	32.0	0.0001	200	0.45504327959786695	15.0
compound	42	hybrid	32.0	0.0001	400	0.4580471908132508	15.0
compound	42	hybrid	32.0	0.0001	800	0.4469247083374514	15.0
compound	42	hybrid	32.0	0.0001	1600	0.4439143802973372	15.0
compound	42	hybrid	32.0	0.001	200	0.43966943944597925	15.0
compound	42	hybrid	32.0	0.001	400	0.4505835740041991	15.0
compound	42	hybrid	32.0	0.001	800	0.4580773233027697	15.0
compound	42	hybrid	32.0	0.001	1600	0.46196917137324467	15.0
compound	1	hybrid	32.0	1e-05	200	0.26397936913378306	15.0
compound	1	hybrid	32.0	1e-05	400	0.2471857333274292	15.0
compound	1	hybrid	32.0	1e-05	800	0.22468923513225691	15.0
compound	1	hybrid	32.0	1e-05	1600	0.20831124383374505	15.0
compound	1	hybrid	32.0	0.0001	200	0.2868498036485121	15.0
compound	1	hybrid	32.0	0.0001	400	0.26018082784476076	15.0
compound	1	hybrid	32.0	0.0001	800	0.23875743506395516	15.0
compound	1	hybrid	32.0	0.0001	1600	0.21330260071599383	15.0
compound	1	hybrid	32.0	0.001	200	0.277415771638295	15.0
compound	1	hybrid	32.0	0.001	400	0.26888066767200863	15.0
compound	1	hybrid	32.0	0.001	800	0.26349296388160015	15.0
compound	1	hybrid	32.0	0.001	1600	0.2575713037939873	15.0
compound	2	hybrid	32.0	1e-05	200	0.2753835980677141	15.0
compound	2	hybrid	32.0	1e-05	400	0.27761030223191774	15.0
compound	2	hybrid	32.0	1e-05	800	0.3115839701044897	15.0
compound	2	hybrid	32.0	1e-05	1600	0.30271826866637097	15.0
compound	2	hybrid	32.0	0.0001	200	0.2967571983957994	15.0
compound	2	hybrid	32.0	0.0001	400	0.30651410810284846	15.0
compound	2	hybrid	32.0	0.0001	800	0.30565211458524816	15.0
compound	2	hybrid	32.0	0.0001	1600	0.30263524615559656	15.0
compound	2	hybrid	32.0	0.001	200	0.3081302131351125	15.0
compound	2	hybrid	32.0	0.001	400	0.3288352708692737	15.0
compound	2	hybrid	32.0	0.001	800	0.3440415874925596	15.0
compound	2	hybrid	32.0	0.001	1600	0.3531365486087779	15.0
compound	3	hybrid	32.0	1e-05	200	0.29810253103858686	15.0
compound	3	hybrid	32.0	1e-05	400	0.26149195571352185	15.0
compound	3	hybrid	32.0	1e-05	800	0.2665447633857679	15.0
compound	3	hybrid	32.0	1e-05	1600	0.27795251486286904	15.0
compound	3	hybrid	32.0	0.0001	200	0.30961946474341157	15.0
compound	3	hybrid	32.0	0.0001	400	0.3060321808818279	15.0
compound	3	hybrid	32.0	0.0001	800	0.31347802451288753	15.0
compound	3	hybrid	32.0	0.0001	1600	0.3097375676804234	15.0
compound	3	hybrid	32.0	0.001	200	0.31632676044859237	15.0
compound	3	hybrid	32.0	0.001	400	0.3335726894032114	15.0
compound	3	hybrid	32.0	0.001	800	0.3521849147875518	15.0
compound	3	hybrid	32.0	0.001	1600	0.36086528428469944	15.0
compound	4	hybrid	32.0	1e-05	200	0.16449451483617136	15.0
compound	4	hybrid	32.0	1e-05	400	0.1479807374389808	15.0
compound	4	hybrid	32.0	1e-05	800	0.16027354298562116	15.0
compound	4	hybrid	32.0	1e-05	1600	0.1749000786661331	15.0
compound	4	hybrid	32.0	0.0001	200	0.22807463827366392	15.0
compound	4	hybrid	32.0	0.0001	400	0.23059139323724576	15.0
compound	4	hybrid	32.0	0.0001	800	0.21874352511436082	15.0
compound	4	hybrid	32.0	0.0001	1600	0.2133527915298521	15.0
compound	4	hybrid	32.0	0.001	200	0.2458124547347933	15.0
compound	4	hybrid	32.0	0.001	400	0.24582697837388048	15.0
compound	4	hybrid	32.0	0.001	800	0.25840897591747225	15.0
compound	4	hybrid	32.0	0.001	1600	0.26483206868830683	15.0
