Set	Contrast	Pooled AP difference (95% CI)	Per-disease AP difference (95% CI)
E1 random edge	Graph head - MF	+0.079 (-0.016, +0.180)	+0.019 (-0.047, +0.089)
E1 random edge	Hybrid - MF	+0.076 (-0.017, +0.178)	+0.021 (-0.045, +0.093)
E1 random edge	MF - degree reference	+0.135 (+0.094, +0.186)	+0.185 (+0.137, +0.237)
E1 random edge	Graph head - degree reference	+0.214 (+0.114, +0.313)	+0.204 (+0.150, +0.261)
E1 compound disjoint	Graph head - MF	+0.201 (+0.147, +0.262)	+0.276 (+0.235, +0.322)
E1 compound disjoint	Hybrid - MF	+0.201 (+0.147, +0.262)	+0.276 (+0.235, +0.322)
E1 compound disjoint	MF - degree reference	-0.005 (-0.007, +0.013)	+0.050 (+0.042, +0.058)
E1 compound disjoint	Graph head - degree reference	+0.195 (+0.150, +0.258)	+0.326 (+0.285, +0.374)
E2 external approvals	Graph head - MF	+0.011 (-0.000, +0.024)	+0.013 (-0.012, +0.037)
E2 external approvals	Hybrid - MF	+0.012 (+0.000, +0.024)	+0.010 (-0.013, +0.032)
E2 external approvals	MF - degree reference	+0.008 (+0.002, +0.015)	+0.017 (+0.000, +0.035)
E2 external approvals	Graph head - degree reference	+0.019 (+0.006, +0.034)	+0.029 (+0.005, +0.054)
