selected_fraction,retain_fraction,policy,sampler,AP_mean,AP_sd,AUROC_mean,n_replicates
0.0,0.0,flat_negative,neg_degmatch,0.233396014597336,0.0134483695152887,0.7728063462128854,10
0.0,0.0,flat_negative,neg_random,0.4034457897895011,0.0178667248946095,0.8835399763168281,10
0.0,0.0,no_writeback,neg_degmatch,0.233396014597336,0.0134483695152887,0.7728063462128854,10
0.0,0.0,no_writeback,neg_random,0.4034457897895011,0.0178667248946095,0.8835399763168281,10
0.0,0.0,typed,neg_degmatch,0.233396014597336,0.0134483695152887,0.7728063462128854,10
0.0,0.0,typed,neg_random,0.4034457897895011,0.0178667248946095,0.8835399763168281,10
0.0,0.0,uncertainty_mask,neg_degmatch,0.233396014597336,0.0134483695152887,0.7728063462128854,10
0.0,0.0,uncertainty_mask,neg_random,0.4034457897895011,0.0178667248946095,0.8835399763168281,10
0.0,0.5,flat_negative,neg_degmatch,0.233396014597336,0.0134483695152887,0.7728063462128854,10
0.0,0.5,flat_negative,neg_random,0.4034457897895011,0.0178667248946095,0.8835399763168281,10
0.0,0.5,no_writeback,neg_degmatch,0.233396014597336,0.0134483695152887,0.7728063462128854,10
0.0,0.5,no_writeback,neg_random,0.4034457897895011,0.0178667248946095,0.8835399763168281,10
0.0,0.5,typed,neg_degmatch,0.233396014597336,0.0134483695152887,0.7728063462128854,10
0.0,0.5,typed,neg_random,0.4034457897895011,0.0178667248946095,0.8835399763168281,10
0.0,0.5,uncertainty_mask,neg_degmatch,0.233396014597336,0.0134483695152887,0.7728063462128854,10
0.0,0.5,uncertainty_mask,neg_random,0.4034457897895011,0.0178667248946095,0.8835399763168281,10
0.0,1.0,flat_negative,neg_degmatch,0.233396014597336,0.0134483695152887,0.7728063462128854,10
0.0,1.0,flat_negative,neg_random,0.4034457897895011,0.0178667248946095,0.8835399763168281,10
0.0,1.0,no_writeback,neg_degmatch,0.233396014597336,0.0134483695152887,0.7728063462128854,10
0.0,1.0,no_writeback,neg_random,0.4034457897895011,0.0178667248946095,0.8835399763168281,10
0.0,1.0,typed,neg_degmatch,0.233396014597336,0.0134483695152887,0.7728063462128854,10
0.0,1.0,typed,neg_random,0.4034457897895011,0.0178667248946095,0.8835399763168281,10
0.0,1.0,uncertainty_mask,neg_degmatch,0.233396014597336,0.0134483695152887,0.7728063462128854,10
0.0,1.0,uncertainty_mask,neg_random,0.4034457897895011,0.0178667248946095,0.8835399763168281,10
0.1,0.0,flat_negative,neg_degmatch,0.2062781207140974,0.0218324302943617,0.749380290338143,10
0.1,0.0,flat_negative,neg_random,0.3683277737718389,0.0213252436825794,0.8647501206087453,10
0.1,0.0,no_writeback,neg_degmatch,0.233396014597336,0.0134483695152887,0.7728063462128854,10
0.1,0.0,no_writeback,neg_random,0.4034457897895011,0.0178667248946095,0.8835399763168281,10
0.1,0.0,typed,neg_degmatch,0.2234649526285451,0.021439900244327,0.7582656462435857,10
0.1,0.0,typed,neg_random,0.3902843002596495,0.0222610688902428,0.8733086268146135,10
0.1,0.0,uncertainty_mask,neg_degmatch,0.2234649526285451,0.021439900244327,0.7582656462435857,10
0.1,0.0,uncertainty_mask,neg_random,0.3902843002596495,0.0222610688902428,0.8733086268146135,10
0.1,0.5,flat_negative,neg_degmatch,0.2062781207140974,0.0218324302943617,0.749380290338143,10
0.1,0.5,flat_negative,neg_random,0.3683277737718389,0.0213252436825794,0.8647501206087453,10
0.1,0.5,no_writeback,neg_degmatch,0.233396014597336,0.0134483695152887,0.7728063462128854,10
0.1,0.5,no_writeback,neg_random,0.4034457897895011,0.0178667248946095,0.8835399763168281,10
0.1,0.5,typed,neg_degmatch,0.2310183401789815,0.0130283583441293,0.7650618393930091,10
0.1,0.5,typed,neg_random,0.4013193551147699,0.0133705770503606,0.8779480066663743,10
0.1,0.5,uncertainty_mask,neg_degmatch,0.2234649526285451,0.021439900244327,0.7582656462435857,10
0.1,0.5,uncertainty_mask,neg_random,0.3902843002596495,0.0222610688902428,0.8733086268146135,10
0.1,1.0,flat_negative,neg_degmatch,0.2062781207140974,0.0218324302943617,0.749380290338143,10
0.1,1.0,flat_negative,neg_random,0.3683277737718389,0.0213252436825794,0.8647501206087453,10
0.1,1.0,no_writeback,neg_degmatch,0.233396014597336,0.0134483695152887,0.7728063462128854,10
0.1,1.0,no_writeback,neg_random,0.4034457897895011,0.0178667248946095,0.8835399763168281,10
0.1,1.0,typed,neg_degmatch,0.233396014597336,0.0134483695152887,0.7728063462128854,10
0.1,1.0,typed,neg_random,0.4034457897895011,0.0178667248946095,0.8835399763168281,10
0.1,1.0,uncertainty_mask,neg_degmatch,0.2234649526285451,0.021439900244327,0.7582656462435857,10
0.1,1.0,uncertainty_mask,neg_random,0.3902843002596495,0.0222610688902428,0.8733086268146135,10
0.25,0.0,flat_negative,neg_degmatch,0.1663174903625075,0.029014431699595,0.714538945660278,10
0.25,0.0,flat_negative,neg_random,0.3079691248645141,0.0328630747144084,0.8346595544055087,10
0.25,0.0,no_writeback,neg_degmatch,0.233396014597336,0.0134483695152887,0.7728063462128854,10
0.25,0.0,no_writeback,neg_random,0.4034457897895011,0.0178667248946095,0.8835399763168281,10
0.25,0.0,typed,neg_degmatch,0.2059512180049229,0.0287646302578349,0.7401649050480242,10
0.25,0.0,typed,neg_random,0.3627178058504085,0.0280758764617253,0.8594454190605676,10
0.25,0.0,uncertainty_mask,neg_degmatch,0.2059512180049229,0.0287646302578349,0.7401649050480242,10
0.25,0.0,uncertainty_mask,neg_random,0.3627178058504085,0.0280758764617253,0.8594454190605676,10
0.25,0.5,flat_negative,neg_degmatch,0.1663174903625075,0.029014431699595,0.714538945660278,10
0.25,0.5,flat_negative,neg_random,0.3079691248645141,0.0328630747144084,0.8346595544055087,10
0.25,0.5,no_writeback,neg_degmatch,0.233396014597336,0.0134483695152887,0.7728063462128854,10
0.25,0.5,no_writeback,neg_random,0.4034457897895011,0.0178667248946095,0.8835399763168281,10
0.25,0.5,typed,neg_degmatch,0.218548852856918,0.0202667590007198,0.7587382132362616,10
0.25,0.5,typed,neg_random,0.3905266429388189,0.0177133225772527,0.8723494583570895,10
0.25,0.5,uncertainty_mask,neg_degmatch,0.2059512180049229,0.0287646302578349,0.7401649050480242,10
0.25,0.5,uncertainty_mask,neg_random,0.3627178058504085,0.0280758764617253,0.8594454190605676,10
0.25,1.0,flat_negative,neg_degmatch,0.1663174903625075,0.029014431699595,0.714538945660278,10
0.25,1.0,flat_negative,neg_random,0.3079691248645141,0.0328630747144084,0.8346595544055087,10
0.25,1.0,no_writeback,neg_degmatch,0.233396014597336,0.0134483695152887,0.7728063462128854,10
0.25,1.0,no_writeback,neg_random,0.4034457897895011,0.0178667248946095,0.8835399763168281,10
0.25,1.0,typed,neg_degmatch,0.233396014597336,0.0134483695152887,0.7728063462128854,10
0.25,1.0,typed,neg_random,0.4034457897895011,0.0178667248946095,0.8835399763168281,10
0.25,1.0,uncertainty_mask,neg_degmatch,0.2059512180049229,0.0287646302578349,0.7401649050480242,10
0.25,1.0,uncertainty_mask,neg_random,0.3627178058504085,0.0280758764617253,0.8594454190605676,10
0.5,0.0,flat_negative,neg_degmatch,0.1073102313473208,0.019135799258987,0.6417254725669926,10
0.5,0.0,flat_negative,neg_random,0.2079257662710116,0.0384587121815842,0.7593189991667033,10
0.5,0.0,no_writeback,neg_degmatch,0.233396014597336,0.0134483695152887,0.7728063462128854,10
0.5,0.0,no_writeback,neg_random,0.4034457897895011,0.0178667248946095,0.8835399763168281,10
0.5,0.0,typed,neg_degmatch,0.1472981788222857,0.0261114232989649,0.6837345949739047,10
0.5,0.0,typed,neg_random,0.2687124767674908,0.0412302514332745,0.8048950703916494,10
0.5,0.0,uncertainty_mask,neg_degmatch,0.1472981788222857,0.0261114232989649,0.6837345949739047,10
0.5,0.0,uncertainty_mask,neg_random,0.2687124767674908,0.0412302514332745,0.8048950703916494,10
0.5,0.5,flat_negative,neg_degmatch,0.1073102313473208,0.019135799258987,0.6417254725669926,10
0.5,0.5,flat_negative,neg_random,0.2079257662710116,0.0384587121815842,0.7593189991667033,10
0.5,0.5,no_writeback,neg_degmatch,0.233396014597336,0.0134483695152887,0.7728063462128854,10
0.5,0.5,no_writeback,neg_random,0.4034457897895011,0.0178667248946095,0.8835399763168281,10
0.5,0.5,typed,neg_degmatch,0.204673955774415,0.0173622066560621,0.7525321257839568,10
0.5,0.5,typed,neg_random,0.3624002889949403,0.0219527195246368,0.8662248366299725,10
0.5,0.5,uncertainty_mask,neg_degmatch,0.1472981788222857,0.0261114232989649,0.6837345949739047,10
0.5,0.5,uncertainty_mask,neg_random,0.2687124767674908,0.0412302514332745,0.8048950703916494,10
0.5,1.0,flat_negative,neg_degmatch,0.1073102313473208,0.019135799258987,0.6417254725669926,10
0.5,1.0,flat_negative,neg_random,0.2079257662710116,0.0384587121815842,0.7593189991667033,10
0.5,1.0,no_writeback,neg_degmatch,0.233396014597336,0.0134483695152887,0.7728063462128854,10
0.5,1.0,no_writeback,neg_random,0.4034457897895011,0.0178667248946095,0.8835399763168281,10
0.5,1.0,typed,neg_degmatch,0.233396014597336,0.0134483695152887,0.7728063462128854,10
0.5,1.0,typed,neg_random,0.4034457897895011,0.0178667248946095,0.8835399763168281,10
0.5,1.0,uncertainty_mask,neg_degmatch,0.1472981788222857,0.0261114232989649,0.6837345949739047,10
0.5,1.0,uncertainty_mask,neg_random,0.2687124767674908,0.0412302514332745,0.8048950703916494,10
