case_id	graph	drug	disease	primary	secondary	contradicts	nct_used	justification
H01	hetionet	Ramipril	hypertension	E	A1,B1	no	NCT00389519	Paediatric (6-16 y) dose-ranging placebo-controlled trial; stopped after protocol-permitted planned interim analysis, no futility or harm stated.
H02	hetionet	Nicotine	nicotine dependence	A1	B1	no	NCT00046813,NCT00115687	Patch dose comparison in schizophrenia (interim: no difference between doses) and nicotine gum in pregnant smokers; both special populations.
H03	hetionet	Pyrimethamine	malaria	A1	B2	unclear	NCT00453856	Single-arm sulfadoxine-pyrimethamine trial in children 6-59 months in Lambarene; stopped after early treatment failure (likely local resistance); fixed combination.
H04	hetionet	Dapsone	malaria	E	B2,A1	no	NCT00361114	SP comparator arms stopped for treatment failure; chlorproguanil/dapsone arm never run (drug unavailable); children 2-59 months.
H05	hetionet	Metoprolol	hypertension	D	E,A2	no	NCT00491387	Mechanistic I-123 MIBG sympathetic-innervation study (n=24) in BP-controlled patients on ACEI/ARB; stopped for beta-blocker adverse-event concerns, not BP efficacy.
H06	hetionet	Metformin	polycystic ovary syndrome	A2	B2,D	no	NCT01208740	Pre-treatment with gonadotropins for IVF in poor-response PCOS women aged 35-45; outcome is cycle cancellation; safety concern at interim, unspecified.
H07	hetionet	Metformin	metabolic syndrome X	A1	A2,D	no	NCT01996696	Prevention of weight gain/metabolic syndrome in prostate cancer patients on androgen deprivation; interim showed no body-weight difference.
H08	hetionet	Olanzapine	endogenous depression	A2	B2	unclear	NCT01687478	Olanzapine plus fluoxetine versus placebo plus fluoxetine in non-psychotic treatment-resistant depression; interim lack of efficacy; refractory add-on setting only.
H09	hetionet	Gemcitabine	breast cancer	B2	A2	no	NCT00462865	Adjuvant gemcitabine+capecitabine+bevacizumab triplet after neoadjuvant therapy; stopped for regimen toxicity and slow accrual (n=18).
H10	hetionet	Epirubicin	stomach cancer	C	E,B2	no	NCT02076594	Epirubicin-oxaliplatin-capecitabine is the control regimen; interim failure concerned effectiveness of the experimental low-dose docetaxel regimen versus it.
H11	hetionet	Fluoxetine	endogenous depression	B2	E,D	no	NCT01119430	Fluoxetine is background in both arms; add-on DU125530 versus placebo to shorten response latency; interim no difference attributable to add-on.
H12	hetionet	Cyclophosphamide	breast cancer	B2	B1,A2	no	NCT01329627	Single-arm feasibility of weekly paclitaxel then doxorubicin plus daily oral cyclophosphamide in locally advanced HER2-negative disease; toxicity (n=12).
H13	hetionet	Methotrexate	urinary bladder cancer	A2	D,B2	no	NCT00005047	Adjuvant MVAC after cystectomy versus observation in p53-altered tumours; accrual halted after DSMB futility analysis.
H14	hetionet	Methotrexate	rheumatoid arthritis	B2	E,A2	no	NCT00485589	Methotrexate was background in both arms; ocrelizumab add-on in MTX-naive patients judged unfavourable benefit-risk.
H15	hetionet	Fluticasone Propionate	asthma	E	D,B2	no	NCT00456313	Withdrawn with zero enrolment (lack of data); mechanistic neutrophil-priming study of fluticasone with salmeterol, not a treatment-efficacy trial.
H16	hetionet	Niacin	coronary artery disease	E	A1,D	no	NCT01414166	Lipid-endpoint trial of niacin/laropiprant in South and Southeast Asians with dyslipidaemia; stopped after external HPS2-THRIVE results.
H17	hetionet	Galantamine	Alzheimer's disease	F	B1	unclear	NCT00679627	Standard placebo-controlled 2-year trial in mild-moderately-severe AD; DSMB stopped for death imbalance, a drug-attributed safety signal; efficacy not reported.
H18	hetionet	Estradiol	prostate cancer	A2	B1	no	NCT00176644	Transdermal estradiol, single-arm, in hormone-refractory metastatic disease after docetaxel; stopped as ineffective.
H19	hetionet	Estradiol	breast cancer	D	A2,B1	no	NCT01083641	High-dose estradiol single-arm trial in metastatic ER/PR/HER2-negative breast cancer; stopped for missed interim efficacy goals.
H20	hetionet	Diethylpropion	obesity	E	B2,A1	no	NCT00115063	Multicomponent programme (diet, behaviour, three drugs) versus website control in BMI>40; stopped on ethics of untreated control, not drug efficacy or harm.
H21	hetionet	Salmeterol	asthma	E	D,B2	no	NCT00456313	Withdrawn with zero enrolment (lack of data); mechanistic neutrophil-priming study of fluticasone with salmeterol, not a treatment-efficacy trial.
H22	hetionet	Exemestane	breast cancer	C	A2,B2	no	NCT01303679	Maintenance switch: exemestane+bevacizumab versus continued taxane+bevacizumab after first-line response; no significant difference between arms.
H23	hetionet	Doxorubicin	urinary bladder cancer	A2	D,B2	no	NCT00005047	Adjuvant MVAC after cystectomy versus observation in p53-altered tumours; accrual halted after DSMB futility analysis.
H24	hetionet	Doxorubicin	breast cancer	B2	A2	no	NCT01329627,NCT02131506	Sequential paclitaxel/doxorubicin/cyclophosphamide feasibility and lapatinib plus liposomal doxorubicin phase Ib; both stopped for toxicity or safety.
H25	hetionet	Letrozole	breast cancer	B2	E,A2	no	NCT01199367	Phase 1 triplet of KW-2450, lapatinib and letrozole; stopped because no tolerable dose of the new combination was found.
H26	hetionet	Cinacalcet	chronic kidney failure	A1	D	no	NCT01277510	Paediatric (6-17 y) dialysis patients with secondary hyperparathyroidism; clinical hold after one fatality, causality not stated.
H27	hetionet	Orlistat	obesity	E	B2,A1	no	NCT00115063	Multicomponent programme (diet, behaviour, three drugs) versus website control in BMI>40; stopped on ethics of untreated control, not drug efficacy or harm.
H28	hetionet	Capecitabine	breast cancer	B2	A2	no	NCT00462865,NCT01200212	Capecitabine added to taxane+bevacizumab first-line (no benefit, more toxicity); adjuvant gem/cape/bevacizumab triplet stopped for toxicity.
H29	hetionet	Sibutramine	obesity	E	B2,A1	no	NCT00115063	Multicomponent programme (diet, behaviour, three drugs) versus website control in BMI>40; stopped on ethics of untreated control, not drug efficacy or harm.
H30	hetionet	Pioglitazone	type 2 diabetes mellitus	A1	C,D	no	NCT00521820	T2DM with mild-moderate heart failure, pioglitazone versus glyburide; stopped for more heart-failure hospitalisation; primary outcome is CHF progression.
H31	hetionet	Escitalopram	endogenous depression	E	A1	no	NCT00387348	Advanced-cancer patients with depression; DSMB stopped because the placebo arm had more adverse events, not the drug.
H32	hetionet	Paclitaxel	breast cancer	B2	B1,A2	no	NCT01329627	Single-arm feasibility of weekly paclitaxel then doxorubicin plus daily oral cyclophosphamide in locally advanced HER2-negative disease; toxicity (n=12).
H33	hetionet	Aripiprazole	schizophrenia	E	A1,A2	no	NCT01122927	Open-label long-term adolescent safety study; stopped because the paediatric investigational plan objective was met.
H34	hetionet	Docetaxel	prostate cancer	B2	E,A2	no	NCT00494338	Docetaxel plus celecoxib in androgen-independent metastatic disease (n=6); stopped for celecoxib safety issues.
H35	hetionet	Docetaxel	stomach cancer	C	B2,B1	no	NCT02076594	Low-dose weekly docetaxel-oxaliplatin-capecitabine versus epirubicin triplet; interim failed primary effectiveness objective against an active comparator.
H36	hetionet	Docetaxel	breast cancer	A1	B1,D	no	NCT00104624	Biweekly docetaxel in women aged 70+ with functional-autonomy primary outcome; stopped for toxicity.
H37	hetionet	Lapatinib	breast cancer	B2	E,A2	no	NCT01199367,NCT02131506	Lapatinib in phase 1 combinations (with KW-2450/letrozole; with liposomal doxorubicin); stopped for tolerability or safety of the combinations.
H38	hetionet	Everolimus	breast cancer	A2	B2,E	no	NCT00674414,NCT02236572	Neoadjuvant/preoperative add-on to trastuzumab or aromatase inhibitor; one stopped for slow accrual, one after missing 5/15 response gate.
H39	hetionet	Degarelix	prostate cancer	A2	E	no	NCT01545882	Single-arm trial in non-metastatic hormone-refractory disease with PSA progression; five patients; investigator terminated as 'negative'.
H40	hetionet	Fingolimod	multiple sclerosis	D	A2	no	NCT00731692	Primary progressive MS subtype; core study missed confirmed-disability-progression endpoint, extension stopped.
P01	primekg	Valsartan	congestive heart failure	E	C,D	no	NCT01035255	LCZ696 (contains valsartan) versus enalapril on morbidity/mortality in HFrEF; stopped early for compelling efficacy, not failure.
P02	primekg	Ramipril	hypertensive disorder	E	A1,B1	no	NCT00389519	Paediatric (6-16 y) dose-ranging placebo-controlled trial; stopped after protocol-permitted planned interim analysis, no futility or harm stated.
P03	primekg	Nicotine	nicotine dependence	A1	B1	no	NCT00046813,NCT00115687	Patch dose comparison in schizophrenia (interim: no difference between doses) and nicotine gum in pregnant smokers; both special populations.
P04	primekg	Pyrimethamine	malaria	A1	B2	unclear	NCT00453856	Single-arm sulfadoxine-pyrimethamine trial in children 6-59 months in Lambarene; stopped after early treatment failure (likely local resistance); fixed combination.
P05	primekg	Metoprolol	hypertensive disorder	D	E,A2	no	NCT00491387	Mechanistic I-123 MIBG sympathetic-innervation study (n=24) in BP-controlled patients on ACEI/ARB; stopped for beta-blocker adverse-event concerns, not BP efficacy.
P06	primekg	Lidocaine	osteoarthritis	E	C,B1	no	NCT00904605	Lidocaine 5% patch versus celecoxib for knee osteoarthritis pain; stopped for COX-2 class safety concerns, which concern the comparator.
P07	primekg	Mitomycin	pancreatic adenocarcinoma	E	D,A2	no	NCT00386399	Withdrawn with zero enrolment: no consented patient carried the BRCA2 mutation required for this biomarker-selected trial.
P08	primekg	Gefitinib	non-small cell lung carcinoma	A2	D	no	NCT00104728	Single-agent neoadjuvant gefitinib in resectable stage I-IIIA disease with molecular correlates; early stopping rule on response rate.
P09	primekg	Olanzapine	major depressive disorder	A2	B2	unclear	NCT01687478	Olanzapine plus fluoxetine versus placebo plus fluoxetine in non-psychotic treatment-resistant depression; interim lack of efficacy; refractory add-on setting only.
P10	primekg	Olanzapine	anxiety disorder	F	A2,B2	no	NCT01687478	Trial is in treatment-resistant depression yet mapped to an anxiety-disorder concept; olanzapine-fluoxetine add-on stopped for interim lack of efficacy.
P11	primekg	Treprostinil	pulmonary arterial hypertension	A1	B1,E	no	NCT00494533	Intravenous treprostinil trial in India; stopped for safety issues of outpatient infusion, a delivery and setting problem, not stated drug failure.
P12	primekg	Sorafenib	liver cancer	B2	E	no	NCT01334710	Sorafenib plus OSI-906 single-arm (n=3); stopped because of a safety issue seen with OSI-906 in another study.
P13	primekg	Sorafenib	hepatocellular carcinoma	B2	E,A2	no	NCT00971126,NCT01334710	Sorafenib combined with thalidomide (dose-limiting toxicity at first level) or OSI-906; stopped for combination safety.
P14	primekg	Lansoprazole	duodenal ulcer	E	A2,C	no	NCT00762359	Ulcer-recurrence prevention in long-term low-dose aspirin users versus gefarnate; stopped because lansoprazole was superior, i.e. success.
P15	primekg	Fluoxetine	major depressive disorder	B2	E,D	no	NCT01119430	Fluoxetine is background in both arms; add-on DU125530 versus placebo to shorten response latency; interim no difference attributable to add-on.
P16	primekg	Ritonavir	HIV infectious disease	A2	B2,C	no	NCT00090779,NCT00420355,NCT00531986,NCT01602822	Boosted-PI trials: immediate versus deferred ART, lopinavir/r monotherapy simplification, PK pairing with atazanavir, post-exposure prophylaxis.
P17	primekg	Erlotinib	non-small cell lung carcinoma	B2	A2,D	no	NCT00281021,NCT00283634,NCT00554775,NCT01115803	Erlotinib with digoxin, bortezomib, whole-brain radiotherapy or LY2584702 in relapsed, refractory or brain-metastatic disease; response or gate failures.
P18	primekg	Cyclophosphamide	plasma cell myeloma	B2	E,A2	no	NCT01881789	Oral cyclophosphamide was one arm of oprozomib dose escalation; halted for oprozomib formulation safety/PK optimisation.
P19	primekg	Propranolol	hemangioma	E	C,A1	no	NCT00967226	Propranolol versus prednisolone in infants 2 weeks-6 months; stopped for prednisolone growth-retardation adverse events, not propranolol.
P20	primekg	Fluticasone propionate	asthma	E	D,B2	no	NCT00456313	Withdrawn with zero enrolment (lack of data); mechanistic neutrophil-priming study of fluticasone with salmeterol, not a treatment-efficacy trial.
P21	primekg	Niacin	myocardial infarction	B2	D,A2	yes	NCT00120289	Extended-release niacin added to simvastatin in established vascular disease; DSMB stopped for lack of efficacy on cardiovascular events.
P22	primekg	Prednisone	primary cutaneous T-cell non-Hodgkin lymphoma	B2		unclear	NCT00161239	Named multi-agent LAMPP regimen trial in peripheral/cutaneous T-cell lymphoma; no arms listed; stopped for unspecified toxicity; drug role unclear.
P23	primekg	Tobramycin	cystic fibrosis	E	B1,A1	unclear	NCT00125346	Placebo-controlled tobramycin inhalation powder in CF patients 6-21 y with Pseudomonas; stopped 'per Data Monitoring Committee' with no efficacy or safety finding stated.
P24	primekg	Estradiol	breast cancer	D	A2,B1	no	NCT01083641	High-dose estradiol single-arm trial in metastatic ER/PR/HER2-negative breast cancer; stopped for missed interim efficacy goals.
P25	primekg	Diethylpropion	obesity disorder	E	B2,A1	no	NCT00115063	Multicomponent programme (diet, behaviour, three drugs) versus website control in BMI>40; stopped on ethics of untreated control, not drug efficacy or harm.
P26	primekg	Acetylsalicylic acid	transient ischemic attack	B2	C,A2	no	NCT01661322	Intensive triple antiplatelet therapy (aspirin, dipyridamole, clopidogrel) versus guideline therapy for 30 days after stroke/TIA; stopped having reached a 'definitive answer'.
P27	primekg	Methylprednisolone	non-Hodgkin lymphoma	B2	A2	no	NCT00367497	Rituximab plus ESHAP combination in relapsed/refractory aggressive lymphoma (n=5); stopping rule triggered by low response rate.
P28	primekg	Pioglitazone	type 2 diabetes mellitus	A1	C,D	no	NCT00521820	T2DM with mild-moderate heart failure, pioglitazone versus glyburide; stopped for more heart-failure hospitalisation; primary outcome is CHF progression.
P29	primekg	Escitalopram	major depressive disorder	E	A1	no	NCT00387348	Advanced-cancer patients with depression; DSMB stopped because the placebo arm had more adverse events, not the drug.
P30	primekg	Dexamethasone	mantle cell lymphoma	B2	A2	no	NCT01578343	Vorinostat added to fludarabine-mitoxantrone-dexamethasone in relapsed/refractory disease; interim responses below threshold (<7 of 19).
P31	primekg	Docetaxel	non-small cell lung carcinoma	B2	B1,A1	no	NCT00801801	Metronomic docetaxel plus sorafenib first-line in performance-status-2 patients (n=5); funding withdrawn, early efficacy not encouraging.
P32	primekg	Docetaxel	breast cancer	A1	B1,D	no	NCT00104624	Biweekly docetaxel in women aged 70+ with functional-autonomy primary outcome; stopped for toxicity.
P33	primekg	Lisdexamfetamine	attention deficit-hyperactivity disorder	E	A1,D	no	NCT01017263	Children aged 8-17 with ADHD, obesity and glucose intolerance; stopped for high screen-failure rate (feasibility); glucose outcomes.
P34	primekg	Lapatinib	breast cancer	B2	E,A2	no	NCT01199367,NCT02131506	Lapatinib in phase 1 combinations (with KW-2450/letrozole; with liposomal doxorubicin); stopped for tolerability or safety of the combinations.
P35	primekg	Everolimus	breast cancer	A2	B2,E	no	NCT00674414,NCT02236572	Neoadjuvant/preoperative add-on to trastuzumab or aromatase inhibitor; one stopped for slow accrual, one after missing 5/15 response gate.
P36	primekg	Trabectedin	soft tissue sarcoma	C	B2,A2	no	NCT01104298,NCT01189253	First-line trials versus doxorubicin (trabectedin+doxorubicin; 3h or 24h trabectedin alone); experimental arms failed interim expectations.
P37	primekg	Prasugrel	myocardial infarction	E	C,D	no	NCT00910299	Prasugrel versus clopidogrel in high-platelet-reactivity patients after elective PCI; stopped for low primary-event rate, not drug failure.
P38	primekg	Cangrelor	acute coronary syndrome	C	A2	no	NCT00305162	Cangrelor versus clopidogrel in PCI patients with ACS/MI; stopped for insufficient evidence of clinical effectiveness against an active comparator.
P39	primekg	Degarelix	prostate cancer	A2	E	no	NCT01545882	Single-arm trial in non-metastatic hormone-refractory disease with PSA progression; five patients; investigator terminated as 'negative'.
P40	primekg	Rilpivirine	HIV infectious disease	A2	B1,E	no	NCT01049932	Long-acting injectable rilpivirine as prophylaxis in HIV-negative volunteers; zero enrolled; closed for additional safety information.
