task	pseed	policy	model	seed	AP	AUROC	n	n_pos	macroAP_disease	MRR	Hits@10	negated	test_pos_negated	test_pos_masked	placebo_n	placebo_unreplaced	real_n
compound	42	typed_lowint1	degree	0	0.07447608049323015	0.7278685832415619	5913	162	0.03583575918098666	0.18546076528472166	0.43209876543209874	58	1	87			
compound	42	typed_lowint1	graph	1	0.24339977659129605	0.8431984990264709	5913	162	0.32848009209820567	0.4315451058646291	0.6296296296296297	58	1	87			
compound	42	typed_lowint1	mf	1	0.06845159239211433	0.6805794376072009	5913	162	0.0809547214351303	0.1671419892246243	0.43209876543209874	58	1	87			
compound	42	typed_lowint1	mf	2	0.07305928333260804	0.6806395452428027	5913	162	0.12538659944719532	0.16541947880467112	0.43209876543209874	58	1	87			
compound	42	typed_lowint1	mf	3	0.06790137318356051	0.6812712120919389	5913	162	0.08284766520746266	0.16508048564705835	0.4382716049382716	58	1	87			
compound	42	typed_lowint1	hybrid	1	0.24342461675701663	0.8431942056239279	5913	162	0.3284841735994623	0.431548368464791	0.6296296296296297	58	1	87			
compound	42	typed_lowint1	hybrid	2	0.24342936725170453	0.8431931322732922	5913	162	0.3284692272568323	0.4315451058646291	0.6296296296296297	58	1	87			
compound	42	typed_lowint1	hybrid	3	0.2434040088028122	0.8431888388707494	5913	162	0.3284692272568323	0.4315451058646291	0.6296296296296297	58	1	87			
compound	42	typed_lowint2	degree	0	0.07447608049323015	0.7278685832415619	5913	162	0.03583575918098666	0.18546076528472166	0.43209876543209874	77	1	87			
compound	42	typed_lowint2	graph	1	0.2429619905733316	0.8429784621461431	5913	162	0.32975034435902806	0.43229199820611136	0.6234567901234568	77	1	87			
compound	42	typed_lowint2	mf	1	0.06302087871315633	0.6653394686055671	5913	162	0.07360729393613774	0.16488069613760484	0.43209876543209874	77	1	87			
compound	42	typed_lowint2	mf	2	0.06653797334181936	0.6641357058675786	5913	162	0.12230049202554735	0.16183135197755769	0.4382716049382716	77	1	87			
compound	42	typed_lowint2	mf	3	0.06171602050824244	0.6628503684812732	5913	162	0.07529719651290813	0.1615478304850379	0.41975308641975306	77	1	87			
compound	42	typed_lowint2	hybrid	1	0.24302224452306143	0.8429945624056795	5913	162	0.32975034435902806	0.43229199820611136	0.6234567901234568	77	1	87			
compound	42	typed_lowint2	hybrid	2	0.2430311119905192	0.8429902690031363	5913	162	0.32975034435902806	0.43229199820611136	0.6234567901234568	77	1	87			
compound	42	typed_lowint2	hybrid	3	0.24301833280845425	0.8429849022499576	5913	162	0.32975034435902806	0.43229199820611136	0.6234567901234568	77	1	87			
compound	42	typed_lowint4	degree	0	0.07447608049323015	0.7278685832415619	5913	162	0.03583575918098666	0.18546076528472166	0.43209876543209874	125	1	87			
compound	42	typed_lowint4	graph	1	0.24059928532975755	0.8421412486502616	5913	162	0.32867672671586523	0.4333215290646991	0.6234567901234568	125	1	87			
compound	42	typed_lowint4	mf	1	0.05726381259593913	0.6384439850503724	5913	162	0.06186214427700675	0.1618087030240781	0.4444444444444444	125	1	87			
compound	42	typed_lowint4	mf	2	0.06126894766808877	0.6376593657356423	5913	162	0.10479585954409767	0.16322268144727156	0.43209876543209874	125	1	87			
compound	42	typed_lowint4	mf	3	0.0573781526251199	0.6331019189362666	5913	162	0.07651289991606634	0.15992176994698365	0.41975308641975306	125	1	87			
compound	42	typed_lowint4	hybrid	1	0.24059024348629476	0.842143395351533	5913	162	0.32867672671586523	0.4333215290646991	0.6234567901234568	125	1	87			
compound	42	typed_lowint4	hybrid	2	0.2406579398646762	0.8421455420528047	5913	162	0.32867672671586523	0.4333215290646991	0.6234567901234568	125	1	87			
compound	42	typed_lowint4	hybrid	3	0.24064966593281728	0.8421444687021689	5913	162	0.32867672671586523	0.4333215290646991	0.6234567901234568	125	1	87			
compound	42	placebo_degree__flat_negative	degree	0	0.07447608049323015	0.7278685832415619	5913	162	0.03583575918098666	0.18546076528472166	0.43209876543209874	1780	8	88	1780.0	0.0	1780.0
compound	42	placebo_degree__flat_negative	graph	1	0.27010007850761136	0.8395340799560356	5913	162	0.3675403649742026	0.44333443520553123	0.6172839506172839	1780	8	88	1780.0	0.0	1780.0
compound	42	placebo_degree__flat_negative	mf	1	0.037420723884405094	0.44090990080093423	5913	162	0.049855574469779854	0.17115257421442506	0.4506172839506173	1780	8	88	1780.0	0.0	1780.0
compound	42	placebo_degree__flat_negative	mf	2	0.032361830494924776	0.4275021413345183	5913	162	0.06050022918935211	0.15782856789209085	0.38271604938271603	1780	8	88	1780.0	0.0	1780.0
compound	42	placebo_degree__flat_negative	mf	3	0.03953295587959594	0.4342062894053852	5913	162	0.04984005288619296	0.19543276855578967	0.4012345679012346	1780	8	88	1780.0	0.0	1780.0
compound	42	placebo_uniform__flat_negative	degree	0	0.07447608049323015	0.7278685832415619	5913	162	0.03583575918098666	0.18546076528472166	0.43209876543209874	1780	0	88	1780.0	0.0	1780.0
compound	42	placebo_uniform__flat_negative	graph	1	0.25250419844461786	0.8458357215384978	5913	162	0.33973095502326894	0.44025714797332527	0.6172839506172839	1780	0	88	1780.0	0.0	1780.0
compound	42	placebo_uniform__flat_negative	mf	1	0.0613264043542193	0.6729591847687251	5913	162	0.1156479188965721	0.16489871832178118	0.4444444444444444	1780	0	88	1780.0	0.0	1780.0
compound	42	placebo_uniform__flat_negative	mf	2	0.07676227984446035	0.6675500342398852	5913	162	0.12537126719126637	0.1743808370824931	0.4382716049382716	1780	0	88	1780.0	0.0	1780.0
compound	42	placebo_uniform__flat_negative	mf	3	0.06043850033131321	0.6725695584879495	5913	162	0.07062965251419441	0.16397595572569912	0.41975308641975306	1780	0	88	1780.0	0.0	1780.0
compound	42	placebo_degree__typed	degree	0	0.07447608049323015	0.7278685832415619	5913	162	0.03583575918098666	0.18546076528472166	0.43209876543209874	387	3	88	387.0	0.0	387.0
compound	42	placebo_degree__typed	graph	1	0.24979722656413222	0.8391197666106379	5913	162	0.32099325461189027	0.4379156926354362	0.6358024691358025	387	3	88	387.0	0.0	387.0
compound	42	placebo_degree__typed	mf	1	0.0477584291560489	0.5286595353250427	5913	162	0.04528266849618504	0.15742350612906192	0.4506172839506173	387	3	88	387.0	0.0	387.0
compound	42	placebo_degree__typed	mf	2	0.0433516980514829	0.5124004198947687	5913	162	0.07291407340069543	0.13606381739143603	0.4012345679012346	387	3	88	387.0	0.0	387.0
compound	42	placebo_degree__typed	mf	3	0.046212687347749005	0.5180135070444003	5913	162	0.05882826025031494	0.1551046981690808	0.43209876543209874	387	3	88	387.0	0.0	387.0
compound	42	placebo_uniform__typed	degree	0	0.07447608049323015	0.7278685832415619	5913	162	0.03583575918098666	0.18546076528472166	0.43209876543209874	387	0	88	387.0	0.0	387.0
compound	42	placebo_uniform__typed	graph	1	0.24626049678396908	0.8449673808741797	5913	162	0.32711333054005653	0.4300855984811092	0.6358024691358025	387	0	88	387.0	0.0	387.0
compound	42	placebo_uniform__typed	mf	1	0.06911771041036151	0.6867876976843533	5913	162	0.10843252808092091	0.16568845775526575	0.46296296296296297	387	0	88	387.0	0.0	387.0
compound	42	placebo_uniform__typed	mf	2	0.07383434301970904	0.6847719451904232	5913	162	0.13025391118784782	0.1746963452132766	0.4444444444444444	387	0	88	387.0	0.0	387.0
compound	42	placebo_uniform__typed	mf	3	0.06919934955204957	0.6862961030931819	5913	162	0.07475250705611566	0.17227175688594495	0.41358024691358025	387	0	88	387.0	0.0	387.0
compound	42	placebo_degree__typed_scoped	degree	0	0.07447608049323015	0.7278685832415619	5913	162	0.03583575918098666	0.18546076528472166	0.43209876543209874	211	0	88	211.0	0.0	211.0
compound	42	placebo_degree__typed_scoped	graph	1	0.24744846588442712	0.8437115606303575	5913	162	0.3300247339738785	0.43722237133971614	0.6419753086419753	211	0	88	211.0	0.0	211.0
compound	42	placebo_degree__typed_scoped	mf	1	0.057375208209634196	0.5751951888131104	5913	162	0.058719346637889185	0.16746922097304207	0.4382716049382716	211	0	88	211.0	0.0	211.0
compound	42	placebo_degree__typed_scoped	mf	2	0.05555637890638962	0.5627244644517003	5913	162	0.1147776702369866	0.15747311224540378	0.42592592592592593	211	0	88	211.0	0.0	211.0
compound	42	placebo_degree__typed_scoped	mf	3	0.05432391796300227	0.5731638727349618	5913	162	0.06915719821890891	0.17524243547559137	0.41358024691358025	211	0	88	211.0	0.0	211.0
compound	42	placebo_uniform__typed_scoped	degree	0	0.07447608049323015	0.7278685832415619	5913	162	0.03583575918098666	0.18546076528472166	0.43209876543209874	211	0	88	211.0	0.0	211.0
compound	42	placebo_uniform__typed_scoped	graph	1	0.24494093550868432	0.8442332090393296	5913	162	0.33168233017698195	0.43338530102000716	0.6419753086419753	211	0	88	211.0	0.0	211.0
compound	42	placebo_uniform__typed_scoped	mf	1	0.06865630596395185	0.688586096674545	5913	162	0.0755424423200841	0.16159263027019172	0.4691358024691358	211	0	88	211.0	0.0	211.0
compound	42	placebo_uniform__typed_scoped	mf	2	0.07054043779820321	0.6899444219040811	5913	162	0.09779050749152156	0.16270050568120173	0.42592592592592593	211	0	88	211.0	0.0	211.0
compound	42	placebo_uniform__typed_scoped	mf	3	0.0697358795092056	0.6866342085434417	5913	162	0.09491822776744979	0.15902644832769683	0.41358024691358025	211	0	88	211.0	0.0	211.0
compound	42	placebo_degree__typed_role	degree	0	0.07447608049323015	0.7278685832415619	5913	162	0.03583575918098666	0.18546076528472166	0.43209876543209874	202	3	88	202.0	0.0	202.0
compound	42	placebo_degree__typed_role	graph	1	0.23837999817001668	0.8444199720499495	5913	162	0.3182796168550736	0.42724858663834586	0.6172839506172839	202	3	88	202.0	0.0	202.0
compound	42	placebo_degree__typed_role	mf	1	0.04938978516227364	0.5508006122392026	5913	162	0.049071387858532524	0.14517584450513935	0.4012345679012346	202	3	88	202.0	0.0	202.0
compound	42	placebo_degree__typed_role	mf	2	0.049224992737557816	0.5471700037137932	5913	162	0.06779774946526602	0.14574160682497805	0.4074074074074074	202	3	88	202.0	0.0	202.0
compound	42	placebo_degree__typed_role	mf	3	0.053147717165401724	0.5504506999319496	5913	162	0.07030757589588127	0.1520093952393275	0.4074074074074074	202	3	88	202.0	0.0	202.0
compound	42	placebo_uniform__typed_role	degree	0	0.07447608049323015	0.7278685832415619	5913	162	0.03583575918098666	0.18546076528472166	0.43209876543209874	202	0	88	202.0	0.0	202.0
compound	42	placebo_uniform__typed_role	graph	1	0.2444854764483371	0.8445112068539878	5913	162	0.330122134778001	0.4305917166702677	0.6419753086419753	202	0	88	202.0	0.0	202.0
compound	42	placebo_uniform__typed_role	mf	1	0.06493818302695407	0.6763708297644424	5913	162	0.08103620776062315	0.16449126918589105	0.4382716049382716	202	0	88	202.0	0.0	202.0
compound	42	placebo_uniform__typed_role	mf	2	0.07308175034944005	0.6741135733774696	5913	162	0.12766988744236155	0.1639259892529276	0.4506172839506173	202	0	88	202.0	0.0	202.0
compound	42	placebo_uniform__typed_role	mf	3	0.06563233152273013	0.6759720800032629	5913	162	0.08322168174486395	0.1641172419877186	0.43209876543209874	202	0	88	202.0	0.0	202.0
compound	42	placebo_degree__typed_role_scoped	degree	0	0.07447608049323015	0.7278685832415619	5913	162	0.03583575918098666	0.18546076528472166	0.43209876543209874	104	1	88	104.0	0.0	104.0
compound	42	placebo_degree__typed_role_scoped	graph	1	0.24567071945765412	0.8438349959534681	5913	162	0.3317610377003049	0.43365247852012073	0.6419753086419753	104	1	88	104.0	0.0	104.0
compound	42	placebo_degree__typed_role_scoped	mf	1	0.06467966418600339	0.6321879608699292	5913	162	0.0784152925634719	0.16686068753451794	0.4567901234567901	104	1	88	104.0	0.0	104.0
compound	42	placebo_degree__typed_role_scoped	mf	2	0.07157619169367169	0.6222895213070834	5913	162	0.11789521155678992	0.16554955714883549	0.41358024691358025	104	1	88	104.0	0.0	104.0
compound	42	placebo_degree__typed_role_scoped	mf	3	0.06416977337586698	0.6267562699777387	5913	162	0.08048280476797025	0.16348412810475701	0.43209876543209874	104	1	88	104.0	0.0	104.0
compound	42	placebo_uniform__typed_role_scoped	degree	0	0.07447608049323015	0.7278685832415619	5913	162	0.03583575918098666	0.18546076528472166	0.43209876543209874	104	0	88	104.0	0.0	104.0
compound	42	placebo_uniform__typed_role_scoped	graph	1	0.24505640064512074	0.8447312437343156	5913	162	0.3315087922654596	0.4295580366881223	0.6419753086419753	104	0	88	104.0	0.0	104.0
compound	42	placebo_uniform__typed_role_scoped	mf	1	0.07732938563486004	0.7064042539032396	5913	162	0.08405216157013774	0.16642829357819594	0.42592592592592593	104	0	88	104.0	0.0	104.0
compound	42	placebo_uniform__typed_role_scoped	mf	2	0.0782387463282904	0.7081200048944789	5913	162	0.13309414538830497	0.16976160258327097	0.4444444444444444	104	0	88	104.0	0.0	104.0
compound	42	placebo_uniform__typed_role_scoped	mf	3	0.06989329680325491	0.7082412935163181	5913	162	0.09606019451764333	0.1603593077487409	0.4444444444444444	104	0	88	104.0	0.0	104.0
compound	42	placebo_degree__typed_lowint2	degree	0	0.07447608049323015	0.7278685832415619	5913	162	0.03583575918098666	0.18546076528472166	0.43209876543209874	77	0	88	77.0	0.0	77.0
compound	42	placebo_degree__typed_lowint2	graph	1	0.24747472318791147	0.844020685613452	5913	162	0.33238225754365697	0.43550679975388545	0.6419753086419753	77	0	88	77.0	0.0	77.0
compound	42	placebo_degree__typed_lowint2	mf	1	0.06348783195317861	0.6659244447020486	5913	162	0.07046186301359363	0.16522184713177804	0.43209876543209874	77	0	88	77.0	0.0	77.0
compound	42	placebo_degree__typed_lowint2	mf	2	0.07049362086702692	0.6678747228071984	5913	162	0.12772263786168073	0.16874940154206397	0.4444444444444444	77	0	88	77.0	0.0	77.0
compound	42	placebo_degree__typed_lowint2	mf	3	0.06250133767986554	0.6665475247460989	5913	162	0.07422624583508355	0.16334366045796314	0.4444444444444444	77	0	88	77.0	0.0	77.0
compound	42	placebo_uniform__typed_lowint2	degree	0	0.07447608049323015	0.7278685832415619	5913	162	0.03583575918098666	0.18546076528472166	0.43209876543209874	77	0	88	77.0	0.0	77.0
compound	42	placebo_uniform__typed_lowint2	graph	1	0.2468728890109144	0.8449480605627362	5913	162	0.3297935848422482	0.43347077810299767	0.6419753086419753	77	0	88	77.0	0.0	77.0
compound	42	placebo_uniform__typed_lowint2	mf	1	0.06905042841757202	0.7064332343704047	5913	162	0.08360143567804455	0.17259365060232132	0.42592592592592593	77	0	88	77.0	0.0	77.0
compound	42	placebo_uniform__typed_lowint2	mf	2	0.07692372600360221	0.7074674077079455	5913	162	0.13598560451671277	0.17138074256017757	0.4444444444444444	77	0	88	77.0	0.0	77.0
compound	42	placebo_uniform__typed_lowint2	mf	3	0.06849182194004533	0.7089577550656784	5913	162	0.0883066397197209	0.16712572862999062	0.4444444444444444	77	0	88	77.0	0.0	77.0
compound	1	typed_lowint1	degree	0	0.08242159788624111	0.7548392297357815	5920	145	0.037731146046935525	0.21184782625586263	0.47586206896551725	57	0	62			
compound	1	typed_lowint1	graph	1	0.31167241898680376	0.8809923869234215	5920	145	0.438484595702463	0.5081478476737914	0.7517241379310344	57	0	62			
compound	1	typed_lowint1	mf	1	0.08331829374552738	0.7218390804597701	5920	145	0.09927956722468703	0.21133193244301912	0.47586206896551725	57	0	62			
compound	1	typed_lowint1	mf	2	0.07214526497462127	0.7045529183460219	5920	145	0.07543587413340634	0.1936784190720138	0.3724137931034483	57	0	62			
compound	1	typed_lowint1	mf	3	0.06826750355642884	0.706593222869085	5920	145	0.0747965207437605	0.17940644547221532	0.4	57	0	62			
compound	1	typed_lowint1	hybrid	1	0.31167503664955537	0.8809983579638753	5920	145	0.438484595702463	0.5081478476737914	0.7517241379310344	57	0	62			
compound	1	typed_lowint1	hybrid	2	0.3116769868403929	0.8809971637557845	5920	145	0.438484595702463	0.5081478476737914	0.7517241379310344	57	0	62			
compound	1	typed_lowint1	hybrid	3	0.31167075498695157	0.8809864158829677	5920	145	0.4384450700107634	0.5081478476737914	0.7517241379310344	57	0	62			
compound	1	typed_lowint2	degree	0	0.08242159788624111	0.7548392297357815	5920	145	0.037731146046935525	0.21184782625586263	0.47586206896551725	76	0	62			
compound	1	typed_lowint2	graph	1	0.3121442567864406	0.8808037020450813	5920	145	0.43917421593274525	0.5065170425328923	0.7586206896551724	76	0	62			
compound	1	typed_lowint2	mf	1	0.07525966590459708	0.7082358560979252	5920	145	0.09344672174002147	0.20530052548543878	0.47586206896551725	76	0	62			
compound	1	typed_lowint2	mf	2	0.0655099805564744	0.6898396775638155	5920	145	0.06897896396920593	0.19037028375868964	0.41379310344827586	76	0	62			
compound	1	typed_lowint2	mf	3	0.06277465184145521	0.6906738319152113	5920	145	0.06948021017009325	0.17915052255412817	0.4206896551724138	76	0	62			
compound	1	typed_lowint2	hybrid	1	0.3121400082484276	0.8808072846693537	5920	145	0.43917421593274525	0.5065170425328923	0.7586206896551724	76	0	62			
compound	1	typed_lowint2	hybrid	2	0.31214455180874096	0.8808096730855351	5920	145	0.43917421593274525	0.5065170425328923	0.7586206896551724	76	0	62			
compound	1	typed_lowint2	hybrid	3	0.3121049706725925	0.8807941483803553	5920	145	0.43919883131736065	0.5065170425328923	0.7586206896551724	76	0	62			
compound	1	typed_lowint4	degree	0	0.08242159788624111	0.7548392297357815	5920	145	0.037731146046935525	0.21184782625586263	0.47586206896551725	124	0	62			
compound	1	typed_lowint4	graph	1	0.31286986596568095	0.8802854157336916	5920	145	0.44106097270806705	0.5047662823093825	0.7655172413793103	124	0	62			
compound	1	typed_lowint4	mf	1	0.07585847821646334	0.7124561874906703	5920	145	0.09525204458585318	0.20700800203297257	0.4689655172413793	124	0	62			
compound	1	typed_lowint4	mf	2	0.06630424282340383	0.6947651888341544	5920	145	0.06738424691892617	0.19564826242743305	0.4206896551724138	124	0	62			
compound	1	typed_lowint4	mf	3	0.06318101578605517	0.6928568443051202	5920	145	0.0706759704570451	0.18426563665606518	0.4206896551724138	124	0	62			
compound	1	typed_lowint4	hybrid	1	0.31283496219004386	0.8802830273175101	5920	145	0.44106097270806705	0.5047662823093825	0.7655172413793103	124	0	62			
compound	1	typed_lowint4	hybrid	2	0.31279398225409943	0.8802758620689656	5920	145	0.44106097270806705	0.5047662823093825	0.7655172413793103	124	0	62			
compound	1	typed_lowint4	hybrid	3	0.3127881665381746	0.8802782504851471	5920	145	0.44106097270806705	0.5047662823093825	0.7655172413793103	124	0	62			
compound	1	placebo_degree__flat_negative	degree	0	0.08242159788624111	0.7548392297357815	5920	145	0.037731146046935525	0.21184782625586263	0.47586206896551725	1744	3	62	1744.0	0.0	1744.0
compound	1	placebo_degree__flat_negative	graph	1	0.35287220482511206	0.8764424540976266	5920	145	0.4554425117217073	0.5089668082218576	0.7448275862068966	1744	3	62	1744.0	0.0	1744.0
compound	1	placebo_degree__flat_negative	mf	1	0.04856585635453589	0.5742200328407225	5920	145	0.10639239015201635	0.18568233132181614	0.47586206896551725	1744	3	62	1744.0	0.0	1744.0
compound	1	placebo_degree__flat_negative	mf	2	0.051644804045947894	0.5680812061501717	5920	145	0.10132567522540831	0.19455562277932584	0.4689655172413793	1744	3	62	1744.0	0.0	1744.0
compound	1	placebo_degree__flat_negative	mf	3	0.04487939646749723	0.55911986863711	5920	145	0.07123337336695705	0.16501770795931203	0.4689655172413793	1744	3	62	1744.0	0.0	1744.0
compound	1	placebo_uniform__flat_negative	degree	0	0.08242159788624111	0.7548392297357815	5920	145	0.037731146046935525	0.21184782625586263	0.47586206896551725	1744	0	62	1744.0	0.0	1744.0
compound	1	placebo_uniform__flat_negative	graph	1	0.31675670009008605	0.8798411703239288	5920	145	0.44599511131875147	0.5039517893190303	0.7655172413793103	1744	0	62	1744.0	0.0	1744.0
compound	1	placebo_uniform__flat_negative	mf	1	0.06992065032577936	0.7250186595014181	5920	145	0.09691525027284315	0.20815565628000152	0.45517241379310347	1744	0	62	1744.0	0.0	1744.0
compound	1	placebo_uniform__flat_negative	mf	2	0.06351931356271777	0.7071324078220631	5920	145	0.09327746478117492	0.1871063817787217	0.3931034482758621	1744	0	62	1744.0	0.0	1744.0
compound	1	placebo_uniform__flat_negative	mf	3	0.057953004596825654	0.7054569338707269	5920	145	0.07903130546090643	0.1744140426411962	0.4206896551724138	1744	0	62	1744.0	0.0	1744.0
compound	1	placebo_degree__typed	degree	0	0.08242159788624111	0.7548392297357815	5920	145	0.037731146046935525	0.21184782625586263	0.47586206896551725	361	1	62	361.0	1.0	362.0
compound	1	placebo_degree__typed	graph	1	0.3512614045133743	0.880154052843708	5920	145	0.45130770089002437	0.5098022594024704	0.7586206896551724	361	1	62	361.0	1.0	362.0
compound	1	placebo_degree__typed	mf	1	0.05820691298326936	0.6135608299746231	5920	145	0.07869690147993584	0.1748609333421301	0.42758620689655175	361	1	62	361.0	1.0	362.0
compound	1	placebo_degree__typed	mf	2	0.05149343156368272	0.6054354381250933	5920	145	0.06708880830797764	0.1652342058110083	0.41379310344827586	361	1	62	361.0	1.0	362.0
compound	1	placebo_degree__typed	mf	3	0.050779967996383714	0.5935673981191222	5920	145	0.0689719385772648	0.15554916024172596	0.4206896551724138	361	1	62	361.0	1.0	362.0
compound	1	placebo_uniform__typed	degree	0	0.08242159788624111	0.7548392297357815	5920	145	0.037731146046935525	0.21184782625586263	0.47586206896551725	362	0	62	362.0	0.0	362.0
compound	1	placebo_uniform__typed	graph	1	0.31267267999450205	0.880611434542469	5920	145	0.43547181064942714	0.5070220196693975	0.7517241379310344	362	0	62	362.0	0.0	362.0
compound	1	placebo_uniform__typed	mf	1	0.07733977076070893	0.6925397820570234	5920	145	0.07285426071047127	0.22439453230599674	0.4482758620689655	362	0	62	362.0	0.0	362.0
compound	1	placebo_uniform__typed	mf	2	0.06674554079646682	0.6825430661292731	5920	145	0.07789432022440573	0.20610611867416861	0.3586206896551724	362	0	62	362.0	0.0	362.0
compound	1	placebo_uniform__typed	mf	3	0.05952963894519796	0.675415435139573	5920	145	0.07279248747380244	0.1810219223453477	0.4	362	0	62	362.0	0.0	362.0
compound	1	placebo_degree__typed_scoped	degree	0	0.08242159788624111	0.7548392297357815	5920	145	0.037731146046935525	0.21184782625586263	0.47586206896551725	192	0	62	192.0	0.0	192.0
compound	1	placebo_degree__typed_scoped	graph	1	0.31437737696092827	0.8813040752351098	5920	145	0.44255428731000834	0.5101989255129946	0.7655172413793103	192	0	62	192.0	0.0	192.0
compound	1	placebo_degree__typed_scoped	mf	1	0.08210443558255108	0.6874906702492909	5920	145	0.08377904727790679	0.2256231445090233	0.43448275862068964	192	0	62	192.0	0.0	192.0
compound	1	placebo_degree__typed_scoped	mf	2	0.06352182630590684	0.6603528884908195	5920	145	0.06883096259773891	0.18757579236161784	0.3793103448275862	192	0	62	192.0	0.0	192.0
compound	1	placebo_degree__typed_scoped	mf	3	0.061080981692037024	0.6657793700552321	5920	145	0.0789189774283732	0.20530113798815205	0.4206896551724138	192	0	62	192.0	0.0	192.0
compound	1	placebo_uniform__typed_scoped	degree	0	0.08242159788624111	0.7548392297357815	5920	145	0.037731146046935525	0.21184782625586263	0.47586206896551725	192	0	62	192.0	0.0	192.0
compound	1	placebo_uniform__typed_scoped	graph	1	0.30878266196132387	0.879800567248843	5920	145	0.43707605602715355	0.5098451755184195	0.7586206896551724	192	0	62	192.0	0.0	192.0
compound	1	placebo_uniform__typed_scoped	mf	1	0.0930989074604405	0.727853709508882	5920	145	0.0990490840923682	0.2298422671665325	0.46206896551724136	192	0	62	192.0	0.0	192.0
compound	1	placebo_uniform__typed_scoped	mf	2	0.08026298622588926	0.7113276608449022	5920	145	0.1021982110959257	0.21240004471704885	0.3793103448275862	192	0	62	192.0	0.0	192.0
compound	1	placebo_uniform__typed_scoped	mf	3	0.07438280745428419	0.7190356769667114	5920	145	0.08866214051810525	0.1924980035534141	0.41379310344827586	192	0	62	192.0	0.0	192.0
compound	1	placebo_degree__typed_role	degree	0	0.08242159788624111	0.7548392297357815	5920	145	0.037731146046935525	0.21184782625586263	0.47586206896551725	185	0	62	185.0	1.0	186.0
compound	1	placebo_degree__typed_role	graph	1	0.3123261903853794	0.8790732945215705	5920	145	0.4402607378077444	0.502150297291139	0.7448275862068966	185	0	62	185.0	1.0	186.0
compound	1	placebo_degree__typed_role	mf	1	0.0668094198407085	0.6667365278399762	5920	145	0.08002254762136644	0.19501702032777632	0.45517241379310347	185	0	62	185.0	1.0	186.0
compound	1	placebo_degree__typed_role	mf	2	0.05980576094165007	0.6501764442454098	5920	145	0.0713820290708532	0.17535824199033456	0.4206896551724138	185	0	62	185.0	1.0	186.0
compound	1	placebo_degree__typed_role	mf	3	0.05726376174159499	0.6446884609643231	5920	145	0.0732095662568537	0.16866278620631456	0.41379310344827586	185	0	62	185.0	1.0	186.0
compound	1	placebo_uniform__typed_role	degree	0	0.08242159788624111	0.7548392297357815	5920	145	0.037731146046935525	0.21184782625586263	0.47586206896551725	186	0	62	186.0	0.0	186.0
compound	1	placebo_uniform__typed_role	graph	1	0.3118971562108093	0.8794363337811615	5920	145	0.4363435641663977	0.5071405119700408	0.7517241379310344	186	0	62	186.0	0.0	186.0
compound	1	placebo_uniform__typed_role	mf	1	0.08448903703139884	0.7163522913867741	5920	145	0.09605492318196761	0.22052586896537923	0.4206896551724138	186	0	62	186.0	0.0	186.0
compound	1	placebo_uniform__typed_role	mf	2	0.07023295006172117	0.7048341543513957	5920	145	0.09231289304693764	0.20319500549835778	0.3586206896551724	186	0	62	186.0	0.0	186.0
compound	1	placebo_uniform__typed_role	mf	3	0.06589514163447854	0.7075079862666069	5920	145	0.07453027062542919	0.18338505213702513	0.38620689655172413	186	0	62	186.0	0.0	186.0
compound	1	placebo_degree__typed_role_scoped	degree	0	0.08242159788624111	0.7548392297357815	5920	145	0.037731146046935525	0.21184782625586263	0.47586206896551725	94	0	62	94.0	0.0	94.0
compound	1	placebo_degree__typed_role_scoped	graph	1	0.3131985051135522	0.8804120017913122	5920	145	0.43870454736491504	0.5144882723271255	0.7517241379310344	94	0	62	94.0	0.0	94.0
compound	1	placebo_degree__typed_role_scoped	mf	1	0.09242327043862786	0.7310159725332139	5920	145	0.0966611871589053	0.2166238254343588	0.45517241379310347	94	0	62	94.0	0.0	94.0
compound	1	placebo_degree__typed_role_scoped	mf	2	0.07458249521127737	0.7158316166592028	5920	145	0.07736919977082882	0.1953519469867208	0.3793103448275862	94	0	62	94.0	0.0	94.0
compound	1	placebo_degree__typed_role_scoped	mf	3	0.07042772904149319	0.7128890879235708	5920	145	0.0783851508422065	0.17555589347964512	0.4	94	0	62	94.0	0.0	94.0
compound	1	placebo_uniform__typed_role_scoped	degree	0	0.08242159788624111	0.7548392297357815	5920	145	0.037731146046935525	0.21184782625586263	0.47586206896551725	94	0	62	94.0	0.0	94.0
compound	1	placebo_uniform__typed_role_scoped	graph	1	0.3094897597205917	0.8801743543812509	5920	145	0.437655530157881	0.5147071105504272	0.7517241379310344	94	0	62	94.0	0.0	94.0
compound	1	placebo_uniform__typed_role_scoped	mf	1	0.09012765020106624	0.7277032392894461	5920	145	0.08978114389749199	0.22954771616952638	0.4413793103448276	94	0	62	94.0	0.0	94.0
compound	1	placebo_uniform__typed_role_scoped	mf	2	0.07445646901768124	0.7104833557247351	5920	145	0.0923124810255319	0.21076676661351545	0.3586206896551724	94	0	62	94.0	0.0	94.0
compound	1	placebo_uniform__typed_role_scoped	mf	3	0.06969947439083064	0.7169643230332885	5920	145	0.0781829289579063	0.19396939137444036	0.4068965517241379	94	0	62	94.0	0.0	94.0
compound	1	placebo_degree__typed_lowint2	degree	0	0.08242159788624111	0.7548392297357815	5920	145	0.037731146046935525	0.21184782625586263	0.47586206896551725	76	0	62	76.0	0.0	76.0
compound	1	placebo_degree__typed_lowint2	graph	1	0.3104816861099628	0.8794363337811613	5920	145	0.43580982937814355	0.5059321985050514	0.7379310344827587	76	0	62	76.0	0.0	76.0
compound	1	placebo_degree__typed_lowint2	mf	1	0.07757019492720292	0.6999946260635915	5920	145	0.08302856900740886	0.2003984833288327	0.46206896551724136	76	0	62	76.0	0.0	76.0
compound	1	placebo_degree__typed_lowint2	mf	2	0.06470078734469342	0.6858205702343634	5920	145	0.07071455267058077	0.1867345144806124	0.4	76	0	62	76.0	0.0	76.0
compound	1	placebo_degree__typed_lowint2	mf	3	0.0626290886461235	0.6866087475742648	5920	145	0.07039212483748741	0.18449053955330835	0.4413793103448276	76	0	62	76.0	0.0	76.0
compound	1	placebo_uniform__typed_lowint2	degree	0	0.08242159788624111	0.7548392297357815	5920	145	0.037731146046935525	0.21184782625586263	0.47586206896551725	76	0	62	76.0	0.0	76.0
compound	1	placebo_uniform__typed_lowint2	graph	1	0.31068300198903265	0.8802472010747873	5920	145	0.4350386224402847	0.5137819451412791	0.7517241379310344	76	0	62	76.0	0.0	76.0
compound	1	placebo_uniform__typed_lowint2	mf	1	0.09003609613000096	0.728127183161666	5920	145	0.09557444685193472	0.22477091651563932	0.46206896551724136	76	0	62	76.0	0.0	76.0
compound	1	placebo_uniform__typed_lowint2	mf	2	0.07436735374713359	0.7106051649499926	5920	145	0.09174952334649253	0.20689612718875977	0.3724137931034483	76	0	62	76.0	0.0	76.0
compound	1	placebo_uniform__typed_lowint2	mf	3	0.06863351025380367	0.7142761606209882	5920	145	0.0776389637866914	0.184126870552967	0.4	76	0	62	76.0	0.0	76.0
compound	2	typed_lowint1	degree	0	0.07124645948873963	0.7170188416917518	5913	159	0.03569724000758484	0.179799095268536	0.389937106918239	57	0	79			
compound	2	typed_lowint1	graph	1	0.2934470886399393	0.8680054126962267	5913	159	0.3989257304189177	0.5143307196728827	0.6981132075471698	57	0	79			
compound	2	typed_lowint1	mf	1	0.06553183341837984	0.6666142011135814	5913	159	0.09596639324650452	0.16622021191896846	0.3710691823899371	57	0	79			
compound	2	typed_lowint1	mf	2	0.06400160813845143	0.6721023165727752	5913	159	0.0807951546902003	0.15942382670522492	0.4088050314465409	57	0	79			
compound	2	typed_lowint1	mf	3	0.06054844737733237	0.6627776575442186	5913	159	0.06488162560117376	0.14242471580739074	0.39622641509433965	57	0	79			
compound	2	typed_lowint1	hybrid	1	0.29345383342348874	0.8679977614697351	5913	159	0.3989257304189177	0.5143307196728827	0.6981132075471698	57	0	79			
compound	2	typed_lowint1	hybrid	2	0.293472897191556	0.8680065057285826	5913	159	0.3989257304189177	0.5143307196728827	0.6981132075471698	57	0	79			
compound	2	typed_lowint1	hybrid	3	0.29344742655781186	0.8679977614697353	5913	159	0.3989257304189177	0.5143307196728827	0.6981132075471698	57	0	79			
compound	2	typed_lowint2	degree	0	0.07124645948873963	0.7170188416917518	5913	159	0.03569724000758484	0.179799095268536	0.389937106918239	76	0	79			
compound	2	typed_lowint2	graph	1	0.2928798961066446	0.867414082191661	5913	159	0.3978629133881788	0.5141974610914296	0.6981132075471698	76	0	79			
compound	2	typed_lowint2	mf	1	0.06510182699862825	0.6669202501732456	5913	159	0.09621211717776461	0.16256928687149783	0.3836477987421384	76	0	79			
compound	2	typed_lowint2	mf	2	0.06417693912027315	0.6731975349934308	5913	159	0.0827931733221943	0.15918837085409884	0.4088050314465409	76	0	79			
compound	2	typed_lowint2	mf	3	0.06106000612243955	0.6650927000741076	5913	159	0.06462671376076017	0.14281816054152283	0.4025157232704403	76	0	79			
compound	2	typed_lowint2	hybrid	1	0.29284467898469246	0.867414082191661	5913	159	0.39784437427064084	0.5131492430620794	0.6981132075471698	76	0	79			
compound	2	typed_lowint2	hybrid	2	0.2928277892249793	0.8674239194828646	5913	159	0.3978629133881788	0.5141974610914296	0.6981132075471698	76	0	79			
compound	2	typed_lowint2	hybrid	3	0.2928829557546585	0.867416268256373	5913	159	0.3978629133881788	0.5141974610914296	0.6981132075471698	76	0	79			
compound	2	typed_lowint4	degree	0	0.07124645948873963	0.7170188416917518	5913	159	0.03569724000758484	0.179799095268536	0.389937106918239	124	0	79			
compound	2	typed_lowint4	graph	1	0.2929222358636565	0.8669757762169278	5913	159	0.3985227022383187	0.5122620089845784	0.6981132075471698	124	0	79			
compound	2	typed_lowint4	mf	1	0.06042094515227446	0.6431834130153921	5913	159	0.0936056988888943	0.16088253800949998	0.37735849056603776	124	0	79			
compound	2	typed_lowint4	mf	2	0.05940317865527982	0.6521632203356483	5913	159	0.07487996105126972	0.1536672150715145	0.4088050314465409	124	0	79			
compound	2	typed_lowint4	mf	3	0.05667647114402945	0.6374094695951189	5913	159	0.06299008747290277	0.13935338436475797	0.4025157232704403	124	0	79			
compound	2	typed_lowint4	hybrid	1	0.2929203720213488	0.8669735901522159	5913	159	0.3985227022383187	0.5122620089845784	0.6981132075471698	124	0	79			
compound	2	typed_lowint4	hybrid	2	0.2929260520354564	0.8669757762169276	5913	159	0.3985227022383187	0.5122620089845784	0.6981132075471698	124	0	79			
compound	2	typed_lowint4	hybrid	3	0.2929207260245761	0.8669746831845717	5913	159	0.3985227022383187	0.5122620089845784	0.6981132075471698	124	0	79			
compound	2	placebo_degree__flat_negative	degree	0	0.07124645948873963	0.7170188416917518	5913	159	0.03569724000758484	0.179799095268536	0.389937106918239	1760	9	79	1760.0	0.0	1760.0
compound	2	placebo_degree__flat_negative	graph	1	0.29317985921089157	0.8508677583873837	5913	159	0.37801002059773403	0.5137966460320017	0.6981132075471698	1760	9	79	1760.0	0.0	1760.0
compound	2	placebo_degree__flat_negative	mf	1	0.05801771614159954	0.46633569646928685	5913	159	0.056853080037806744	0.19223111794784137	0.37735849056603776	1760	9	79	1760.0	0.0	1760.0
compound	2	placebo_degree__flat_negative	mf	2	0.03951446923759331	0.45050858795522064	5913	159	0.0736493564413918	0.1683742652238321	0.3584905660377358	1760	9	79	1760.0	0.0	1760.0
compound	2	placebo_degree__flat_negative	mf	3	0.046635927215401406	0.4589872399402767	5913	159	0.06487146102531124	0.18701027052999683	0.39622641509433965	1760	9	79	1760.0	0.0	1760.0
compound	2	placebo_uniform__flat_negative	degree	0	0.07124645948873963	0.7170188416917518	5913	159	0.03569724000758484	0.179799095268536	0.389937106918239	1760	2	79	1760.0	0.0	1760.0
compound	2	placebo_uniform__flat_negative	graph	1	0.29356985605373126	0.8676512702129009	5913	159	0.40016882523042224	0.5034388758993599	0.6981132075471698	1760	2	79	1760.0	0.0	1760.0
compound	2	placebo_uniform__flat_negative	mf	1	0.061654761350591294	0.6916577584529657	5913	159	0.10928414272126843	0.17689214637846876	0.389937106918239	1760	2	79	1760.0	0.0	1760.0
compound	2	placebo_uniform__flat_negative	mf	2	0.060754813569021696	0.6883901382248717	5913	159	0.0734423152835314	0.17471950888250776	0.4276729559748428	1760	2	79	1760.0	0.0	1760.0
compound	2	placebo_uniform__flat_negative	mf	3	0.05829664420135328	0.6834693065584128	5913	159	0.0842257174619405	0.16612394213074272	0.39622641509433965	1760	2	79	1760.0	0.0	1760.0
compound	2	placebo_degree__typed	degree	0	0.07124645948873963	0.7170188416917518	5913	159	0.03569724000758484	0.179799095268536	0.389937106918239	373	2	79	373.0	0.0	373.0
compound	2	placebo_degree__typed	graph	1	0.282154697501788	0.863270396530278	5913	159	0.3807583417908184	0.5064733981020891	0.6918238993710691	373	2	79	373.0	0.0	373.0
compound	2	placebo_degree__typed	mf	1	0.048269200966021934	0.5174322265287697	5913	159	0.09336760244261785	0.1461322059769563	0.3710691823899371	373	2	79	373.0	0.0	373.0
compound	2	placebo_degree__typed	mf	2	0.04818795210911866	0.5166381385221765	5913	159	0.07840924553734469	0.1389685140400947	0.3836477987421384	373	2	79	373.0	0.0	373.0
compound	2	placebo_degree__typed	mf	3	0.046867629563895626	0.5178606952122997	5913	159	0.0586134877298513	0.13766421253128786	0.37735849056603776	373	2	79	373.0	0.0	373.0
compound	2	placebo_uniform__typed	degree	0	0.07124645948873963	0.7170188416917518	5913	159	0.03569724000758484	0.179799095268536	0.389937106918239	373	0	79	373.0	0.0	373.0
compound	2	placebo_uniform__typed	graph	1	0.29131969132188096	0.8665855636658556	5913	159	0.39026645386841924	0.5080054545970223	0.6981132075471698	373	0	79	373.0	0.0	373.0
compound	2	placebo_uniform__typed	mf	1	0.06730260363651633	0.6950303097872302	5913	159	0.11051914190450109	0.16602871962554314	0.34591194968553457	373	0	79	373.0	0.0	373.0
compound	2	placebo_uniform__typed	mf	2	0.07203677166562415	0.7023273937955111	5913	159	0.08643143829355075	0.1783794575882381	0.3836477987421384	373	0	79	373.0	0.0	373.0
compound	2	placebo_uniform__typed	mf	3	0.07274682583615563	0.6938946491694047	5913	159	0.07687771244255204	0.1525157699318124	0.389937106918239	373	0	79	373.0	0.0	373.0
compound	2	placebo_degree__typed_scoped	degree	0	0.07124645948873963	0.7170188416917518	5913	159	0.03569724000758484	0.179799095268536	0.389937106918239	203	1	79	203.0	0.0	203.0
compound	2	placebo_degree__typed_scoped	graph	1	0.28900527161107503	0.86673530909862	5913	159	0.40083357153242677	0.5067195650881466	0.6981132075471698	203	1	79	203.0	0.0	203.0
compound	2	placebo_degree__typed_scoped	mf	1	0.05193845512887304	0.5436988870744551	5913	159	0.0948265371446209	0.15905022506335212	0.36477987421383645	203	1	79	203.0	0.0	203.0
compound	2	placebo_degree__typed_scoped	mf	2	0.05105477632425306	0.5540007170292255	5913	159	0.0782656540153648	0.15708389830023636	0.42138364779874216	203	1	79	203.0	0.0	203.0
compound	2	placebo_degree__typed_scoped	mf	3	0.054616057408384606	0.5414499730021008	5913	159	0.06119849840704548	0.14403926560184127	0.37735849056603776	203	1	79	203.0	0.0	203.0
compound	2	placebo_uniform__typed_scoped	degree	0	0.07124645948873963	0.7170188416917518	5913	159	0.03569724000758484	0.179799095268536	0.389937106918239	203	0	79	203.0	0.0	203.0
compound	2	placebo_uniform__typed_scoped	graph	1	0.29198524558853856	0.8680688085728713	5913	159	0.3959181374884207	0.5083004132916974	0.6981132075471698	203	0	79	203.0	0.0	203.0
compound	2	placebo_uniform__typed_scoped	mf	1	0.06856243912078418	0.6877086325509407	5913	159	0.10262601228572032	0.1650595776975021	0.36477987421383645	203	0	79	203.0	0.0	203.0
compound	2	placebo_uniform__typed_scoped	mf	2	0.07512231446166678	0.6943597344368588	5913	159	0.08802978229654504	0.17513109666564414	0.4088050314465409	203	0	79	203.0	0.0	203.0
compound	2	placebo_uniform__typed_scoped	mf	3	0.0686419519997965	0.6833430613213013	5913	159	0.06690796079668224	0.14909380254199453	0.39622641509433965	203	0	79	203.0	0.0	203.0
compound	2	placebo_degree__typed_role	degree	0	0.07124645948873963	0.7170188416917518	5913	159	0.03569724000758484	0.179799095268536	0.389937106918239	194	1	79	194.0	0.0	194.0
compound	2	placebo_degree__typed_role	graph	1	0.2897459010178994	0.8653974374949446	5913	159	0.39584976139990485	0.5043047678600774	0.6918238993710691	194	1	79	194.0	0.0	194.0
compound	2	placebo_degree__typed_role	mf	1	0.05028764069649137	0.5495433310816866	5913	159	0.09051560465109827	0.1675436143994735	0.37735849056603776	194	1	79	194.0	0.0	194.0
compound	2	placebo_degree__typed_role	mf	2	0.04987744555147609	0.543586304741793	5913	159	0.07208942992573283	0.14890063165061063	0.389937106918239	194	1	79	194.0	0.0	194.0
compound	2	placebo_degree__typed_role	mf	3	0.047854276929649504	0.5463401997625934	5913	159	0.058629473945647985	0.14212561361482523	0.4088050314465409	194	1	79	194.0	0.0	194.0
compound	2	placebo_uniform__typed_role	degree	0	0.07124645948873963	0.7170188416917518	5913	159	0.03569724000758484	0.179799095268536	0.389937106918239	194	0	79	194.0	0.0	194.0
compound	2	placebo_uniform__typed_role	graph	1	0.2936992372808092	0.8679584123049211	5913	159	0.3996313897775169	0.5081135406903317	0.6981132075471698	194	0	79	194.0	0.0	194.0
compound	2	placebo_uniform__typed_role	mf	1	0.06337350733074192	0.6807574932833161	5913	159	0.09842824986018604	0.15501675615035093	0.3836477987421384	194	0	79	194.0	0.0	194.0
compound	2	placebo_uniform__typed_role	mf	2	0.06531782694093106	0.6825844968662762	5913	159	0.082171376824494	0.15727740267451748	0.4088050314465409	194	0	79	194.0	0.0	194.0
compound	2	placebo_uniform__typed_role	mf	3	0.06795524971609684	0.6807962959319522	5913	159	0.06452701828379123	0.15099811981095732	0.389937106918239	194	0	79	194.0	0.0	194.0
compound	2	placebo_degree__typed_role_scoped	degree	0	0.07124645948873963	0.7170188416917518	5913	159	0.03569724000758484	0.179799095268536	0.389937106918239	100	0	79	100.0	0.0	100.0
compound	2	placebo_degree__typed_role_scoped	graph	1	0.29250659320255035	0.8667888676840612	5913	159	0.39491287791442764	0.5140002317082604	0.6981132075471698	100	0	79	100.0	0.0	100.0
compound	2	placebo_degree__typed_role_scoped	mf	1	0.051850413057777225	0.5725948369523635	5913	159	0.08825320436472153	0.15730990183915386	0.34591194968553457	100	0	79	100.0	0.0	100.0
compound	2	placebo_degree__typed_role_scoped	mf	2	0.05071909935933642	0.5771888519443953	5913	159	0.07124034898869494	0.15186824758451903	0.3710691823899371	100	0	79	100.0	0.0	100.0
compound	2	placebo_degree__typed_role_scoped	mf	3	0.05455363831323864	0.5680221360912725	5913	159	0.06044441938434774	0.14985796224633133	0.39622641509433965	100	0	79	100.0	0.0	100.0
compound	2	placebo_uniform__typed_role_scoped	degree	0	0.07124645948873963	0.7170188416917518	5913	159	0.03569724000758484	0.179799095268536	0.389937106918239	100	0	79	100.0	0.0	100.0
compound	2	placebo_uniform__typed_role_scoped	graph	1	0.29294325720945524	0.8677736898367665	5913	159	0.39876414963961365	0.50921241261009	0.6981132075471698	100	0	79	100.0	0.0	100.0
compound	2	placebo_uniform__typed_role_scoped	mf	1	0.06823241270033009	0.6823352854891211	5913	159	0.10231797709632887	0.17315677466036758	0.3584905660377358	100	0	79	100.0	0.0	100.0
compound	2	placebo_uniform__typed_role_scoped	mf	2	0.06735874258200975	0.6889464916940471	5913	159	0.0848894361829878	0.16970407853538283	0.39622641509433965	100	0	79	100.0	0.0	100.0
compound	2	placebo_uniform__typed_role_scoped	mf	3	0.06305677651002245	0.679555157691778	5913	159	0.07058461016252532	0.14764982811671376	0.4025157232704403	100	0	79	100.0	0.0	100.0
compound	2	placebo_degree__typed_lowint2	degree	0	0.07124645948873963	0.7170188416917518	5913	159	0.03569724000758484	0.179799095268536	0.389937106918239	76	0	79	76.0	0.0	76.0
compound	2	placebo_degree__typed_lowint2	graph	1	0.2924579431032979	0.8672020339146079	5913	159	0.39422215680901684	0.5109181903097606	0.6981132075471698	76	0	79	76.0	0.0	76.0
compound	2	placebo_degree__typed_lowint2	mf	1	0.06485166003046886	0.6643833220751001	5913	159	0.09377890135457757	0.16174469335851985	0.3584905660377358	76	0	79	76.0	0.0	76.0
compound	2	placebo_degree__typed_lowint2	mf	2	0.06372285740188918	0.6744403127821389	5913	159	0.08231027265948748	0.1606649710053623	0.42138364779874216	76	0	79	76.0	0.0	76.0
compound	2	placebo_degree__typed_lowint2	mf	3	0.06117718812038201	0.6660026495104308	5913	159	0.06602180954979506	0.14716343838089535	0.41509433962264153	76	0	79	76.0	0.0	76.0
compound	2	placebo_uniform__typed_lowint2	degree	0	0.07124645948873963	0.7170188416917518	5913	159	0.03569724000758484	0.179799095268536	0.389937106918239	76	0	79	76.0	0.0	76.0
compound	2	placebo_uniform__typed_lowint2	graph	1	0.293331201929766	0.867882446556183	5913	159	0.39841164501763526	0.5124098245847984	0.6981132075471698	76	0	79	76.0	0.0	76.0
compound	2	placebo_uniform__typed_lowint2	mf	1	0.06669953043984657	0.6835190395306081	5913	159	0.10616398499814517	0.1714248351767032	0.3522012578616352	76	0	79	76.0	0.0	76.0
compound	2	placebo_uniform__typed_lowint2	mf	2	0.06751461068129744	0.6886797917991968	5913	159	0.08148309508342123	0.16901840981081268	0.4025157232704403	76	0	79	76.0	0.0	76.0
compound	2	placebo_uniform__typed_lowint2	mf	3	0.06230064270600766	0.6823708090406893	5913	159	0.07173049967934902	0.15046341943740363	0.4025157232704403	76	0	79	76.0	0.0	76.0
compound	3	typed_lowint1	degree	0	0.09468129550661689	0.7564209068881966	5918	140	0.035037856879962144	0.23696259579660403	0.4642857142857143	57	0	68			
compound	3	typed_lowint1	graph	1	0.26348700674683245	0.8321824160609207	5918	140	0.26370418726679057	0.4321024744782407	0.6785714285714286	57	0	68			
compound	3	typed_lowint1	mf	1	0.07211855347743251	0.6851171932947635	5918	140	0.07626365762138855	0.1816898210652609	0.39285714285714285	57	0	68			
compound	3	typed_lowint1	mf	2	0.08277466465205913	0.6940772882361668	5918	140	0.08429708801686822	0.18684268793780887	0.42857142857142855	57	0	68			
compound	3	typed_lowint1	mf	3	0.06779897440544748	0.6829853384759927	5918	140	0.05960802298915016	0.17173742714445175	0.4142857142857143	57	0	68			
compound	3	typed_lowint1	hybrid	1	0.2634837330574897	0.8321787074123523	5918	140	0.26370418726679057	0.4321024744782407	0.6785714285714286	57	0	68			
compound	3	typed_lowint1	hybrid	2	0.2634808830024722	0.8321848884932997	5918	140	0.26370418726679057	0.4321024744782407	0.6785714285714286	57	0	68			
compound	3	typed_lowint1	hybrid	3	0.263487683116569	0.8321861247094893	5918	140	0.26370418726679057	0.4321024744782407	0.6785714285714286	57	0	68			
compound	3	typed_lowint2	degree	0	0.09468129550661689	0.7564209068881966	5918	140	0.035037856879962144	0.23696259579660403	0.4642857142857143	76	0	68			
compound	3	typed_lowint2	graph	1	0.26399034288169104	0.8318511101221381	5918	140	0.2655649754093611	0.4322417713614219	0.6714285714285714	76	0	68			
compound	3	typed_lowint2	mf	1	0.07055604754372294	0.6851524254561638	5918	140	0.07682975993342198	0.1780718470100074	0.39285714285714285	76	0	68			
compound	3	typed_lowint2	mf	2	0.0837472276965715	0.6950693517282303	5918	140	0.08493110465567352	0.1868978827757369	0.42857142857142855	76	0	68			
compound	3	typed_lowint2	mf	3	0.06856667386967326	0.6848365722197498	5918	140	0.05985755288576991	0.1719449050554302	0.40714285714285714	76	0	68			
compound	3	typed_lowint2	hybrid	1	0.26399039753540626	0.8318523463383276	5918	140	0.2655649754093611	0.4322417713614219	0.6714285714285714	76	0	68			
compound	3	typed_lowint2	hybrid	2	0.26399146357387115	0.831858527419275	5918	140	0.2655649754093611	0.4322417713614219	0.6714285714285714	76	0	68			
compound	3	typed_lowint2	hybrid	3	0.2639180942238983	0.8318523463383276	5918	140	0.2653085651529508	0.4322417713614219	0.6714285714285714	76	0	68			
compound	3	typed_lowint4	degree	0	0.09468129550661689	0.7564209068881966	5918	140	0.035037856879962144	0.23696259579660403	0.4642857142857143	125	0	68			
compound	3	typed_lowint4	graph	1	0.2636050411786102	0.8313195371606585	5918	140	0.2613968850419746	0.43623234962473934	0.6785714285714286	125	0	68			
compound	3	typed_lowint4	mf	1	0.07419039958182849	0.6831812787420264	5918	140	0.07587692773852166	0.18189784179690024	0.4	125	0	68			
compound	3	typed_lowint4	mf	2	0.08464493979427296	0.6901393215645552	5918	140	0.08162261263123943	0.18702557388362864	0.4357142857142857	125	0	68			
compound	3	typed_lowint4	mf	3	0.06937797443657073	0.6805778074469664	5918	140	0.05819589914174263	0.17301448909312261	0.4142857142857143	125	0	68			
compound	3	typed_lowint4	hybrid	1	0.26361134845107986	0.8313232458092271	5918	140	0.2613968850419746	0.43623234962473934	0.6785714285714286	125	0	68			
compound	3	typed_lowint4	hybrid	2	0.2636081279246217	0.8313220095930376	5918	140	0.2613968850419746	0.43623234962473934	0.6785714285714286	125	0	68			
compound	3	typed_lowint4	hybrid	3	0.2636114548813442	0.8313121198635217	5918	140	0.26137158139824995	0.43623234962473934	0.6785714285714286	125	0	68			
compound	3	placebo_degree__flat_negative	degree	0	0.09468129550661689	0.7564209068881966	5918	140	0.035037856879962144	0.23696259579660403	0.4642857142857143	1775	3	68	1775.0	0.0	1775.0
compound	3	placebo_degree__flat_negative	graph	1	0.27374610519169673	0.8272338426544035	5918	140	0.2755503129622251	0.4380156677884193	0.6928571428571428	1775	3	68	1775.0	0.0	1775.0
compound	3	placebo_degree__flat_negative	mf	1	0.04382907641944481	0.59005525886367	5918	140	0.06722283106480974	0.20840728292464458	0.44285714285714284	1775	3	68	1775.0	0.0	1775.0
compound	3	placebo_degree__flat_negative	mf	2	0.05149989938407017	0.5776930969687979	5918	140	0.06663296569549196	0.19681837376117825	0.4357142857142857	1775	3	68	1775.0	0.0	1775.0
compound	3	placebo_degree__flat_negative	mf	3	0.0405330318409959	0.5767177223952925	5918	140	0.05623342898364021	0.1984268785239404	0.42142857142857143	1775	3	68	1775.0	0.0	1775.0
compound	3	placebo_uniform__flat_negative	degree	0	0.09468129550661689	0.7564209068881966	5918	140	0.035037856879962144	0.23696259579660403	0.4642857142857143	1775	0	68	1775.0	0.0	1775.0
compound	3	placebo_uniform__flat_negative	graph	1	0.2626035616364741	0.8353842159916927	5918	140	0.27863983966542893	0.43657331270486355	0.6785714285714286	1775	0	68	1775.0	0.0	1775.0
compound	3	placebo_uniform__flat_negative	mf	1	0.06805430509839758	0.7206794244177421	5918	140	0.10708065436345887	0.17307408002524036	0.45	1775	0	68	1775.0	0.0	1775.0
compound	3	placebo_uniform__flat_negative	mf	2	0.07792055197274837	0.7264970578054689	5918	140	0.12303501313255587	0.18716468872017614	0.39285714285714285	1775	0	68	1775.0	0.0	1775.0
compound	3	placebo_uniform__flat_negative	mf	3	0.06507054908190099	0.716094298570934	5918	140	0.07736710048963753	0.1687338229017172	0.4142857142857143	1775	0	68	1775.0	0.0	1775.0
compound	3	placebo_degree__typed	degree	0	0.09468129550661689	0.7564209068881966	5918	140	0.035037856879962144	0.23696259579660403	0.4642857142857143	383	2	68	383.0	0.0	383.0
compound	3	placebo_degree__typed	graph	1	0.2609079672389354	0.8289688720763486	5918	140	0.255673109781337	0.4420377119819004	0.6714285714285714	383	2	68	383.0	0.0	383.0
compound	3	placebo_degree__typed	mf	1	0.06369060979655479	0.6234714186816991	5918	140	0.06736945661142874	0.19818839394068188	0.4	383	2	68	383.0	0.0	383.0
compound	3	placebo_degree__typed	mf	2	0.06945262535871796	0.6214718389952034	5918	140	0.0785741901118713	0.1944783773638261	0.44285714285714284	383	2	68	383.0	0.0	383.0
compound	3	placebo_degree__typed	mf	3	0.05497409902542844	0.6084631360332295	5918	140	0.05600980132807947	0.16655992997503613	0.42857142857142855	383	2	68	383.0	0.0	383.0
compound	3	placebo_uniform__typed	degree	0	0.09468129550661689	0.7564209068881966	5918	140	0.035037856879962144	0.23696259579660403	0.4642857142857143	383	0	68	383.0	0.0	383.0
compound	3	placebo_uniform__typed	graph	1	0.2684997139613747	0.8316496068832518	5918	140	0.26272578097234195	0.43812896191816236	0.6785714285714286	383	0	68	383.0	0.0	383.0
compound	3	placebo_uniform__typed	mf	1	0.06807678763528276	0.7077102803738318	5918	140	0.09688599765023845	0.18385226716149045	0.4	383	0	68	383.0	0.0	383.0
compound	3	placebo_uniform__typed	mf	2	0.07166041602323728	0.7120846313603323	5918	140	0.08465619892634688	0.19252323702934845	0.4357142857142857	383	0	68	383.0	0.0	383.0
compound	3	placebo_uniform__typed	mf	3	0.061446948819912986	0.7009246897097365	5918	140	0.0641338258900079	0.16767814774178963	0.42857142857142855	383	0	68	383.0	0.0	383.0
compound	3	placebo_degree__typed_scoped	degree	0	0.09468129550661689	0.7564209068881966	5918	140	0.035037856879962144	0.23696259579660403	0.4642857142857143	209	1	68	209.0	0.0	209.0
compound	3	placebo_degree__typed_scoped	graph	1	0.26756847047791876	0.8299003609751273	5918	140	0.26428311422261525	0.4355650900419784	0.6642857142857143	209	1	68	209.0	0.0	209.0
compound	3	placebo_degree__typed_scoped	mf	1	0.0688247473119506	0.6632590367403451	5918	140	0.07128494905061694	0.18841377084450872	0.39285714285714285	209	1	68	209.0	0.0	209.0
compound	3	placebo_degree__typed_scoped	mf	2	0.07991083960389117	0.6674362112446224	5918	140	0.09471002195551044	0.19070224516093703	0.44285714285714284	209	1	68	209.0	0.0	209.0
compound	3	placebo_degree__typed_scoped	mf	3	0.06143803435767202	0.6574018444345546	5918	140	0.059568648830087605	0.16649224635087012	0.4142857142857143	209	1	68	209.0	0.0	209.0
compound	3	placebo_uniform__typed_scoped	degree	0	0.09468129550661689	0.7564209068881966	5918	140	0.035037856879962144	0.23696259579660403	0.4642857142857143	209	0	68	209.0	0.0	209.0
compound	3	placebo_uniform__typed_scoped	graph	1	0.2645944764028884	0.8314382139148495	5918	140	0.2549380949012804	0.4369096838624018	0.6928571428571428	209	0	68	209.0	0.0	209.0
compound	3	placebo_uniform__typed_scoped	mf	1	0.06921039834815129	0.6994950056865945	5918	140	0.0864444281396865	0.1852505389254361	0.44285714285714284	209	0	68	209.0	0.0	209.0
compound	3	placebo_uniform__typed_scoped	mf	2	0.07917330230862364	0.7074506749740395	5918	140	0.0869589382466039	0.19465125116618612	0.4357142857142857	209	0	68	209.0	0.0	209.0
compound	3	placebo_uniform__typed_scoped	mf	3	0.061450296064457656	0.6962048162982742	5918	140	0.06524496675209933	0.17108439868153993	0.42142857142857143	209	0	68	209.0	0.0	209.0
compound	3	placebo_degree__typed_role	degree	0	0.09468129550661689	0.7564209068881966	5918	140	0.035037856879962144	0.23696259579660403	0.4642857142857143	193	0	68	193.0	0.0	193.0
compound	3	placebo_degree__typed_role	graph	1	0.2681049722385997	0.8304653117737231	5918	140	0.2629332272479189	0.4349293986232427	0.6785714285714286	193	0	68	193.0	0.0	193.0
compound	3	placebo_degree__typed_role	mf	1	0.0668618150202262	0.6580743460416357	5918	140	0.07531637494944665	0.18300085041121816	0.4	193	0	68	193.0	0.0	193.0
compound	3	placebo_degree__typed_role	mf	2	0.0744790383051072	0.653806927755526	5918	140	0.06361904512052317	0.1834763995359025	0.4357142857142857	193	0	68	193.0	0.0	193.0
compound	3	placebo_degree__typed_role	mf	3	0.06062826702325899	0.6471097265489789	5918	140	0.05736418389474339	0.1619296970473776	0.40714285714285714	193	0	68	193.0	0.0	193.0
compound	3	placebo_uniform__typed_role	degree	0	0.09468129550661689	0.7564209068881966	5918	140	0.035037856879962144	0.23696259579660403	0.4642857142857143	193	0	68	193.0	0.0	193.0
compound	3	placebo_uniform__typed_role	graph	1	0.2663083600600397	0.8322479355189635	5918	140	0.2626409580190994	0.4373638224418935	0.6785714285714286	193	0	68	193.0	0.0	193.0
compound	3	placebo_uniform__typed_role	mf	1	0.07471989042558648	0.703837833160263	5918	140	0.07912114511605264	0.18129337797430356	0.4142857142857143	193	0	68	193.0	0.0	193.0
compound	3	placebo_uniform__typed_role	mf	2	0.08641818394539401	0.710904044899372	5918	140	0.09598155252184008	0.18611886660156085	0.4357142857142857	193	0	68	193.0	0.0	193.0
compound	3	placebo_uniform__typed_role	mf	3	0.07228116596661956	0.7007979775503139	5918	140	0.06319471790830208	0.17714638383101286	0.42142857142857143	193	0	68	193.0	0.0	193.0
compound	3	placebo_degree__typed_role_scoped	degree	0	0.09468129550661689	0.7564209068881966	5918	140	0.035037856879962144	0.23696259579660403	0.4642857142857143	99	1	68	99.0	0.0	99.0
compound	3	placebo_degree__typed_role_scoped	graph	1	0.2642226707420981	0.8326719576719577	5918	140	0.26237060575367666	0.4429582826096967	0.6785714285714286	99	1	68	99.0	0.0	99.0
compound	3	placebo_degree__typed_role_scoped	mf	1	0.07178906011063386	0.6867644513672551	5918	140	0.08669681639706633	0.18816682479738947	0.4142857142857143	99	1	68	99.0	0.0	99.0
compound	3	placebo_degree__typed_role_scoped	mf	2	0.08170266985572461	0.6874666221628838	5918	140	0.09589745910234113	0.18323474246847715	0.44285714285714284	99	1	68	99.0	0.0	99.0
compound	3	placebo_degree__typed_role_scoped	mf	3	0.06354267469259797	0.6769482767146319	5918	140	0.06131874969775694	0.15950019753714292	0.4357142857142857	99	1	68	99.0	0.0	99.0
compound	3	placebo_uniform__typed_role_scoped	degree	0	0.09468129550661689	0.7564209068881966	5918	140	0.035037856879962144	0.23696259579660403	0.4642857142857143	99	0	68	99.0	0.0	99.0
compound	3	placebo_uniform__typed_role_scoped	graph	1	0.2681265005920716	0.8333605300895021	5918	140	0.26319245590506074	0.43728788739942787	0.6857142857142857	99	0	68	99.0	0.0	99.0
compound	3	placebo_uniform__typed_role_scoped	mf	1	0.07171400899793394	0.7072281560599317	5918	140	0.09065543539461257	0.18110071863701485	0.4357142857142857	99	0	68	99.0	0.0	99.0
compound	3	placebo_uniform__typed_role_scoped	mf	2	0.08308005264759602	0.71335607971122	5918	140	0.09073401510117272	0.18770696477495824	0.42142857142857143	99	0	68	99.0	0.0	99.0
compound	3	placebo_uniform__typed_role_scoped	mf	3	0.06378255767133918	0.7007998318745983	5918	140	0.06195353675886347	0.1614389260494525	0.42142857142857143	99	0	68	99.0	0.0	99.0
compound	3	placebo_degree__typed_lowint2	degree	0	0.09468129550661689	0.7564209068881966	5918	140	0.035037856879962144	0.23696259579660403	0.4642857142857143	76	0	68	76.0	0.0	76.0
compound	3	placebo_degree__typed_lowint2	graph	1	0.26870465182468095	0.8317077090441576	5918	140	0.2608769151300959	0.4351659824592823	0.6785714285714286	76	0	68	76.0	0.0	76.0
compound	3	placebo_degree__typed_lowint2	mf	1	0.06984814603649278	0.6841912673688375	5918	140	0.07638395845646168	0.17737276793902176	0.39285714285714285	76	0	68	76.0	0.0	76.0
compound	3	placebo_degree__typed_lowint2	mf	2	0.08364391739557772	0.6934443455471493	5918	140	0.09504290016599175	0.18373333429510771	0.42857142857142855	76	0	68	76.0	0.0	76.0
compound	3	placebo_degree__typed_lowint2	mf	3	0.0685104550457762	0.681410399050586	5918	140	0.06039508648991381	0.17039419461381639	0.4142857142857143	76	0	68	76.0	0.0	76.0
compound	3	placebo_uniform__typed_lowint2	degree	0	0.09468129550661689	0.7564209068881966	5918	140	0.035037856879962144	0.23696259579660403	0.4642857142857143	76	0	68	76.0	0.0	76.0
compound	3	placebo_uniform__typed_lowint2	graph	1	0.2661101282133207	0.8330613657716461	5918	140	0.26236111528583317	0.4380560228984098	0.6928571428571428	76	0	68	76.0	0.0	76.0
compound	3	placebo_uniform__typed_lowint2	mf	1	0.07204102304212052	0.7008369183602828	5918	140	0.08426126685259248	0.18001813840215017	0.42142857142857143	76	0	68	76.0	0.0	76.0
compound	3	placebo_uniform__typed_lowint2	mf	2	0.08484513429557948	0.7059628887899916	5918	140	0.08676716496715516	0.1849844365750976	0.42857142857142855	76	0	68	76.0	0.0	76.0
compound	3	placebo_uniform__typed_lowint2	mf	3	0.07002069867322865	0.6970021757404935	5918	140	0.06474895856345467	0.17631157997105953	0.42857142857142855	76	0	68	76.0	0.0	76.0
compound	4	typed_lowint1	degree	0	0.07900845561564725	0.7508573419315505	5924	143	0.03644154950656498	0.20607278272338223	0.44755244755244755	57	0	80			
compound	4	typed_lowint1	graph	1	0.26298334366188536	0.8533246722141378	5924	143	0.40501134307521	0.5043467851149294	0.7202797202797203	57	0	80			
compound	4	typed_lowint1	mf	1	0.0835299528578564	0.7330627338411458	5924	143	0.11940211435324811	0.19438148619803466	0.4195804195804196	57	0	80			
compound	4	typed_lowint1	mf	2	0.07932694825884228	0.7356786095758592	5924	143	0.06498326921618812	0.19542816199991514	0.3916083916083916	57	0	80			
compound	4	typed_lowint1	mf	3	0.07480739049942399	0.7365156898109674	5924	143	0.06972974575680613	0.18074097253868	0.45454545454545453	57	0	80			
compound	4	typed_lowint1	hybrid	1	0.26298812326308457	0.8533246722141378	5924	143	0.40501134307521	0.5043467851149294	0.7202797202797203	57	0	80			
compound	4	typed_lowint1	hybrid	2	0.2629836249705162	0.8533295108282136	5924	143	0.40501134307521	0.5043467851149294	0.7202797202797203	57	0	80			
compound	4	typed_lowint1	hybrid	3	0.2629819239217499	0.8533198336000619	5924	143	0.40501134307521	0.5043467851149294	0.7202797202797203	57	0	80			
compound	4	typed_lowint2	degree	0	0.07900845561564725	0.7508573419315505	5924	143	0.03644154950656498	0.20607278272338223	0.44755244755244755	76	0	80			
compound	4	typed_lowint2	graph	1	0.2636961954066656	0.8534819271716002	5924	143	0.41509845060767514	0.508117186273978	0.7202797202797203	76	0	80			
compound	4	typed_lowint2	mf	1	0.08391067539996412	0.7322958135101363	5924	143	0.11899966643929438	0.19451941158114258	0.42657342657342656	76	0	80			
compound	4	typed_lowint2	mf	2	0.07922513970601668	0.7353864782510345	5924	143	0.065036328985671	0.1954250368805786	0.3916083916083916	76	0	80			
compound	4	typed_lowint2	mf	3	0.07492467770440393	0.7365120608504105	5924	143	0.07018819885356443	0.18079140596844617	0.45454545454545453	76	0	80			
compound	4	typed_lowint2	hybrid	1	0.26369587810926	0.8534843464786381	5924	143	0.4151058442136847	0.508117186273978	0.7202797202797203	76	0	80			
compound	4	typed_lowint2	hybrid	2	0.2636966449804894	0.853483136825119	5924	143	0.41509845060767514	0.508117186273978	0.7202797202797203	76	0	80			
compound	4	typed_lowint2	hybrid	3	0.26366062857977185	0.8534770885575246	5924	143	0.4151058442136847	0.508117186273978	0.7202797202797203	76	0	80			
compound	4	typed_lowint4	degree	0	0.07900845561564725	0.7508573419315505	5924	143	0.03644154950656498	0.20607278272338223	0.44755244755244755	124	0	80			
compound	4	typed_lowint4	graph	1	0.2641298699987368	0.8515186595103565	5924	143	0.4169495282781242	0.5107450020899937	0.7132867132867133	124	0	80			
compound	4	typed_lowint4	mf	1	0.084406388383403	0.7315379655805188	5924	143	0.11574425211111601	0.19397604313076436	0.4195804195804196	124	0	80			
compound	4	typed_lowint4	mf	2	0.08045153402534487	0.7339935622239722	5924	143	0.0651598173496751	0.19518665368436547	0.3986013986013986	124	0	80			
compound	4	typed_lowint4	mf	3	0.0759921617980276	0.7350169291009976	5924	143	0.06928764692058961	0.18033995485521717	0.45454545454545453	124	0	80			
compound	4	typed_lowint4	hybrid	1	0.2641096117250229	0.8515162402033185	5924	143	0.4169495282781242	0.5107525214523517	0.7132867132867133	124	0	80			
compound	4	typed_lowint4	hybrid	2	0.26410882508089645	0.8515174498568375	5924	143	0.4169495282781242	0.5107450020899937	0.7132867132867133	124	0	80			
compound	4	typed_lowint4	hybrid	3	0.2641285873731921	0.8515210788173944	5924	143	0.4169495282781242	0.5107525214523517	0.7132867132867133	124	0	80			
compound	4	placebo_degree__flat_negative	degree	0	0.07900845561564725	0.7508573419315505	5924	143	0.03644154950656498	0.20607278272338223	0.44755244755244755	1755	3	80	1755.0	0.0	1755.0
compound	4	placebo_degree__flat_negative	graph	1	0.2958401196941267	0.8541194145760831	5924	143	0.4227656911992603	0.5150873814760503	0.7132867132867133	1755	3	80	1755.0	0.0	1755.0
compound	4	placebo_degree__flat_negative	mf	1	0.04154240287118757	0.5152228847091327	5924	143	0.05306991431728938	0.20419150407671108	0.4195804195804196	1755	3	80	1755.0	0.0	1755.0
compound	4	placebo_degree__flat_negative	mf	2	0.055228395188688564	0.513692068180911	5924	143	0.07015361489898057	0.19848102504601792	0.46853146853146854	1755	3	80	1755.0	0.0	1755.0
compound	4	placebo_degree__flat_negative	mf	3	0.043736827853472375	0.5099941573735035	5924	143	0.055950671372555896	0.20857191362532	0.4825174825174825	1755	3	80	1755.0	0.0	1755.0
compound	4	placebo_uniform__flat_negative	degree	0	0.07900845561564725	0.7508573419315505	5924	143	0.03644154950656498	0.20607278272338223	0.44755244755244755	1755	0	80	1755.0	0.0	1755.0
compound	4	placebo_uniform__flat_negative	graph	1	0.2666378060934718	0.8515839808003793	5924	143	0.4150978907862157	0.5076236767628954	0.7272727272727273	1755	0	80	1755.0	0.0	1755.0
compound	4	placebo_uniform__flat_negative	mf	1	0.04500851592812234	0.6361023512035449	5924	143	0.053849110921780484	0.1802213226170683	0.3986013986013986	1755	0	80	1755.0	0.0	1755.0
compound	4	placebo_uniform__flat_negative	mf	2	0.046393338387850105	0.6495101508075042	5924	143	0.05140107903014518	0.19092725789562437	0.3706293706293706	1755	0	80	1755.0	0.0	1755.0
compound	4	placebo_uniform__flat_negative	mf	3	0.05043510660403198	0.6375249037418211	5924	143	0.05294838251804857	0.19750678480998393	0.45454545454545453	1755	0	80	1755.0	0.0	1755.0
compound	4	placebo_degree__typed	degree	0	0.07900845561564725	0.7508573419315505	5924	143	0.03644154950656498	0.20607278272338223	0.44755244755244755	379	1	80	379.0	0.0	379.0
compound	4	placebo_degree__typed	graph	1	0.2799917277222749	0.853969417539734	5924	143	0.43049676424747957	0.5152110245010227	0.7272727272727273	379	1	80	379.0	0.0	379.0
compound	4	placebo_degree__typed	mf	1	0.052892558366565576	0.5959872163816119	5924	143	0.1161049196312019	0.17665740146999062	0.3986013986013986	379	1	80	379.0	0.0	379.0
compound	4	placebo_degree__typed	mf	2	0.05767778538742241	0.5991220334759515	5924	143	0.06239142391648226	0.19029190604222332	0.3986013986013986	379	1	80	379.0	0.0	379.0
compound	4	placebo_degree__typed	mf	3	0.05505066855446186	0.6012842891410614	5924	143	0.056346061504855265	0.17459510071276807	0.4825174825174825	379	1	80	379.0	0.0	379.0
compound	4	placebo_uniform__typed	degree	0	0.07900845561564725	0.7508573419315505	5924	143	0.03644154950656498	0.20607278272338223	0.44755244755244755	379	0	80	379.0	0.0	379.0
compound	4	placebo_uniform__typed	graph	1	0.26343642296882663	0.8531420145327774	5924	143	0.40093166101941835	0.5046229241562026	0.7202797202797203	379	0	80	379.0	0.0	379.0
compound	4	placebo_uniform__typed	mf	1	0.07493778066088157	0.731565182784695	5924	143	0.12912189105777633	0.19954162223304525	0.42657342657342656	379	0	80	379.0	0.0	379.0
compound	4	placebo_uniform__typed	mf	2	0.0911754934572852	0.7408184273778462	5924	143	0.07539468106523932	0.21215919547268466	0.42657342657342656	379	0	80	379.0	0.0	379.0
compound	4	placebo_uniform__typed	mf	3	0.07259672742455485	0.7330905558720815	5924	143	0.0703724103709453	0.17620285942893296	0.44755244755244755	379	0	80	379.0	0.0	379.0
compound	4	placebo_degree__typed_scoped	degree	0	0.07900845561564725	0.7508573419315505	5924	143	0.03644154950656498	0.20607278272338223	0.44755244755244755	199	1	80	199.0	0.0	199.0
compound	4	placebo_degree__typed_scoped	graph	1	0.28418514618808394	0.8505835973402138	5924	143	0.42941595626384305	0.5068881525778866	0.6993006993006993	199	1	80	199.0	0.0	199.0
compound	4	placebo_degree__typed_scoped	mf	1	0.062340331880687216	0.6180004911193286	5924	143	0.1138224487839359	0.18521869963387072	0.3916083916083916	199	1	80	199.0	0.0	199.0
compound	4	placebo_degree__typed_scoped	mf	2	0.06822882422147787	0.6129048256707832	5924	143	0.060342057343018445	0.18071177221863272	0.3776223776223776	199	1	80	199.0	0.0	199.0
compound	4	placebo_degree__typed_scoped	mf	3	0.0628461434633372	0.6243130680079305	5924	143	0.05419324193050598	0.1698647312645909	0.4965034965034965	199	1	80	199.0	0.0	199.0
compound	4	placebo_uniform__typed_scoped	degree	0	0.07900845561564725	0.7508573419315505	5924	143	0.03644154950656498	0.20607278272338223	0.44755244755244755	199	0	80	199.0	0.0	199.0
compound	4	placebo_uniform__typed_scoped	graph	1	0.26790359595606994	0.8539669982326961	5924	143	0.4185167350470178	0.5051858389760522	0.7272727272727273	199	0	80	199.0	0.0	199.0
compound	4	placebo_uniform__typed_scoped	mf	1	0.08201167235424754	0.7321821060793557	5924	143	0.12380586698754859	0.19530406522845642	0.40559440559440557	199	0	80	199.0	0.0	199.0
compound	4	placebo_uniform__typed_scoped	mf	2	0.08674082238170117	0.7385442787622343	5924	143	0.0658027812942791	0.20436739388403166	0.40559440559440557	199	0	80	199.0	0.0	199.0
compound	4	placebo_uniform__typed_scoped	mf	3	0.07372874226662894	0.7360765855835913	5924	143	0.060228138759499415	0.1712290210279189	0.5034965034965035	199	0	80	199.0	0.0	199.0
compound	4	placebo_degree__typed_role	degree	0	0.07900845561564725	0.7508573419315505	5924	143	0.03644154950656498	0.20607278272338223	0.44755244755244755	195	2	80	195.0	0.0	195.0
compound	4	placebo_degree__typed_role	graph	1	0.26407423860781437	0.8504674706023955	5924	143	0.39305467780506603	0.5069375643008525	0.6923076923076923	195	2	80	195.0	0.0	195.0
compound	4	placebo_degree__typed_role	mf	1	0.059224963579667736	0.6333800259591644	5924	143	0.0980722065282923	0.17988613627190678	0.3916083916083916	195	2	80	195.0	0.0	195.0
compound	4	placebo_degree__typed_role	mf	2	0.07231019561578482	0.6327401192476438	5924	143	0.062175166252337995	0.17961327841732896	0.3776223776223776	195	2	80	195.0	0.0	195.0
compound	4	placebo_degree__typed_role	mf	3	0.06124404730066156	0.6305863311571667	5924	143	0.055419029305290704	0.16621282333729234	0.46853146853146854	195	2	80	195.0	0.0	195.0
compound	4	placebo_uniform__typed_role	degree	0	0.07900845561564725	0.7508573419315505	5924	143	0.03644154950656498	0.20607278272338223	0.44755244755244755	195	0	80	195.0	0.0	195.0
compound	4	placebo_uniform__typed_role	graph	1	0.26331532531416646	0.8541327207647912	5924	143	0.40788353664125926	0.5097287169881483	0.7342657342657343	195	0	80	195.0	0.0	195.0
compound	4	placebo_uniform__typed_role	mf	1	0.08137903110499203	0.7446772221032729	5924	143	0.11927520693118182	0.2091857366620188	0.4125874125874126	195	0	80	195.0	0.0	195.0
compound	4	placebo_uniform__typed_role	mf	2	0.0860395603644323	0.7498400233221199	5924	143	0.06617346776933207	0.21646331220695672	0.4195804195804196	195	0	80	195.0	0.0	195.0
compound	4	placebo_uniform__typed_role	mf	3	0.07588403704441042	0.7536189809152964	5924	143	0.0924220178113885	0.19306037855505298	0.48951048951048953	195	0	80	195.0	0.0	195.0
compound	4	placebo_degree__typed_role_scoped	degree	0	0.07900845561564725	0.7508573419315505	5924	143	0.03644154950656498	0.20607278272338223	0.44755244755244755	97	1	80	97.0	0.0	97.0
compound	4	placebo_degree__typed_role_scoped	graph	1	0.2618029699331197	0.8536355531685059	5924	143	0.4082822565262394	0.5102281738876702	0.7062937062937062	97	1	80	97.0	0.0	97.0
compound	4	placebo_degree__typed_role_scoped	mf	1	0.0748564714841101	0.6681817576991422	5924	143	0.12100061564115024	0.19685033158247447	0.40559440559440557	97	1	80	97.0	0.0	97.0
compound	4	placebo_degree__typed_role_scoped	mf	2	0.070454798901719	0.6731685543309831	5924	143	0.06062648290023696	0.20064724952195565	0.40559440559440557	97	1	80	97.0	0.0	97.0
compound	4	placebo_degree__typed_role_scoped	mf	3	0.06550218094234932	0.6666563846117557	5924	143	0.056266606644715444	0.17619655114980157	0.4965034965034965	97	1	80	97.0	0.0	97.0
compound	4	placebo_uniform__typed_role_scoped	degree	0	0.07900845561564725	0.7508573419315505	5924	143	0.03644154950656498	0.20607278272338223	0.44755244755244755	97	0	80	97.0	0.0	97.0
compound	4	placebo_uniform__typed_role_scoped	graph	1	0.26291946524390236	0.8537093420331614	5924	143	0.4014549428730682	0.5069357036332057	0.7202797202797203	97	0	80	97.0	0.0	97.0
compound	4	placebo_uniform__typed_role_scoped	mf	1	0.08167790769400694	0.745520350605976	5924	143	0.13673698858836209	0.20863287950876275	0.40559440559440557	97	0	80	97.0	0.0	97.0
compound	4	placebo_uniform__typed_role_scoped	mf	2	0.09112333524381504	0.7485239202935103	5924	143	0.06588268429791161	0.2129315749711014	0.40559440559440557	97	0	80	97.0	0.0	97.0
compound	4	placebo_uniform__typed_role_scoped	mf	3	0.07558307287419005	0.7498654260460176	5924	143	0.06872670189920109	0.18193387305685804	0.4755244755244755	97	0	80	97.0	0.0	97.0
compound	4	placebo_degree__typed_lowint2	degree	0	0.07900845561564725	0.7508573419315505	5924	143	0.03644154950656498	0.20607278272338223	0.44755244755244755	76	0	80	76.0	0.0	76.0
compound	4	placebo_degree__typed_lowint2	graph	1	0.2645264121623122	0.8539137734778628	5924	143	0.4046267482655641	0.5083096021085267	0.7202797202797203	76	0	80	76.0	0.0	76.0
compound	4	placebo_degree__typed_lowint2	mf	1	0.07326167099894763	0.7340328759633378	5924	143	0.11871182601664833	0.19441220613713753	0.4195804195804196	76	0	80	76.0	0.0	76.0
compound	4	placebo_degree__typed_lowint2	mf	2	0.08111240084821009	0.7397472791868225	5924	143	0.06732967844519895	0.20375705367115077	0.40559440559440557	76	0	80	76.0	0.0	76.0
compound	4	placebo_degree__typed_lowint2	mf	3	0.07510101968588237	0.7380283615364052	5924	143	0.07145490994341552	0.1853785333158951	0.46153846153846156	76	0	80	76.0	0.0	76.0
compound	4	placebo_uniform__typed_lowint2	degree	0	0.07900845561564725	0.7508573419315505	5924	143	0.03644154950656498	0.20607278272338223	0.44755244755244755	76	0	80	76.0	0.0	76.0
compound	4	placebo_uniform__typed_lowint2	graph	1	0.26333628854440094	0.8536403917825816	5924	143	0.4060704485867633	0.5082060127343486	0.7202797202797203	76	0	80	76.0	0.0	76.0
compound	4	placebo_uniform__typed_lowint2	mf	1	0.07861791243721797	0.7410174153817123	5924	143	0.11338856495476428	0.20164302028060715	0.40559440559440557	76	0	80	76.0	0.0	76.0
compound	4	placebo_uniform__typed_lowint2	mf	2	0.09163329092700093	0.7477285731048056	5924	143	0.06653217227074518	0.21086526871748168	0.40559440559440557	76	0	80	76.0	0.0	76.0
compound	4	placebo_uniform__typed_lowint2	mf	3	0.07435889248684613	0.7497081710885551	5924	143	0.06878503502813889	0.17597436896048732	0.46153846153846156	76	0	80	76.0	0.0	76.0
