policy	model	seed	negated	ext_negated	AP	AUROC	n	n_pos	macroAP_disease	MRR	Hits@10	E3_AUROC_approved_vs_later_failure	placebo_n	placebo_unreplaced	real_n
typed_lowint1	degree	0	57	0	0.006004685201042093	0.6922409031165121	211479	497	0.019628404843273467	0.16776186237388976	0.2796780684104628	0.5010702512950042			
typed_lowint1	graph	1	57	0	0.03105540852931018	0.6776448903009396	211479	497	0.05651867755811564	0.23506410867920027	0.38832997987927564	0.6558499935784923			
typed_lowint1	mf	1	57	0	0.014687609903654671	0.7416646984503451	211479	497	0.03967029704164657	0.23278779596224428	0.35412474849094566	0.5596986172353269			
typed_lowint1	mf	2	57	0	0.014658013195873766	0.7414837824474598	211479	497	0.04252940564824382	0.23189952722415685	0.3561368209255533	0.5603407680123292			
typed_lowint1	mf	3	57	0	0.01466899418686235	0.741849085812712	211479	497	0.03953287827064488	0.23217508596572903	0.3561368209255533	0.5594417569245258			
typed_lowint1	hybrid	1	57	0	0.030242792296551916	0.683707390755125	211479	497	0.057274824505050156	0.2414289669017095	0.3963782696177062	0.6632989425917206			
typed_lowint1	hybrid	2	57	0	0.030263295243818572	0.6836960563849488	211479	497	0.05726173007476862	0.24138194290270995	0.39436619718309857	0.6633417526435207			
typed_lowint1	hybrid	3	57	0	0.030240637471120605	0.6837202033140917	211479	497	0.05727668619263401	0.24143902443265539	0.3963782696177062	0.6632989425917205			
typed_lowint2	degree	0	76	1	0.006013636465375655	0.6924098457901955	211479	497	0.019628404843273467	0.16776186237388976	0.2796780684104628	0.5007705809324029			
typed_lowint2	graph	1	76	1	0.030975144288638463	0.6772430136840037	211479	497	0.056133818865147844	0.2337620566580162	0.3903420523138833	0.6550794126460893			
typed_lowint2	mf	1	76	1	0.014728073657592634	0.7415839464272339	211479	497	0.03999610909495595	0.23113885366558465	0.3561368209255533	0.5590564664583244			
typed_lowint2	mf	2	76	1	0.0147283495036792	0.7411665249862447	211479	497	0.04274644815402232	0.2312233745262505	0.3561368209255533	0.5603835780641295			
typed_lowint2	mf	3	76	1	0.014696754960301903	0.7415248999375861	211479	497	0.04013802165721972	0.2311539775337043	0.3561368209255533	0.5597842373389272			
typed_lowint2	hybrid	1	76	1	0.030134166687531785	0.6833136537132378	211479	497	0.05723147064079413	0.24138215966693846	0.3963782696177062	0.6619290209341153			
typed_lowint2	hybrid	2	76	1	0.030151998600437567	0.6833035591143051	211479	497	0.0572239098636164	0.2413626787747177	0.3963782696177062	0.6619290209341153			
typed_lowint2	hybrid	3	76	1	0.03012800853240247	0.6833316399329707	211479	497	0.05721879873009116	0.24140874242887633	0.3963782696177062	0.6618005907787148			
typed_lowint4	degree	0	124	3	0.006013636465375655	0.6924098457901957	211479	497	0.019628404843273467	0.16776186237388976	0.2796780684104628	0.5007705809324029			
typed_lowint4	graph	1	124	3	0.031088151803986035	0.6764089575799299	211479	497	0.05563788885156623	0.2353248298599386	0.3843058350100604	0.6488291450832656			
typed_lowint4	mf	1	124	3	0.014595461469871394	0.7349601967627588	211479	497	0.03920774681893994	0.22978763390175344	0.3561368209255533	0.5571300141273171			
typed_lowint4	mf	2	124	3	0.014646880632940815	0.7338888627477294	211479	497	0.0434475531047078	0.22970475583256172	0.3561368209255533	0.5564450532985146			
typed_lowint4	mf	3	124	3	0.014628471599624054	0.7346482893912946	211479	497	0.039389599010009865	0.23066182495902576	0.3561368209255533	0.5583286955777217			
typed_lowint4	hybrid	1	124	3	0.030403788266473882	0.6824510685655105	211479	497	0.05644438905295213	0.23867756805266482	0.39235412474849096	0.6558071835266922			
typed_lowint4	hybrid	2	124	3	0.03040199297541939	0.6824420516138894	211479	497	0.05657011608408991	0.2386960743573178	0.39235412474849096	0.6559356136820926			
typed_lowint4	hybrid	3	124	3	0.03036180827607072	0.6824730458949773	211479	497	0.05656425785839862	0.23867286315743305	0.39235412474849096	0.6559356136820926			
placebo_degree__flat_negative	degree	0	1649	7	0.006164993001144794	0.6945467631890251	211479	497	0.019628404843273467	0.16776186237388976	0.2796780684104628	0.5052228263196199	1649.0	0.0	1649.0
placebo_degree__flat_negative	graph	1	1649	7	0.030549579185882046	0.675311254584221	211479	497	0.05524021684409724	0.23529253491796598	0.386317907444668	0.6599169484995078	1649.0	0.0	1649.0
placebo_degree__flat_negative	mf	1	1649	7	0.014489745176926448	0.6857598320487619	211479	497	0.037931559630633785	0.21919541752905944	0.35412474849094566	0.5697161693565649	1649.0	0.0	1649.0
placebo_degree__flat_negative	mf	2	1649	7	0.014544481768757394	0.6856241152444046	211479	497	0.038981228669581806	0.2188840060203374	0.35412474849094566	0.5701014598227664	1649.0	0.0	1649.0
placebo_degree__flat_negative	mf	3	1649	7	0.014418213914734666	0.6854995182344314	211479	497	0.038155659643171136	0.21918963719363915	0.35412474849094566	0.5687315381651612	1649.0	0.0	1649.0
placebo_uniform__flat_negative	degree	0	1649	3	0.0060137265599641615	0.6924099316205123	211479	497	0.019628404843273467	0.16776186237388976	0.2796780684104628	0.5007705809324029	1649.0	0.0	1649.0
placebo_uniform__flat_negative	graph	1	1649	3	0.03072160624069683	0.6770345652228107	211479	497	0.055905366292214535	0.2330122732628802	0.386317907444668	0.6587182670491032	1649.0	0.0	1649.0
placebo_uniform__flat_negative	mf	1	1649	3	0.014332702631596477	0.740112719429258	211479	497	0.042155175450845205	0.227500295341175	0.35412474849094566	0.5597842373389272	1649.0	0.0	1649.0
placebo_uniform__flat_negative	mf	2	1649	3	0.014325177707770373	0.7399377924751493	211479	497	0.03945209311966094	0.22744985212457594	0.35412474849094566	0.5593989468727258	1649.0	0.0	1649.0
placebo_uniform__flat_negative	mf	3	1649	3	0.014323141668742252	0.7400497009032801	211479	497	0.03907538941912466	0.22746456093862163	0.352112676056338	0.559698617235327	1649.0	0.0	1649.0
placebo_degree__typed	degree	0	340	1	0.006038744881202089	0.6927937934076098	211479	497	0.019628404843273467	0.16776186237388976	0.2796780684104628	0.5016267819684062	340.0	0.0	340.0
placebo_degree__typed	graph	1	340	1	0.03061576735508538	0.6766940095989193	211479	497	0.05557795917951949	0.23652127692094538	0.38832997987927564	0.6585470268419025	340.0	0.0	340.0
placebo_degree__typed	mf	1	340	1	0.014788707642792843	0.7000976625028728	211479	497	0.04037628909987941	0.22690723782421227	0.34808853118712274	0.5632304465088401	340.0	0.0	340.0
placebo_degree__typed	mf	2	340	1	0.014790999928141136	0.700042292411797	211479	497	0.041055054704200476	0.22774725258406273	0.34808853118712274	0.563979622415343	340.0	0.0	340.0
placebo_degree__typed	mf	3	340	1	0.01476968741755093	0.7003525833122938	211479	497	0.040600097613264864	0.22779247178388498	0.3501006036217304	0.5641294575966436	340.0	0.0	340.0
placebo_uniform__typed	degree	0	340	2	0.006004685201042093	0.6922409031165121	211479	497	0.019628404843273467	0.16776186237388976	0.2796780684104628	0.5010702512950042	340.0	0.0	340.0
placebo_uniform__typed	graph	1	340	2	0.03137877955652891	0.6777299338398937	211479	497	0.055796477850446474	0.23828111666050242	0.39436619718309857	0.6582901665311014	340.0	0.0	340.0
placebo_uniform__typed	mf	1	340	2	0.014566733032329918	0.7440564174498221	211479	497	0.03826617017519241	0.23289269107149274	0.3561368209255533	0.5549467014855087	340.0	0.0	340.0
placebo_uniform__typed	mf	2	340	2	0.014609770909120993	0.742898967016878	211479	497	0.03870133731078707	0.23384044860780356	0.3561368209255533	0.5572156342309175	340.0	0.0	340.0
placebo_uniform__typed	mf	3	340	2	0.014584176418158023	0.7434306381463078	211479	497	0.041066359972712185	0.23385975756843708	0.3561368209255533	0.5553533969776103	340.0	0.0	340.0
placebo_degree__typed_scoped	degree	0	183	2	0.006021005424893072	0.692441240612762	211479	497	0.019628404843273467	0.16776186237388976	0.2796780684104628	0.5008133909842031	183.0	0.0	183.0
placebo_degree__typed_scoped	graph	1	183	2	0.030999105711824217	0.6771221073776555	211479	497	0.05575395413657204	0.23507511919235802	0.3903420523138833	0.6582473564793013	183.0	0.0	183.0
placebo_degree__typed_scoped	mf	1	183	2	0.014592388437991486	0.7046930128991331	211479	497	0.04024936792086904	0.22833693689994133	0.3561368209255533	0.5667194657305535	183.0	0.0	183.0
placebo_degree__typed_scoped	mf	2	183	2	0.01461274673989058	0.7040551792044509	211479	497	0.043918249678744886	0.2283934871257504	0.3561368209255533	0.5652425189434479	183.0	0.0	183.0
placebo_degree__typed_scoped	mf	3	183	2	0.014624207101489569	0.7042097262266569	211479	497	0.04020040221083991	0.22822183810062904	0.3561368209255533	0.5656706194614496	183.0	0.0	183.0
placebo_uniform__typed_scoped	degree	0	183	0	0.006012842563583246	0.6924092449779775	211479	497	0.019628404843273467	0.16776186237388976	0.2796780684104628	0.5007705809324029	183.0	0.0	183.0
placebo_uniform__typed_scoped	graph	1	183	0	0.03113065178576149	0.6773323582755025	211479	497	0.05656952696593638	0.235254894030507	0.39235412474849096	0.6570058649770967	183.0	0.0	183.0
placebo_uniform__typed_scoped	mf	1	183	0	0.014465317050294926	0.7471559695357306	211479	497	0.039369983484942354	0.23014744742249388	0.3561368209255533	0.5573012543345178	183.0	0.0	183.0
placebo_uniform__typed_scoped	mf	2	183	0	0.01450717830119807	0.7464066231860453	211479	497	0.04222911723088762	0.23017822492362253	0.3561368209255533	0.5574724945417184	183.0	0.0	183.0
placebo_uniform__typed_scoped	mf	3	183	0	0.01447320613186383	0.7470264801976966	211479	497	0.03953807115361934	0.2302806267637375	0.3561368209255533	0.5561881929877135	183.0	0.0	183.0
placebo_degree__typed_role	degree	0	176	0	0.006012842563583246	0.6924092449779775	211479	497	0.019628404843273467	0.16776186237388976	0.2796780684104628	0.5007705809324029	176.0	0.0	176.0
placebo_degree__typed_role	graph	1	176	0	0.031282283199989575	0.6775471152649848	211479	497	0.05646354584538329	0.23529957189502973	0.3903420523138833	0.6617577807269146	176.0	0.0	176.0
placebo_degree__typed_role	mf	1	176	0	0.01450010459349194	0.7140441257855119	211479	497	0.03908396525466659	0.23398233767546234	0.3561368209255533	0.5651140887880474	176.0	0.0	176.0
placebo_degree__typed_role	mf	2	176	0	0.014528114568333812	0.7140158876112654	211479	497	0.04192569406539103	0.2339926848067876	0.3561368209255533	0.5648786335031465	176.0	0.0	176.0
placebo_degree__typed_role	mf	3	176	0	0.01452646958407414	0.7140353281780338	211479	497	0.039259844447876	0.23397417368228707	0.3561368209255533	0.5640224324671432	176.0	0.0	176.0
placebo_uniform__typed_role	degree	0	176	0	0.006004685201042093	0.6922409031165121	211479	497	0.019628404843273467	0.16776186237388976	0.2796780684104628	0.5010702512950042	176.0	0.0	176.0
placebo_uniform__typed_role	graph	1	176	0	0.031144845789063236	0.6776315341499661	211479	497	0.05601426081073322	0.23544707478648114	0.3903420523138833	0.6583757866347018	176.0	0.0	176.0
placebo_uniform__typed_role	mf	1	176	0	0.014507804134434366	0.7464459906913778	211479	497	0.039367810402593954	0.23151394488771382	0.3561368209255533	0.555503232158911	176.0	0.0	176.0
placebo_uniform__typed_role	mf	2	176	0	0.01452170195279764	0.7455960607470362	211479	497	0.043308889841816016	0.23118054210593753	0.3561368209255533	0.5543901708121067	176.0	0.0	176.0
placebo_uniform__typed_role	mf	3	176	0	0.014524894320512812	0.7462473173496049	211479	497	0.03953281825550484	0.2312686230428453	0.3561368209255533	0.5534483496725031	176.0	0.0	176.0
placebo_degree__typed_role_scoped	degree	0	89	1	0.006004685201042093	0.6922409031165121	211479	497	0.019628404843273467	0.16776186237388976	0.2796780684104628	0.5010702512950042	89.0	0.0	89.0
placebo_degree__typed_role_scoped	graph	1	89	1	0.031014639571491233	0.6777477531673437	211479	497	0.05626017878613899	0.23604352954970523	0.3903420523138833	0.6579904961685002	89.0	0.0	89.0
placebo_degree__typed_role_scoped	mf	1	89	1	0.014502130766825607	0.7174695994262873	211479	497	0.03932947301300393	0.2283308835042835	0.3561368209255533	0.5605120082195298	89.0	0.0	89.0
placebo_degree__typed_role_scoped	mf	2	89	1	0.014561109599488843	0.7171682015002873	211479	497	0.04324504888380761	0.22843911901833627	0.3561368209255533	0.5595701870799263	89.0	0.0	89.0
placebo_degree__typed_role_scoped	mf	3	89	1	0.014567290728421466	0.7176757161638723	211479	497	0.03942065848661703	0.2292841444385751	0.3561368209255533	0.5585855558885227	89.0	0.0	89.0
placebo_uniform__typed_role_scoped	degree	0	89	1	0.006004685201042093	0.6922409031165121	211479	497	0.019628404843273467	0.16776186237388976	0.2796780684104628	0.5010702512950042	89.0	0.0	89.0
placebo_uniform__typed_role_scoped	graph	1	89	1	0.03112166812603668	0.677562512270159	211479	497	0.057214834822948264	0.23742049709868052	0.3903420523138833	0.6582473564793013	89.0	0.0	89.0
placebo_uniform__typed_role_scoped	mf	1	89	1	0.014486147835776255	0.7462842291542051	211479	497	0.039420376253333625	0.23093916892980637	0.3561368209255533	0.5551607517445096	89.0	0.0	89.0
placebo_uniform__typed_role_scoped	mf	2	89	1	0.014518114336276089	0.7456258247935824	211479	497	0.043313614253111504	0.2309372986223234	0.35412474849094566	0.5553748020035104	89.0	0.0	89.0
placebo_uniform__typed_role_scoped	mf	3	89	1	0.014496916742696299	0.7462515468768856	211479	497	0.039535659008658935	0.23099543518983276	0.3561368209255533	0.5535339697761035	89.0	0.0	89.0
placebo_degree__typed_lowint2	degree	0	76	1	0.006012842563583246	0.6924092449779774	211479	497	0.019628404843273467	0.16776186237388976	0.2796780684104628	0.5007705809324029	76.0	0.0	76.0
placebo_degree__typed_lowint2	graph	1	76	1	0.03135318026391402	0.6773140478079062	211479	497	0.05647444197524694	0.23604400435249326	0.3903420523138833	0.6573483453914978	76.0	0.0	76.0
placebo_degree__typed_lowint2	mf	1	76	1	0.01457957664998579	0.744504475545579	211479	497	0.03982408308178731	0.23226982955440412	0.358148893360161	0.5605976283231303	76.0	0.0	76.0
placebo_degree__typed_lowint2	mf	2	76	1	0.014598078452529228	0.744486055405911	211479	497	0.043895855127611114	0.23227546753989353	0.358148893360161	0.5593133267691254	76.0	0.0	76.0
placebo_degree__typed_lowint2	mf	3	76	1	0.014582149242565946	0.7443766694354255	211479	497	0.0399561611590762	0.2312362582208544	0.358148893360161	0.5594845669763261	76.0	0.0	76.0
placebo_uniform__typed_lowint2	degree	0	76	0	0.006004685201042093	0.6922409031165121	211479	497	0.019628404843273467	0.16776186237388976	0.2796780684104628	0.5010702512950042	76.0	0.0	76.0
placebo_uniform__typed_lowint2	graph	1	76	0	0.03114758383685502	0.6776403842093045	211479	497	0.05641518558186612	0.23575919762613326	0.38832997987927564	0.6582473564793013	76.0	0.0	76.0
placebo_uniform__typed_lowint2	mf	1	76	0	0.01461238692811359	0.7478486726446402	211479	497	0.03962187342723675	0.2323920008985204	0.35412474849094566	0.5592705167173252	76.0	0.0	76.0
placebo_uniform__typed_lowint2	mf	2	76	0	0.014626394246667318	0.7466803742133151	211479	497	0.04592867483152654	0.23239354165861356	0.35412474849094566	0.5578149749561198	76.0	0.0	76.0
placebo_uniform__typed_lowint2	mf	3	76	0	0.014566175192040946	0.7471975400191958	211479	497	0.03975351288347196	0.23236403278973014	0.35412474849094566	0.5573012543345178	76.0	0.0	76.0
