task	pseed	policy	w_neg	model	seed	AP	AUROC	n	n_pos	macroAP_disease	MRR	Hits@10	negated	masked	test_pos_negated	test_pos_masked
compound	42	sci=ignore,other=ignore	10.0	degree	0	0.0744760804932301	0.7278685832415619	5913	162	0.0358357591809866	0.1854607652847216	0.4320987654320987	0	0	0	0
compound	42	sci=ignore,other=ignore	10.0	disease_degree	0	0.0744760804932301	0.7278685832415619	5913	162	0.0358357591809866	0.1854607652847216	0.4320987654320987	0	0	0	0
compound	42	sci=ignore,other=ignore	10.0	mf	1	0.0697644129883757	0.7009054785963149	5913	162	0.0821985498698515	0.1656723854352614	0.4629629629629629	0	0	0	0
compound	42	sci=ignore,other=ignore	10.0	mf	2	0.0780756366575173	0.7028364363900212	5913	162	0.1273458067511119	0.1659072972314422	0.4382716049382716	0	0	0	0
compound	42	sci=ignore,other=ignore	10.0	mf	3	0.0696795170006982	0.7014040499666188	5913	162	0.0825320669859207	0.1642892865635498	0.419753086419753	0	0	0	0
compound	42	sci=ignore,other=ignore	10.0	graph	1	0.2444828329244462	0.8391659206879746	5913	162	0.315781582296105	0.4343489302076284	0.6296296296296297	0	0	0	0
compound	42	sci=ignore,other=ignore	10.0	graph	2	0.2444828329244462	0.8391659206879746	5913	162	0.315781582296105	0.4343489302076284	0.6296296296296297	0	0	0	0
compound	42	sci=ignore,other=ignore	10.0	graph	3	0.2444828329244462	0.8391659206879746	5913	162	0.315781582296105	0.4343489302076284	0.6296296296296297	0	0	0	0
compound	42	sci=ignore,other=ignore	10.0	hybrid	1	0.24449593779201	0.839169140739882	5913	162	0.315781582296105	0.4343489302076284	0.6296296296296297	0	0	0	0
compound	42	sci=ignore,other=ignore	10.0	hybrid	2	0.2445477088121817	0.8391712874411534	5913	162	0.315781582296105	0.4342019578384337	0.6296296296296297	0	0	0	0
compound	42	sci=ignore,other=ignore	10.0	hybrid	3	0.2444964487987811	0.8391712874411533	5913	162	0.315781582296105	0.4342019578384337	0.6296296296296297	0	0	0	0
compound	42	sci=ignore,other=negate	10.0	degree	0	0.0744760804932301	0.7278685832415619	5913	162	0.0358357591809866	0.1854607652847216	0.4320987654320987	1393	0	54	0
compound	42	sci=ignore,other=negate	10.0	mf	1	0.0344268729101794	0.3416512640850437	5913	162	0.0495291243992716	0.0977171461480481	0.2345679012345679	1393	0	54	0
compound	42	sci=ignore,other=negate	10.0	mf	2	0.0286232933982808	0.3389265634962035	5913	162	0.0715458075359028	0.0997964859108968	0.1851851851851851	1393	0	54	0
compound	42	sci=ignore,other=negate	10.0	mf	3	0.0287753793352784	0.3402661050896141	5913	162	0.0437505750939755	0.099277997392331	0.2098765432098765	1393	0	54	0
compound	42	sci=ignore,other=negate	10.0	graph	1	0.197627439732181	0.7947045173034855	5913	162	0.2703479044844143	0.3646166348526004	0.5432098765432098	1393	0	54	0
compound	42	sci=ignore,other=negate	10.0	graph	2	0.197627439732181	0.7947045173034855	5913	162	0.2703479044844143	0.3646166348526004	0.5432098765432098	1393	0	54	0
compound	42	sci=ignore,other=negate	10.0	graph	3	0.197627439732181	0.7947045173034855	5913	162	0.2703479044844143	0.3646166348526004	0.5432098765432098	1393	0	54	0
compound	42	sci=ignore,other=negate	10.0	hybrid	1	0.1976276474160507	0.7947002239009426	5913	162	0.2703479044844143	0.3646166348526004	0.5432098765432098	1393	0	54	0
compound	42	sci=ignore,other=negate	10.0	hybrid	2	0.197633660808045	0.794690563745221	5913	162	0.2703479044844143	0.3646166348526004	0.5432098765432098	1393	0	54	0
compound	42	sci=ignore,other=negate	10.0	hybrid	3	0.1976291600084437	0.7946873436933135	5913	162	0.2703479044844143	0.3646166348526004	0.5432098765432098	1393	0	54	0
compound	42	sci=ignore,other=mask	10.0	degree	0	0.0744760804932301	0.7278685832415619	5913	162	0.0358357591809866	0.1854607652847216	0.4320987654320987	0	1393	0	54
compound	42	sci=ignore,other=mask	10.0	mf	1	0.0701225467691836	0.7007557461826285	5913	162	0.0809117508612045	0.166572141427701	0.4259259259259259	0	1393	0	54
compound	42	sci=ignore,other=mask	10.0	mf	2	0.0790028669441834	0.7024430533820205	5913	162	0.1305487560293959	0.1661530159015689	0.4444444444444444	0	1393	0	54
compound	42	sci=ignore,other=mask	10.0	mf	3	0.0701877490920071	0.7030763302571104	5913	162	0.0836906895556291	0.1651646918172839	0.4444444444444444	0	1393	0	54
compound	42	sci=ignore,other=mask	10.0	graph	1	0.2448759117838104	0.8410721914170589	5913	162	0.3268981525443115	0.4364894859328	0.6358024691358025	0	1393	0	54
compound	42	sci=ignore,other=mask	10.0	graph	2	0.2448759117838104	0.8410721914170589	5913	162	0.3268981525443115	0.4364894859328	0.6358024691358025	0	1393	0	54
compound	42	sci=ignore,other=mask	10.0	graph	3	0.2448759117838104	0.8410721914170589	5913	162	0.3268981525443115	0.4364894859328	0.6358024691358025	0	1393	0	54
compound	42	sci=ignore,other=mask	10.0	hybrid	1	0.2448913611426795	0.8410775581702377	5913	162	0.3268981525443115	0.4364894859328	0.6358024691358025	0	1393	0	54
compound	42	sci=ignore,other=mask	10.0	hybrid	2	0.2448635325046111	0.8410700447157875	5913	162	0.3268981525443115	0.4364859012408685	0.6358024691358025	0	1393	0	54
compound	42	sci=ignore,other=mask	10.0	hybrid	3	0.2448798695509522	0.8410732647676948	5913	162	0.3268981525443115	0.4364894859328	0.6358024691358025	0	1393	0	54
compound	42	sci=negate,other=ignore	10.0	degree	0	0.0744760804932301	0.7278685832415619	5913	162	0.0358357591809866	0.1854607652847216	0.4320987654320987	387	0	34	0
compound	42	sci=negate,other=ignore	10.0	mf	1	0.0421018367566355	0.4311311398339741	5913	162	0.0476919105972844	0.1137265365546699	0.3086419753086419	387	0	34	0
compound	42	sci=negate,other=ignore	10.0	mf	2	0.0400327592447211	0.4256194843194205	5913	162	0.065278176029361	0.1093901286941081	0.2839506172839506	387	0	34	0
compound	42	sci=negate,other=ignore	10.0	mf	3	0.0514349078223049	0.4254504315942906	5913	162	0.0680262979654435	0.1441730324710026	0.2839506172839506	387	0	34	0
compound	42	sci=negate,other=ignore	10.0	graph	1	0.1733169480977045	0.800309554323349	5913	162	0.2813844575275039	0.3727175299745142	0.6111111111111112	387	0	34	0
compound	42	sci=negate,other=ignore	10.0	graph	2	0.1733169480977045	0.800309554323349	5913	162	0.2813844575275039	0.3727175299745142	0.6111111111111112	387	0	34	0
compound	42	sci=negate,other=ignore	10.0	graph	3	0.1733169480977045	0.800309554323349	5913	162	0.2813844575275039	0.3727175299745142	0.6111111111111112	387	0	34	0
compound	42	sci=negate,other=ignore	10.0	hybrid	1	0.0983432245554173	0.8009524913541607	5913	162	0.1831389989112944	0.2956477835882983	0.5493827160493827	387	0	34	0
compound	42	sci=negate,other=ignore	10.0	hybrid	2	0.1814099099525934	0.8151368200055386	5913	162	0.287158823730535	0.3916318242613979	0.6296296296296297	387	0	34	0
compound	42	sci=negate,other=ignore	10.0	hybrid	3	0.1797110501535122	0.8121668587964305	5913	162	0.2850443910707909	0.387970896053931	0.5864197530864198	387	0	34	0
compound	42	sci=negate,other=negate	10.0	degree	0	0.0744760804932301	0.7278685832415619	5913	162	0.0358357591809866	0.1854607652847216	0.4320987654320987	1780	0	88	0
compound	42	sci=negate,other=negate	10.0	mf	1	0.0329309068917045	0.3016957866694144	5913	162	0.0466370333380105	0.0785161142620626	0.1604938271604938	1780	0	88	0
compound	42	sci=negate,other=negate	10.0	mf	2	0.0263457635506546	0.2989388855615019	5913	162	0.0685381963813535	0.074963129545608	0.1419753086419753	1780	0	88	0
compound	42	sci=negate,other=negate	10.0	mf	3	0.0315482388213911	0.2978510446921737	5913	162	0.0433055292232169	0.0904584288503965	0.1358024691358024	1780	0	88	0
compound	42	sci=negate,other=negate	10.0	graph	1	0.1406694357918759	0.7707033237375787	5913	162	0.2362638157326829	0.3175388090547097	0.5555555555555556	1780	0	88	0
compound	42	sci=negate,other=negate	10.0	graph	2	0.1406694357918759	0.7707033237375787	5913	162	0.2362638157326829	0.3175388090547097	0.5555555555555556	1780	0	88	0
compound	42	sci=negate,other=negate	10.0	graph	3	0.1406694357918759	0.7707033237375787	5913	162	0.2362638157326829	0.3175388090547097	0.5555555555555556	1780	0	88	0
compound	42	sci=negate,other=negate	10.0	hybrid	1	0.1395221644735425	0.7715212169220168	5913	162	0.2402522701511194	0.3160256869544925	0.5617283950617284	1780	0	88	0
compound	42	sci=negate,other=negate	10.0	hybrid	2	0.1345739597198932	0.7686779110879267	5913	162	0.2322976326789455	0.3106530332126012	0.5617283950617284	1780	0	88	0
compound	42	sci=negate,other=negate	10.0	hybrid	3	0.138221602114029	0.77060457547909	5913	162	0.2401344900167967	0.3134766435324666	0.5555555555555556	1780	0	88	0
compound	42	sci=negate,other=mask	10.0	degree	0	0.0744760804932301	0.7278685832415619	5913	162	0.0358357591809866	0.1854607652847216	0.4320987654320987	387	1393	34	54
compound	42	sci=negate,other=mask	10.0	mf	1	0.0422298479759075	0.4301608308592601	5913	162	0.0477834674702968	0.113754693916193	0.3086419753086419	387	1393	34	54
compound	42	sci=negate,other=mask	10.0	mf	2	0.0398254566851442	0.424575650826158	5913	162	0.0654648647183802	0.1091771778128793	0.2777777777777778	387	1393	34	54
compound	42	sci=negate,other=mask	10.0	mf	3	0.0504753085578209	0.4245520371121715	5913	162	0.0683059906219985	0.1439884409383366	0.2777777777777778	387	1393	34	54
compound	42	sci=negate,other=mask	10.0	graph	1	0.1795089333390748	0.8133550579502008	5913	162	0.2892530443494924	0.3892528029920495	0.5925925925925926	387	1393	34	54
compound	42	sci=negate,other=mask	10.0	graph	2	0.1795089333390748	0.8133550579502008	5913	162	0.2892530443494924	0.3892528029920495	0.5925925925925926	387	1393	34	54
compound	42	sci=negate,other=mask	10.0	graph	3	0.1795089333390748	0.8133550579502008	5913	162	0.2892530443494924	0.3892528029920495	0.5925925925925926	387	1393	34	54
compound	42	sci=negate,other=mask	10.0	hybrid	1	0.1795415648316017	0.8133733049110085	5913	162	0.2892530443494924	0.3892528029920495	0.5925925925925926	387	1393	34	54
compound	42	sci=negate,other=mask	10.0	hybrid	2	0.1795417510231416	0.8133786716641872	5913	162	0.2892530443494924	0.3892528029920495	0.5925925925925926	387	1393	34	54
compound	42	sci=negate,other=mask	10.0	hybrid	3	0.1795142525200973	0.8133539845995652	5913	162	0.2892530443494924	0.3892528029920495	0.5925925925925926	387	1393	34	54
compound	42	sci=mask,other=ignore	10.0	degree	0	0.0744760804932301	0.7278685832415619	5913	162	0.0358357591809866	0.1854607652847216	0.4320987654320987	0	387	0	34
compound	42	sci=mask,other=ignore	10.0	mf	1	0.0701301205265703	0.7013085217600374	5913	162	0.0824154468533526	0.1659107905082154	0.4629629629629629	0	387	0	34
compound	42	sci=mask,other=ignore	10.0	mf	2	0.078552013209822	0.7023614787337038	5913	162	0.1279096482760052	0.1658969525860063	0.4382716049382716	0	387	0	34
compound	42	sci=mask,other=ignore	10.0	mf	3	0.0697176216386969	0.7015704193151593	5913	162	0.0826952309669992	0.1643600174187801	0.419753086419753	0	387	0	34
compound	42	sci=mask,other=ignore	10.0	graph	1	0.2517719707292966	0.8417022482402416	5913	162	0.324101098762986	0.4389499224200988	0.6296296296296297	0	387	0	34
compound	42	sci=mask,other=ignore	10.0	graph	2	0.2517719707292966	0.8417022482402416	5913	162	0.324101098762986	0.4389499224200988	0.6296296296296297	0	387	0	34
compound	42	sci=mask,other=ignore	10.0	graph	3	0.2517719707292966	0.8417022482402416	5913	162	0.324101098762986	0.4389499224200988	0.6296296296296297	0	387	0	34
compound	42	sci=mask,other=ignore	10.0	hybrid	1	0.2518408221543739	0.8417054682921488	5913	162	0.324101098762986	0.4389499224200988	0.6296296296296297	0	387	0	34
compound	42	sci=mask,other=ignore	10.0	hybrid	2	0.251852621503752	0.8417054682921488	5913	162	0.324101098762986	0.4389499224200988	0.6296296296296297	0	387	0	34
compound	42	sci=mask,other=ignore	10.0	hybrid	3	0.2518452030450729	0.8417033215908774	5913	162	0.324101098762986	0.4389499224200988	0.6296296296296297	0	387	0	34
compound	42	sci=mask,other=negate	10.0	degree	0	0.0744760804932301	0.7278685832415619	5913	162	0.0358357591809866	0.1854607652847216	0.4320987654320987	1393	387	54	34
compound	42	sci=mask,other=negate	10.0	mf	1	0.0344280426696275	0.3415605659563232	5913	162	0.0501060172024048	0.0977840666868645	0.2345679012345679	1393	387	54	34
compound	42	sci=mask,other=negate	10.0	mf	2	0.0287407273446245	0.3388970463537205	5913	162	0.0716737196460486	0.0997710305073097	0.191358024691358	1393	387	54	34
compound	42	sci=mask,other=negate	10.0	mf	3	0.0287796608468644	0.3403047457125009	5913	162	0.0439939621744605	0.0988673938826222	0.2160493827160493	1393	387	54	34
compound	42	sci=mask,other=negate	10.0	graph	1	0.2001888177111975	0.7960934330261403	5913	162	0.2691427205062545	0.3621620509768988	0.5679012345679012	1393	387	54	34
compound	42	sci=mask,other=negate	10.0	graph	2	0.2001888177111975	0.7960934330261403	5913	162	0.2691427205062545	0.3621620509768988	0.5679012345679012	1393	387	54	34
compound	42	sci=mask,other=negate	10.0	graph	3	0.2001888177111975	0.7960934330261403	5913	162	0.2691427205062545	0.3621620509768988	0.5679012345679012	1393	387	54	34
compound	42	sci=mask,other=negate	10.0	hybrid	1	0.2001903221897021	0.7960987997793192	5913	162	0.2691578267028164	0.3621620509768988	0.5679012345679012	1393	387	54	34
compound	42	sci=mask,other=negate	10.0	hybrid	2	0.2001755659289186	0.7960859195716903	5913	162	0.2691578267028164	0.3621620509768988	0.5679012345679012	1393	387	54	34
compound	42	sci=mask,other=negate	10.0	hybrid	3	0.2001991825456703	0.7960891396235974	5913	162	0.2691256346669981	0.3621620509768988	0.5679012345679012	1393	387	54	34
compound	42	sci=mask,other=mask	10.0	degree	0	0.0744760804932301	0.7278685832415619	5913	162	0.0358357591809866	0.1854607652847216	0.4320987654320987	0	1780	0	88
compound	42	sci=mask,other=mask	10.0	mf	1	0.0701175666477683	0.7004315942906334	5913	162	0.0817319013002246	0.1664792249521062	0.4259259259259259	0	1780	0	88
compound	42	sci=mask,other=mask	10.0	mf	2	0.0784451918476975	0.7017791860138118	5913	162	0.1315146966115041	0.1662689003108522	0.4444444444444444	0	1780	0	88
compound	42	sci=mask,other=mask	10.0	mf	3	0.0699821710418955	0.7028294596108889	5913	162	0.0836802193402471	0.1651971560480804	0.4135802469135802	0	1780	0	88
compound	42	sci=mask,other=mask	10.0	graph	1	0.2454862561487913	0.8441902750138999	5913	162	0.3307448222905682	0.4333157087422184	0.6419753086419753	0	1780	0	88
compound	42	sci=mask,other=mask	10.0	graph	2	0.2454862561487913	0.8441902750138999	5913	162	0.3307448222905682	0.4333157087422184	0.6419753086419753	0	1780	0	88
compound	42	sci=mask,other=mask	10.0	graph	3	0.2454862561487913	0.8441902750138999	5913	162	0.3307448222905682	0.4333157087422184	0.6419753086419753	0	1780	0	88
compound	42	sci=mask,other=mask	10.0	hybrid	1	0.2455031486403091	0.8441967151177144	5913	162	0.3307448222905682	0.4333157087422184	0.6419753086419753	0	1780	0	88
compound	42	sci=mask,other=mask	10.0	hybrid	2	0.245527974109942	0.8441956417670785	5913	162	0.3307448222905682	0.4333115435333748	0.6419753086419753	0	1780	0	88
compound	42	sci=mask,other=mask	10.0	hybrid	3	0.2455183169546707	0.844193495065807	5913	162	0.3307448222905682	0.4333157087422184	0.6419753086419753	0	1780	0	88
compound	42	typed_scoped	10.0	degree	0	0.0744760804932301	0.7278685832415619	5913	162	0.0358357591809866	0.1854607652847216	0.4320987654320987	211	1569	23	65
compound	42	typed_scoped	10.0	mf	1	0.0511706149759418	0.5028229121720108	5913	162	0.0556364549374267	0.1384885477137063	0.3333333333333333	211	1569	23	65
compound	42	typed_scoped	10.0	mf	2	0.0517102152306578	0.4984667186168374	5913	162	0.1111626169197786	0.1346356944201668	0.3209876543209876	211	1569	23	65
compound	42	typed_scoped	10.0	mf	3	0.0493182574654346	0.4980185947264136	5913	162	0.0698519294450009	0.1325662043658226	0.3148148148148148	211	1569	23	65
compound	42	typed_scoped	10.0	graph	1	0.2094598420597306	0.8291569260096472	5913	162	0.2993193484159221	0.3997997646344313	0.6234567901234568	211	1569	23	65
compound	42	typed_scoped	10.0	graph	2	0.2094598420597306	0.8291569260096472	5913	162	0.2993193484159221	0.3997997646344313	0.6234567901234568	211	1569	23	65
compound	42	typed_scoped	10.0	graph	3	0.2094598420597306	0.8291569260096472	5913	162	0.2993193484159221	0.3997997646344313	0.6234567901234568	211	1569	23	65
compound	42	typed_scoped	10.0	hybrid	1	0.2094529977674674	0.82915370595774	5913	162	0.2993193484159221	0.3997997646344313	0.6234567901234568	211	1569	23	65
compound	42	typed_scoped	10.0	hybrid	2	0.209467318704824	0.8291644394640975	5913	162	0.2993193484159221	0.3997997646344313	0.6234567901234568	211	1569	23	65
compound	42	typed_scoped	10.0	hybrid	3	0.2094621223793129	0.8291612194121902	5913	162	0.2993193484159221	0.3997997646344313	0.6234567901234568	211	1569	23	65
compound	1	sci=ignore,other=ignore	10.0	degree	0	0.0824215978862411	0.7548392297357815	5920	145	0.0377311460469355	0.2118478262558626	0.4758620689655172	0	0	0	0
compound	1	sci=ignore,other=ignore	10.0	disease_degree	0	0.0824215978862411	0.7548392297357815	5920	145	0.0377311460469355	0.2118478262558626	0.4758620689655172	0	0	0	0
compound	1	sci=ignore,other=ignore	10.0	mf	1	0.093156280324302	0.7264373787132408	5920	145	0.0951044904837716	0.2257194349752048	0.4689655172413793	0	0	0	0
compound	1	sci=ignore,other=ignore	10.0	mf	2	0.0771257413904789	0.7068231079265562	5920	145	0.0930652379472596	0.207483147505382	0.3517241379310344	0	0	0	0
compound	1	sci=ignore,other=ignore	10.0	mf	3	0.0702006862807134	0.7112822809374533	5920	145	0.0769480773676807	0.1842285866910857	0.4068965517241379	0	0	0	0
compound	1	sci=ignore,other=ignore	10.0	graph	1	0.3142143386536644	0.8792703388565457	5920	145	0.4411517312960671	0.5070713419426476	0.7655172413793103	0	0	0	0
compound	1	sci=ignore,other=ignore	10.0	graph	2	0.3142143386536644	0.8792703388565457	5920	145	0.4411517312960671	0.5070713419426476	0.7655172413793103	0	0	0	0
compound	1	sci=ignore,other=ignore	10.0	graph	3	0.3142143386536644	0.8792703388565457	5920	145	0.4411517312960671	0.5070713419426476	0.7655172413793103	0	0	0	0
compound	1	sci=ignore,other=ignore	10.0	hybrid	1	0.3142165211773305	0.8792763098969996	5920	145	0.4411517312960671	0.5070713419426476	0.7655172413793103	0	0	0	0
compound	1	sci=ignore,other=ignore	10.0	hybrid	2	0.3142160829647172	0.8792715330646365	5920	145	0.4411517312960671	0.5070713419426476	0.7655172413793103	0	0	0	0
compound	1	sci=ignore,other=ignore	10.0	hybrid	3	0.314214495374864	0.8792667562322735	5920	145	0.4411517312960671	0.5070713419426476	0.7655172413793103	0	0	0	0
compound	1	sci=ignore,other=negate	10.0	degree	0	0.0824215978862411	0.7548392297357815	5920	145	0.0377311460469355	0.2118478262558626	0.4758620689655172	1382	0	50	0
compound	1	sci=ignore,other=negate	10.0	mf	1	0.0314104456316878	0.4127547395133601	5920	145	0.0966220261716446	0.1087110100156193	0.2551724137931034	1382	0	50	0
compound	1	sci=ignore,other=negate	10.0	mf	2	0.0393154693779545	0.4147024929093894	5920	145	0.0672701629144467	0.1108810670633624	0.2413793103448276	1382	0	50	0
compound	1	sci=ignore,other=negate	10.0	mf	3	0.0305354428787348	0.4013870726974176	5920	145	0.0690927485324332	0.0794228506361837	0.2068965517241379	1382	0	50	0
compound	1	sci=ignore,other=negate	10.0	graph	1	0.2243623133420546	0.85862486938349	5920	145	0.3747226750237419	0.3945794511137921	0.6896551724137931	1382	0	50	0
compound	1	sci=ignore,other=negate	10.0	graph	2	0.2243623133420546	0.85862486938349	5920	145	0.3747226750237419	0.3945794511137921	0.6896551724137931	1382	0	50	0
compound	1	sci=ignore,other=negate	10.0	graph	3	0.2243623133420546	0.85862486938349	5920	145	0.3747226750237419	0.3945794511137921	0.6896551724137931	1382	0	50	0
compound	1	sci=ignore,other=negate	10.0	hybrid	1	0.224354140497594	0.8586296462158531	5920	145	0.3747226750237419	0.3945794511137921	0.6896551724137931	1382	0	50	0
compound	1	sci=ignore,other=negate	10.0	hybrid	2	0.2243746025295242	0.8586284520077623	5920	145	0.3747226750237419	0.3945794511137921	0.6896551724137931	1382	0	50	0
compound	1	sci=ignore,other=negate	10.0	hybrid	3	0.2243630516567838	0.8586236751753995	5920	145	0.3747226750237419	0.3945794511137921	0.6896551724137931	1382	0	50	0
compound	1	sci=ignore,other=mask	10.0	degree	0	0.0824215978862411	0.7548392297357815	5920	145	0.0377311460469355	0.2118478262558626	0.4758620689655172	0	1382	0	50
compound	1	sci=ignore,other=mask	10.0	mf	1	0.092114082307857	0.7259859680549335	5920	145	0.0925161377413772	0.2247409180655075	0.4689655172413793	0	1382	0	50
compound	1	sci=ignore,other=mask	10.0	mf	2	0.0765549264840251	0.7076232273473653	5920	145	0.0904244827398917	0.2072471598659967	0.3586206896551724	0	1382	0	50
compound	1	sci=ignore,other=mask	10.0	mf	3	0.0699754170139969	0.7106929392446635	5920	145	0.0756477283186437	0.1840512791917742	0.4	0	1382	0	50
compound	1	sci=ignore,other=mask	10.0	graph	1	0.3080562809232118	0.8803343782654128	5920	145	0.4365564736261086	0.5125622034455453	0.7655172413793103	0	1382	0	50
compound	1	sci=ignore,other=mask	10.0	graph	2	0.3080562809232118	0.8803343782654128	5920	145	0.4365564736261086	0.5125622034455453	0.7655172413793103	0	1382	0	50
compound	1	sci=ignore,other=mask	10.0	graph	3	0.3080562809232118	0.8803343782654128	5920	145	0.4365564736261086	0.5125622034455453	0.7655172413793103	0	1382	0	50
compound	1	sci=ignore,other=mask	10.0	hybrid	1	0.3080526632286416	0.8803296014330497	5920	145	0.4365564736261086	0.5125622034455453	0.7655172413793103	0	1382	0	50
compound	1	sci=ignore,other=mask	10.0	hybrid	2	0.3080535248212712	0.8803343782654126	5920	145	0.4365564736261086	0.5125622034455453	0.7655172413793103	0	1382	0	50
compound	1	sci=ignore,other=mask	10.0	hybrid	3	0.3080500106337693	0.8803272130168682	5920	145	0.4365564736261086	0.5125622034455453	0.7655172413793103	0	1382	0	50
compound	1	sci=negate,other=ignore	10.0	degree	0	0.0824215978862411	0.7548392297357815	5920	145	0.0377311460469355	0.2118478262558626	0.4758620689655172	362	0	12	0
compound	1	sci=negate,other=ignore	10.0	mf	1	0.052110625445716	0.5847296611434543	5920	145	0.0916373250104671	0.1544005073651531	0.3793103448275862	362	0	12	0
compound	1	sci=negate,other=ignore	10.0	mf	2	0.0495243033297216	0.5746350201522614	5920	145	0.0703903090899585	0.1491930357436923	0.3724137931034483	362	0	12	0
compound	1	sci=negate,other=ignore	10.0	mf	3	0.0493361352756999	0.571226750261233	5920	145	0.0700593487772782	0.1379970417601466	0.3241379310344827	362	0	12	0
compound	1	sci=negate,other=ignore	10.0	graph	1	0.2971535083505769	0.8701298701298701	5920	145	0.4375853524740866	0.4677647209657491	0.7172413793103448	362	0	12	0
compound	1	sci=negate,other=ignore	10.0	graph	2	0.2971535083505769	0.8701298701298701	5920	145	0.4375853524740866	0.4677647209657491	0.7172413793103448	362	0	12	0
compound	1	sci=negate,other=ignore	10.0	graph	3	0.2971535083505769	0.8701298701298701	5920	145	0.4375853524740866	0.4677647209657491	0.7172413793103448	362	0	12	0
compound	1	sci=negate,other=ignore	10.0	hybrid	1	0.2971661671018619	0.8701298701298701	5920	145	0.4375853524740866	0.4677647209657491	0.7172413793103448	362	0	12	0
compound	1	sci=negate,other=ignore	10.0	hybrid	2	0.2971662750106179	0.8701370353784148	5920	145	0.4375853524740866	0.4677647209657491	0.7172413793103448	362	0	12	0
compound	1	sci=negate,other=ignore	10.0	hybrid	3	0.2971183103529399	0.870126287505598	5920	145	0.43741868580742	0.4677647209657491	0.7172413793103448	362	0	12	0
compound	1	sci=negate,other=negate	10.0	degree	0	0.0824215978862411	0.7548392297357815	5920	145	0.0377311460469355	0.2118478262558626	0.4758620689655172	1744	0	62	0
compound	1	sci=negate,other=negate	10.0	mf	1	0.0299921661457348	0.3926998059411852	5920	145	0.1104805312614622	0.0829205875308918	0.193103448275862	1744	0	62	0
compound	1	sci=negate,other=negate	10.0	mf	2	0.0371268481842638	0.3942928795342588	5920	145	0.0684180639063772	0.0949644789379742	0.1793103448275862	1744	0	62	0
compound	1	sci=negate,other=negate	10.0	mf	3	0.0302678958326915	0.3860815047021944	5920	145	0.0690241684608138	0.0719180295562626	0.1724137931034483	1744	0	62	0
compound	1	sci=negate,other=negate	10.0	graph	1	0.1423185932607882	0.8240441856993581	5920	145	0.2939618381008128	0.357220902643632	0.6413793103448275	1744	0	62	0
compound	1	sci=negate,other=negate	10.0	graph	2	0.1423185932607882	0.8240441856993581	5920	145	0.2939618381008128	0.357220902643632	0.6413793103448275	1744	0	62	0
compound	1	sci=negate,other=negate	10.0	graph	3	0.1423185932607882	0.8240441856993581	5920	145	0.2939618381008128	0.357220902643632	0.6413793103448275	1744	0	62	0
compound	1	sci=negate,other=negate	10.0	hybrid	1	0.1422452243840387	0.8204269293924467	5920	145	0.2795339171520918	0.3716015993312602	0.6275862068965518	1744	0	62	0
compound	1	sci=negate,other=negate	10.0	hybrid	2	0.1466801899099619	0.8184397671294222	5920	145	0.2934399726423176	0.3828961647750866	0.6137931034482759	1744	0	62	0
compound	1	sci=negate,other=negate	10.0	hybrid	3	0.1345176687455749	0.8219889535751606	5920	145	0.2737668449025545	0.3607482556068824	0.6344827586206897	1744	0	62	0
compound	1	sci=negate,other=mask	10.0	degree	0	0.0824215978862411	0.7548392297357815	5920	145	0.0377311460469355	0.2118478262558626	0.4758620689655172	362	1382	12	50
compound	1	sci=negate,other=mask	10.0	mf	1	0.0518758628464497	0.5851834602179429	5920	145	0.0972449440956745	0.1532726334700057	0.3655172413793103	362	1382	12	50
compound	1	sci=negate,other=mask	10.0	mf	2	0.0491577933214635	0.5737316017316016	5920	145	0.0685067659617076	0.1475439863316208	0.3655172413793103	362	1382	12	50
compound	1	sci=negate,other=mask	10.0	mf	3	0.0491911260332075	0.5690753843857292	5920	145	0.0697809064895567	0.1369636232045695	0.3172413793103448	362	1382	12	50
compound	1	sci=negate,other=mask	10.0	graph	1	0.2888814143996299	0.8706087475742649	5920	145	0.4407032483334395	0.4747888845080963	0.7172413793103448	362	1382	12	50
compound	1	sci=negate,other=mask	10.0	graph	2	0.2888814143996299	0.8706087475742649	5920	145	0.4407032483334395	0.4747888845080963	0.7172413793103448	362	1382	12	50
compound	1	sci=negate,other=mask	10.0	graph	3	0.2888814143996299	0.8706087475742649	5920	145	0.4407032483334395	0.4747888845080963	0.7172413793103448	362	1382	12	50
compound	1	sci=negate,other=mask	10.0	hybrid	1	0.2888480422107168	0.8706171070309	5920	145	0.4413699150001062	0.4747888845080963	0.7172413793103448	362	1382	12	50
compound	1	sci=negate,other=mask	10.0	hybrid	2	0.2888469804522153	0.8706218838632631	5920	145	0.441374304815734	0.4747888845080963	0.7172413793103448	362	1382	12	50
compound	1	sci=negate,other=mask	10.0	hybrid	3	0.2888564263062288	0.8706027765338111	5920	145	0.4407032483334395	0.4747888845080963	0.7172413793103448	362	1382	12	50
compound	1	sci=mask,other=ignore	10.0	degree	0	0.0824215978862411	0.7548392297357815	5920	145	0.0377311460469355	0.2118478262558626	0.4758620689655172	0	362	0	12
compound	1	sci=mask,other=ignore	10.0	mf	1	0.0935777555861907	0.7261442006269593	5920	145	0.0955069474987105	0.2249342021581038	0.4689655172413793	0	362	0	12
compound	1	sci=mask,other=ignore	10.0	mf	2	0.077151002105757	0.7068947604120017	5920	145	0.0924086148174596	0.2074149516802997	0.3517241379310344	0	362	0	12
compound	1	sci=mask,other=ignore	10.0	mf	3	0.0701888543796126	0.711646514405135	5920	145	0.0761719039381276	0.1843111562785791	0.4068965517241379	0	362	0	12
compound	1	sci=mask,other=ignore	10.0	graph	1	0.3151668006524211	0.8794291685326169	5920	145	0.4444503437654849	0.5053173812283983	0.7724137931034483	0	362	0	12
compound	1	sci=mask,other=ignore	10.0	graph	2	0.3151668006524211	0.8794291685326169	5920	145	0.4444503437654849	0.5053173812283983	0.7724137931034483	0	362	0	12
compound	1	sci=mask,other=ignore	10.0	graph	3	0.3151668006524211	0.8794291685326169	5920	145	0.4444503437654849	0.5053173812283983	0.7724137931034483	0	362	0	12
compound	1	sci=mask,other=ignore	10.0	hybrid	1	0.3152072453968196	0.879443499029706	5920	145	0.4444503437654849	0.5053173812283983	0.7724137931034483	0	362	0	12
compound	1	sci=mask,other=ignore	10.0	hybrid	2	0.3152113396283777	0.8794458874458874	5920	145	0.4444503437654849	0.5053173812283983	0.7724137931034483	0	362	0	12
compound	1	sci=mask,other=ignore	10.0	hybrid	3	0.3151660777419829	0.8794315569487983	5920	145	0.4444503437654849	0.5053173812283983	0.7724137931034483	0	362	0	12
compound	1	sci=mask,other=negate	10.0	degree	0	0.0824215978862411	0.7548392297357815	5920	145	0.0377311460469355	0.2118478262558626	0.4758620689655172	1382	362	50	12
compound	1	sci=mask,other=negate	10.0	mf	1	0.0313662712655659	0.4128693834900731	5920	145	0.0961102827346403	0.1089039375319231	0.2482758620689655	1382	362	50	12
compound	1	sci=mask,other=negate	10.0	mf	2	0.0395799743684309	0.4146756232273474	5920	145	0.0676547236233589	0.1113587670284766	0.2413793103448276	1382	362	50	12
compound	1	sci=mask,other=negate	10.0	mf	3	0.0305658952041834	0.4010192566054635	5920	145	0.0685896686874909	0.0798731420877575	0.2068965517241379	1382	362	50	12
compound	1	sci=mask,other=negate	10.0	graph	1	0.2254835576944308	0.8587717569786537	5920	145	0.3749069462031544	0.3913058084966896	0.6827586206896552	1382	362	50	12
compound	1	sci=mask,other=negate	10.0	graph	2	0.2254835576944308	0.8587717569786537	5920	145	0.3749069462031544	0.3913058084966896	0.6827586206896552	1382	362	50	12
compound	1	sci=mask,other=negate	10.0	graph	3	0.2254835576944308	0.8587717569786537	5920	145	0.3749069462031544	0.3913058084966896	0.6827586206896552	1382	362	50	12
compound	1	sci=mask,other=negate	10.0	hybrid	1	0.2252827132553218	0.8587633975220182	5920	145	0.3749069462031544	0.3913058084966896	0.6827586206896552	1382	362	50	12
compound	1	sci=mask,other=negate	10.0	hybrid	2	0.2254569631198055	0.8587777280191075	5920	145	0.3749069462031544	0.3913058084966896	0.6827586206896552	1382	362	50	12
compound	1	sci=mask,other=negate	10.0	hybrid	3	0.2252663247510823	0.858759814897746	5920	145	0.3749069462031544	0.3913058084966896	0.6827586206896552	1382	362	50	12
compound	1	sci=mask,other=mask	10.0	degree	0	0.0824215978862411	0.7548392297357815	5920	145	0.0377311460469355	0.2118478262558626	0.4758620689655172	0	1744	0	62
compound	1	sci=mask,other=mask	10.0	mf	1	0.0922793164491394	0.7256509926854755	5920	145	0.0926349528488397	0.2243952670882406	0.4620689655172413	0	1744	0	62
compound	1	sci=mask,other=mask	10.0	mf	2	0.0764501021026835	0.7068004179728318	5920	145	0.0905084556427859	0.2069278383001309	0.3586206896551724	0	1744	0	62
compound	1	sci=mask,other=mask	10.0	mf	3	0.0698653798800669	0.7103925959098374	5920	145	0.0752918838808396	0.1840362063845519	0.4	0	1744	0	62
compound	1	sci=mask,other=mask	10.0	graph	1	0.309265558650072	0.8801516644275263	5920	145	0.4376102051025971	0.5102997118487355	0.7517241379310344	0	1744	0	62
compound	1	sci=mask,other=mask	10.0	graph	2	0.309265558650072	0.8801516644275263	5920	145	0.4376102051025971	0.5102997118487355	0.7517241379310344	0	1744	0	62
compound	1	sci=mask,other=mask	10.0	graph	3	0.309265558650072	0.8801516644275263	5920	145	0.4376102051025971	0.5102997118487355	0.7517241379310344	0	1744	0	62
compound	1	sci=mask,other=mask	10.0	hybrid	1	0.3092794377961348	0.8801659949246157	5920	145	0.4376102051025971	0.5102997118487355	0.7517241379310344	0	1744	0	62
compound	1	sci=mask,other=mask	10.0	hybrid	2	0.309268299660842	0.8801600238841618	5920	145	0.4376102051025971	0.5102997118487355	0.7517241379310344	0	1744	0	62
compound	1	sci=mask,other=mask	10.0	hybrid	3	0.3092660282116195	0.8801528586356172	5920	145	0.4376102051025971	0.5102997118487355	0.7517241379310344	0	1744	0	62
compound	1	typed_scoped	10.0	degree	0	0.0824215978862411	0.7548392297357815	5920	145	0.0377311460469355	0.2118478262558626	0.4758620689655172	192	1552	6	56
compound	1	typed_scoped	10.0	mf	1	0.0659717708428447	0.6488562472010748	5920	145	0.0850303399962907	0.1956990301604729	0.4206896551724138	192	1552	6	56
compound	1	typed_scoped	10.0	mf	2	0.0598420522463201	0.6331076280041797	5920	145	0.0691724639070804	0.1841819861703927	0.3793103448275862	192	1552	6	56
compound	1	typed_scoped	10.0	mf	3	0.0570833917630389	0.6335321689804448	5920	145	0.0769825933230353	0.1636394863197313	0.3586206896551724	192	1552	6	56
compound	1	typed_scoped	10.0	graph	1	0.3191582499789307	0.875967159277504	5920	145	0.4293149977772377	0.4954481950686643	0.7655172413793103	192	1552	6	56
compound	1	typed_scoped	10.0	graph	2	0.3191582499789307	0.875967159277504	5920	145	0.4293149977772377	0.4954481950686643	0.7655172413793103	192	1552	6	56
compound	1	typed_scoped	10.0	graph	3	0.3191582499789307	0.875967159277504	5920	145	0.4293149977772377	0.4954481950686643	0.7655172413793103	192	1552	6	56
compound	1	typed_scoped	10.0	hybrid	1	0.3191581150454543	0.8759731303179579	5920	145	0.4293149977772377	0.4954481950686643	0.7655172413793103	192	1552	6	56
compound	1	typed_scoped	10.0	hybrid	2	0.3191600152022428	0.8759707419017764	5920	145	0.4293149977772377	0.4954481950686643	0.7655172413793103	192	1552	6	56
compound	1	typed_scoped	10.0	hybrid	3	0.3191076844248626	0.8759599940289597	5920	145	0.4293149977772377	0.4954481950686643	0.7655172413793103	192	1552	6	56
compound	2	sci=ignore,other=ignore	10.0	degree	0	0.0712464594887396	0.7170188416917518	5913	159	0.0356972400075848	0.179799095268536	0.389937106918239	0	0	0	0
compound	2	sci=ignore,other=ignore	10.0	disease_degree	0	0.0712464594887396	0.7170188416917518	5913	159	0.0356972400075848	0.179799095268536	0.389937106918239	0	0	0	0
compound	2	sci=ignore,other=ignore	10.0	mf	1	0.0662900072610919	0.6771133234085995	5913	159	0.0985061224613175	0.1635906445906136	0.3584905660377358	0	0	0	0
compound	2	sci=ignore,other=ignore	10.0	mf	2	0.0670249021627341	0.6829151391539492	5913	159	0.0818892433614112	0.1617514823534237	0.4088050314465409	0	0	0	0
compound	2	sci=ignore,other=ignore	10.0	mf	3	0.0627870409133847	0.6754032742877254	5913	159	0.0659330884959858	0.1451936787215931	0.3962264150943396	0	0	0	0
compound	2	sci=ignore,other=ignore	10.0	graph	1	0.2908950333336467	0.86155870786087	5913	159	0.3859703194056985	0.5066776398682346	0.6792452830188679	0	0	0	0
compound	2	sci=ignore,other=ignore	10.0	graph	2	0.2908950333336467	0.86155870786087	5913	159	0.3859703194056985	0.5066776398682346	0.6792452830188679	0	0	0	0
compound	2	sci=ignore,other=ignore	10.0	graph	3	0.2908950333336467	0.86155870786087	5913	159	0.3859703194056985	0.5066776398682346	0.6792452830188679	0	0	0	0
compound	2	sci=ignore,other=ignore	10.0	hybrid	1	0.290814095963312	0.8615488705696668	5913	159	0.3859703194056985	0.5066776398682346	0.6792452830188679	0	0	0	0
compound	2	sci=ignore,other=ignore	10.0	hybrid	2	0.2908424974292689	0.8615521496667344	5913	159	0.3859703194056985	0.5066776398682346	0.6792452830188679	0	0	0	0
compound	2	sci=ignore,other=ignore	10.0	hybrid	3	0.2908640562849235	0.8615565217961582	5913	159	0.3859703194056985	0.5066776398682346	0.6792452830188679	0	0	0	0
compound	2	sci=ignore,other=negate	10.0	degree	0	0.0712464594887396	0.7170188416917518	5913	159	0.0356972400075848	0.179799095268536	0.389937106918239	1387	0	52	0
compound	2	sci=ignore,other=negate	10.0	mf	1	0.0274797007202104	0.3367184545396913	5913	159	0.0557249983314555	0.0812804592394213	0.1572327044025157	1387	0	52	0
compound	2	sci=ignore,other=negate	10.0	mf	2	0.0273343540230932	0.3400276099973111	5913	159	0.0651574421801853	0.0790698702858733	0.1823899371069182	1387	0	52	0
compound	2	sci=ignore,other=negate	10.0	mf	3	0.027319521389204	0.3352537911827266	5913	159	0.0530559658605078	0.0732074264553103	0.1572327044025157	1387	0	52	0
compound	2	sci=ignore,other=negate	10.0	graph	1	0.1844885709722795	0.8190703541206227	5913	159	0.3057607471663603	0.3972554812697126	0.6666666666666666	1387	0	52	0
compound	2	sci=ignore,other=negate	10.0	graph	2	0.1844885709722795	0.8190703541206227	5913	159	0.3057607471663603	0.3972554812697126	0.6666666666666666	1387	0	52	0
compound	2	sci=ignore,other=negate	10.0	graph	3	0.1844885709722795	0.8190703541206227	5913	159	0.3057607471663603	0.3972554812697126	0.6666666666666666	1387	0	52	0
compound	2	sci=ignore,other=negate	10.0	hybrid	1	0.1840196324729994	0.8183697203804627	5913	159	0.3053037101937448	0.397063094249273	0.6666666666666666	1387	0	52	0
compound	2	sci=ignore,other=negate	10.0	hybrid	2	0.1844852776018208	0.8190583307647074	5913	159	0.3057607471663603	0.3972554812697126	0.6666666666666666	1387	0	52	0
compound	2	sci=ignore,other=negate	10.0	hybrid	3	0.1845288338877788	0.8191479594178946	5913	159	0.3058062217808006	0.3972554812697126	0.6666666666666666	1387	0	52	0
compound	2	sci=ignore,other=mask	10.0	degree	0	0.0712464594887396	0.7170188416917518	5913	159	0.0356972400075848	0.179799095268536	0.389937106918239	0	1387	0	52
compound	2	sci=ignore,other=mask	10.0	mf	1	0.0669134316236449	0.67772760759264	5913	159	0.0997327791348839	0.164748971611748	0.3584905660377358	0	1387	0	52
compound	2	sci=ignore,other=mask	10.0	mf	2	0.06688141268074	0.6831501411104771	5913	159	0.0821706865475928	0.1617405016090812	0.4213836477987421	0	1387	0	52
compound	2	sci=ignore,other=mask	10.0	mf	3	0.0632504720723042	0.675684730119381	5913	159	0.0646167320574475	0.1455527918422307	0.4025157232704403	0	1387	0	52
compound	2	sci=ignore,other=mask	10.0	graph	1	0.2891786437566365	0.8650804581117211	5913	159	0.3968074894977408	0.5035911287060928	0.6918238993710691	0	1387	0	52
compound	2	sci=ignore,other=mask	10.0	graph	2	0.2891786437566365	0.8650804581117211	5913	159	0.3968074894977408	0.5035911287060928	0.6918238993710691	0	1387	0	52
compound	2	sci=ignore,other=mask	10.0	graph	3	0.2891786437566365	0.8650804581117211	5913	159	0.3968074894977408	0.5035911287060928	0.6918238993710691	0	1387	0	52
compound	2	sci=ignore,other=mask	10.0	hybrid	1	0.2891466306562784	0.8650717138528734	5913	159	0.3968074894977408	0.5035911287060928	0.6918238993710691	0	1387	0	52
compound	2	sci=ignore,other=mask	10.0	hybrid	2	0.2892255502441022	0.8650859232735008	5913	159	0.3968074894977408	0.5035434824320315	0.6918238993710691	0	1387	0	52
compound	2	sci=ignore,other=mask	10.0	hybrid	3	0.2891524147965938	0.8650695277881615	5913	159	0.3968074894977408	0.5035434824320315	0.6918238993710691	0	1387	0	52
compound	2	sci=negate,other=ignore	10.0	degree	0	0.0712464594887396	0.7170188416917518	5913	159	0.0356972400075848	0.179799095268536	0.389937106918239	373	0	27	0
compound	2	sci=negate,other=ignore	10.0	mf	1	0.0467456073059946	0.4818911864429011	5913	159	0.0924474564774125	0.12100886797357	0.2830188679245283	373	0	27	0
compound	2	sci=negate,other=ignore	10.0	mf	2	0.0463582218998942	0.4858118935036715	5913	159	0.0740266418170871	0.1209732623155703	0.3081761006289308	373	0	27	0
compound	2	sci=negate,other=ignore	10.0	mf	3	0.0442689990557075	0.4798286343872352	5913	159	0.0593384738477356	0.1069766831158003	0.2955974842767295	373	0	27	0
compound	2	sci=negate,other=ignore	10.0	graph	1	0.167873965832777	0.8014933008046904	5913	159	0.2845369584905028	0.4284180428837331	0.6226415094339622	373	0	27	0
compound	2	sci=negate,other=ignore	10.0	graph	2	0.167873965832777	0.8014933008046904	5913	159	0.2845369584905028	0.4284180428837331	0.6226415094339622	373	0	27	0
compound	2	sci=negate,other=ignore	10.0	graph	3	0.167873965832777	0.8014933008046904	5913	159	0.2845369584905028	0.4284180428837331	0.6226415094339622	373	0	27	0
compound	2	sci=negate,other=ignore	10.0	hybrid	1	0.169797585202724	0.7896218763867848	5913	159	0.2872406960229807	0.4100234507766742	0.6415094339622641	373	0	27	0
compound	2	sci=negate,other=ignore	10.0	hybrid	2	0.1690317205841584	0.799379376228295	5913	159	0.2945495838951867	0.4283217879972513	0.6289308176100629	373	0	27	0
compound	2	sci=negate,other=ignore	10.0	hybrid	3	0.1728150372355775	0.7932824417468405	5913	159	0.2897630355021538	0.4232448828057972	0.660377358490566	373	0	27	0
compound	2	sci=negate,other=negate	10.0	degree	0	0.0712464594887396	0.7170188416917518	5913	159	0.0356972400075848	0.179799095268536	0.389937106918239	1760	0	79	0
compound	2	sci=negate,other=negate	10.0	mf	1	0.0275408237915107	0.3119547134834285	5913	159	0.0574445859968946	0.0732913635857498	0.1257861635220125	1760	0	79	0
compound	2	sci=negate,other=negate	10.0	mf	2	0.027107922660369	0.3150518206639953	5913	159	0.0642240216926069	0.0719416215105439	0.1572327044025157	1760	0	79	0
compound	2	sci=negate,other=negate	10.0	mf	3	0.0266930943400789	0.310545248260439	5913	159	0.0535640147374663	0.065435944917197	0.1383647798742138	1760	0	79	0
compound	2	sci=negate,other=negate	10.0	graph	1	0.1301711249748724	0.7950280144192827	5913	159	0.2378816175372463	0.385344770613066	0.6226415094339622	1760	0	79	0
compound	2	sci=negate,other=negate	10.0	graph	2	0.1301711249748724	0.7950280144192827	5913	159	0.2378816175372463	0.385344770613066	0.6226415094339622	1760	0	79	0
compound	2	sci=negate,other=negate	10.0	graph	3	0.1301711249748724	0.7950280144192827	5913	159	0.2378816175372463	0.385344770613066	0.6226415094339622	1760	0	79	0
compound	2	sci=negate,other=negate	10.0	hybrid	1	0.1305476695234953	0.7957275551270869	5913	159	0.237794857801503	0.3865499170834832	0.6226415094339622	1760	0	79	0
compound	2	sci=negate,other=negate	10.0	hybrid	2	0.1302060474369631	0.7957395784830024	5913	159	0.2383078152080321	0.3822806202794568	0.6289308176100629	1760	0	79	0
compound	2	sci=negate,other=negate	10.0	hybrid	3	0.1296698413016753	0.7946301506417195	5913	159	0.2377239620826108	0.3860744539798896	0.6163522012578616	1760	0	79	0
compound	2	sci=negate,other=mask	10.0	degree	0	0.0712464594887396	0.7170188416917518	5913	159	0.0356972400075848	0.179799095268536	0.389937106918239	373	1387	27	52
compound	2	sci=negate,other=mask	10.0	mf	1	0.0466470466297337	0.4806828391734052	5913	159	0.092279618883667	0.1205377864797595	0.2830188679245283	373	1387	27	52
compound	2	sci=negate,other=mask	10.0	mf	2	0.0459707191490953	0.484692081855007	5913	159	0.0713197407429855	0.1197659645309973	0.3081761006289308	373	1387	27	52
compound	2	sci=negate,other=mask	10.0	mf	3	0.0443379006875378	0.4800986133791532	5913	159	0.059197589978612	0.1069243816863154	0.3018867924528302	373	1387	27	52
compound	2	sci=negate,other=mask	10.0	graph	1	0.1720935331865425	0.794072704140188	5913	159	0.2865966774384221	0.414337416896871	0.6666666666666666	373	1387	27	52
compound	2	sci=negate,other=mask	10.0	graph	2	0.1720935331865425	0.794072704140188	5913	159	0.2865966774384221	0.414337416896871	0.6666666666666666	373	1387	27	52
compound	2	sci=negate,other=mask	10.0	graph	3	0.1720935331865425	0.794072704140188	5913	159	0.2865966774384221	0.414337416896871	0.6666666666666666	373	1387	27	52
compound	2	sci=negate,other=mask	10.0	hybrid	1	0.1918960335901991	0.7959964410866489	5913	159	0.2808579344073224	0.3991255692525832	0.6289308176100629	373	1387	27	52
compound	2	sci=negate,other=mask	10.0	hybrid	2	0.1666951289942917	0.7854432136900117	5913	159	0.2630232577952285	0.4116168748756522	0.6477987421383647	373	1387	27	52
compound	2	sci=negate,other=mask	10.0	hybrid	3	0.1646319664492202	0.7921544323555066	5913	159	0.2799314753516248	0.4118005504510057	0.6415094339622641	373	1387	27	52
compound	2	sci=mask,other=ignore	10.0	degree	0	0.0712464594887396	0.7170188416917518	5913	159	0.0356972400075848	0.179799095268536	0.389937106918239	0	373	0	27
compound	2	sci=mask,other=ignore	10.0	mf	1	0.0663417062950616	0.6775603736421806	5913	159	0.0991203756534454	0.1637643099890909	0.3584905660377358	0	373	0	27
compound	2	sci=mask,other=ignore	10.0	mf	2	0.0671286557632266	0.6822243427049928	5913	159	0.0825507188580641	0.1617111567476793	0.4088050314465409	0	373	0	27
compound	2	sci=mask,other=ignore	10.0	mf	3	0.0626186314933031	0.674672582157777	5913	159	0.0677391104374259	0.1449967625945817	0.3962264150943396	0	373	0	27
compound	2	sci=mask,other=ignore	10.0	graph	1	0.295738010614515	0.8637480516698255	5913	159	0.3890975272058505	0.5144528341036652	0.6918238993710691	0	373	0	27
compound	2	sci=mask,other=ignore	10.0	graph	2	0.295738010614515	0.8637480516698255	5913	159	0.3890975272058505	0.5144528341036652	0.6918238993710691	0	373	0	27
compound	2	sci=mask,other=ignore	10.0	graph	3	0.295738010614515	0.8637480516698255	5913	159	0.3890975272058505	0.5144528341036652	0.6918238993710691	0	373	0	27
compound	2	sci=mask,other=ignore	10.0	hybrid	1	0.295738464001566	0.8637447725727576	5913	159	0.3890975272058505	0.5144528341036652	0.6918238993710691	0	373	0	27
compound	2	sci=mask,other=ignore	10.0	hybrid	2	0.2957300278368742	0.8637447725727577	5913	159	0.3890975272058505	0.5144528341036652	0.6918238993710691	0	373	0	27
compound	2	sci=mask,other=ignore	10.0	hybrid	3	0.2957279789458873	0.8637414934756898	5913	159	0.3890975272058505	0.5144528341036652	0.6918238993710691	0	373	0	27
compound	2	sci=mask,other=negate	10.0	degree	0	0.0712464594887396	0.7170188416917518	5913	159	0.0356972400075848	0.179799095268536	0.389937106918239	1387	373	52	27
compound	2	sci=mask,other=negate	10.0	mf	1	0.0274834001010461	0.3368348624855993	5913	159	0.0557623024186301	0.0804817444804044	0.1572327044025157	1387	373	52	27
compound	2	sci=mask,other=negate	10.0	mf	2	0.0273351853170975	0.3401232503284562	5913	159	0.0672866622747145	0.079357434509706	0.1823899371069182	1387	373	52	27
compound	2	sci=mask,other=negate	10.0	mf	3	0.0272355772632229	0.335205697759065	5913	159	0.0530300072777812	0.0732857770042271	0.1509433962264151	1387	373	52	27
compound	2	sci=mask,other=negate	10.0	graph	1	0.186577909839066	0.8213930478770033	5913	159	0.3075804949101107	0.3975076807012657	0.660377358490566	1387	373	52	27
compound	2	sci=mask,other=negate	10.0	graph	2	0.186577909839066	0.8213930478770033	5913	159	0.3075804949101107	0.3975076807012657	0.660377358490566	1387	373	52	27
compound	2	sci=mask,other=negate	10.0	graph	3	0.186577909839066	0.8213930478770033	5913	159	0.3075804949101107	0.3975076807012657	0.660377358490566	1387	373	52	27
compound	2	sci=mask,other=negate	10.0	hybrid	1	0.1865734715500785	0.8213996060711388	5913	159	0.3075804949101107	0.3975076807012657	0.660377358490566	1387	373	52	27
compound	2	sci=mask,other=negate	10.0	hybrid	2	0.1865896516706	0.8213985130387831	5913	159	0.3075855333026619	0.3975076807012657	0.660377358490566	1387	373	52	27
compound	2	sci=mask,other=negate	10.0	hybrid	3	0.186617595897983	0.821399606071139	5913	159	0.3075804949101107	0.3973579352685014	0.660377358490566	1387	373	52	27
compound	2	sci=mask,other=mask	10.0	degree	0	0.0712464594887396	0.7170188416917518	5913	159	0.0356972400075848	0.179799095268536	0.389937106918239	0	1760	0	79
compound	2	sci=mask,other=mask	10.0	mf	1	0.0672086525650652	0.6778358177958783	5913	159	0.1007421737563275	0.1647993938498159	0.3584905660377358	0	1760	0	79
compound	2	sci=mask,other=mask	10.0	mf	2	0.067651459125978	0.6832966074461736	5913	159	0.0824608875263662	0.1656423672090394	0.4025157232704403	0	1760	0	79
compound	2	sci=mask,other=mask	10.0	mf	3	0.0631072164995283	0.6755000076512265	5913	159	0.0654637654949229	0.1455247966641504	0.4025157232704403	0	1760	0	79
compound	2	sci=mask,other=mask	10.0	graph	1	0.2929217751363812	0.8677857131926819	5913	159	0.39847181652454	0.5093172619538456	0.6981132075471698	0	1760	0	79
compound	2	sci=mask,other=mask	10.0	graph	2	0.2929217751363812	0.8677857131926819	5913	159	0.39847181652454	0.5093172619538456	0.6981132075471698	0	1760	0	79
compound	2	sci=mask,other=mask	10.0	graph	3	0.2929217751363812	0.8677857131926819	5913	159	0.39847181652454	0.5093172619538456	0.6981132075471698	0	1760	0	79
compound	2	sci=mask,other=mask	10.0	hybrid	1	0.2929465327082392	0.8677889922897497	5913	159	0.39847181652454	0.5093172619538456	0.6981132075471698	0	1760	0	79
compound	2	sci=mask,other=mask	10.0	hybrid	2	0.2929956060584422	0.8677944574515295	5913	159	0.39847181652454	0.5093172619538456	0.6981132075471698	0	1760	0	79
compound	2	sci=mask,other=mask	10.0	hybrid	3	0.2929358611334288	0.86778352712797	5913	159	0.39847181652454	0.5093172619538456	0.6981132075471698	0	1760	0	79
compound	2	typed_scoped	10.0	degree	0	0.0712464594887396	0.7170188416917518	5913	159	0.0356972400075848	0.179799095268536	0.389937106918239	203	1557	16	63
compound	2	typed_scoped	10.0	mf	1	0.0482395667948058	0.500097826395857	5913	159	0.0924990529589406	0.1283119843935417	0.2893081761006289	203	1557	16	63
compound	2	typed_scoped	10.0	mf	2	0.0477721246254406	0.506571310523934	5913	159	0.074642985491356	0.1284764299545853	0.2955974842767295	203	1557	16	63
compound	2	typed_scoped	10.0	mf	3	0.0448419113764652	0.5007033663210498	5913	159	0.0579701464035397	0.1103412165269341	0.3018867924528302	203	1557	16	63
compound	2	typed_scoped	10.0	graph	1	0.2430693913210098	0.8516569277483751	5913	159	0.3337120457147821	0.4647440559308051	0.660377358490566	203	1557	16	63
compound	2	typed_scoped	10.0	graph	2	0.2430693913210098	0.8516569277483751	5913	159	0.3337120457147821	0.4647440559308051	0.660377358490566	203	1557	16	63
compound	2	typed_scoped	10.0	graph	3	0.2430693913210098	0.8516569277483751	5913	159	0.3337120457147821	0.4647440559308051	0.660377358490566	203	1557	16	63
compound	2	typed_scoped	10.0	hybrid	1	0.2430956227110685	0.8516591138130871	5913	159	0.3337120457147821	0.4648938013635694	0.660377358490566	203	1557	16	63
compound	2	typed_scoped	10.0	hybrid	2	0.2430881817942162	0.8516580207807312	5913	159	0.3337120457147821	0.4648874613351661	0.660377358490566	203	1557	16	63
compound	2	typed_scoped	10.0	hybrid	3	0.243087181711248	0.8516569277483752	5913	159	0.3337120457147821	0.4647440559308051	0.660377358490566	203	1557	16	63
compound	3	sci=ignore,other=ignore	10.0	degree	0	0.0946812955066168	0.7564209068881966	5918	140	0.0350378568799621	0.236962595796604	0.4642857142857143	0	0	0	0
compound	3	sci=ignore,other=ignore	10.0	disease_degree	0	0.0946812955066168	0.7564209068881966	5918	140	0.0350378568799621	0.236962595796604	0.4642857142857143	0	0	0	0
compound	3	sci=ignore,other=ignore	10.0	mf	1	0.0721616908417315	0.7008072491717352	5918	140	0.0870014851293916	0.1803239570933342	0.3928571428571428	0	0	0	0
compound	3	sci=ignore,other=ignore	10.0	mf	2	0.084109303024929	0.7083345695495228	5918	140	0.0888306308067088	0.1847359921703754	0.4285714285714285	0	0	0	0
compound	3	sci=ignore,other=ignore	10.0	mf	3	0.070260462571497	0.6976994016713643	5918	140	0.0638305529517865	0.1759721192440367	0.4071428571428571	0	0	0	0
compound	3	sci=ignore,other=ignore	10.0	graph	1	0.2544439315484572	0.8241025070464322	5918	140	0.2575765353531529	0.4377624767532348	0.6571428571428571	0	0	0	0
compound	3	sci=ignore,other=ignore	10.0	graph	2	0.2544439315484572	0.8241025070464322	5918	140	0.2575765353531529	0.4377624767532348	0.6571428571428571	0	0	0	0
compound	3	sci=ignore,other=ignore	10.0	graph	3	0.2544439315484572	0.8241025070464322	5918	140	0.2575765353531529	0.4377624767532348	0.6571428571428571	0	0	0	0
compound	3	sci=ignore,other=ignore	10.0	hybrid	1	0.2544582594430153	0.8241111605597587	5918	140	0.2575765353531529	0.4377624767532348	0.6571428571428571	0	0	0	0
compound	3	sci=ignore,other=ignore	10.0	hybrid	2	0.2544278290244612	0.8241086881273796	5918	140	0.2575765353531529	0.4377624767532348	0.6571428571428571	0	0	0	0
compound	3	sci=ignore,other=ignore	10.0	hybrid	3	0.2544431779224333	0.8240975621816743	5918	140	0.2575765353531529	0.4377922386579967	0.6571428571428571	0	0	0	0
compound	3	sci=ignore,other=negate	10.0	degree	0	0.0946812955066168	0.7564209068881966	5918	140	0.0350378568799621	0.236962595796604	0.4642857142857143	1392	0	47	0
compound	3	sci=ignore,other=negate	10.0	mf	1	0.0315831935568431	0.416559733966276	5918	140	0.0607329171783857	0.0891755131381339	0.1642857142857142	1392	0	47	0
compound	3	sci=ignore,other=negate	10.0	mf	2	0.0355200605999427	0.4228533105869554	5918	140	0.053958661669263	0.0992661393620937	0.2357142857142857	1392	0	47	0
compound	3	sci=ignore,other=negate	10.0	mf	3	0.0301034188321572	0.418739183108342	5918	140	0.0491462008102707	0.0917961381983213	0.1857142857142857	1392	0	47	0
compound	3	sci=ignore,other=negate	10.0	graph	1	0.123716607901635	0.8005513524205112	5918	140	0.2195760131450958	0.3584230347534171	0.5928571428571429	1392	0	47	0
compound	3	sci=ignore,other=negate	10.0	graph	2	0.123716607901635	0.8005513524205112	5918	140	0.2195760131450958	0.3584230347534171	0.5928571428571429	1392	0	47	0
compound	3	sci=ignore,other=negate	10.0	graph	3	0.123716607901635	0.8005513524205112	5918	140	0.2195760131450958	0.3584230347534171	0.5928571428571429	1392	0	47	0
compound	3	sci=ignore,other=negate	10.0	hybrid	1	0.1237859114816338	0.8005550610690797	5918	140	0.2195393831084657	0.3584230347534171	0.5928571428571429	1392	0	47	0
compound	3	sci=ignore,other=negate	10.0	hybrid	2	0.1237750819526831	0.8005525886367008	5918	140	0.2195760131450958	0.3585505857738252	0.5928571428571429	1392	0	47	0
compound	3	sci=ignore,other=negate	10.0	hybrid	3	0.1237644802128581	0.8005464075557533	5918	140	0.2194665392856219	0.3584230347534171	0.5928571428571429	1392	0	47	0
compound	3	sci=ignore,other=mask	10.0	degree	0	0.0946812955066168	0.7564209068881966	5918	140	0.0350378568799621	0.236962595796604	0.4642857142857143	0	1392	0	47
compound	3	sci=ignore,other=mask	10.0	mf	1	0.0722104743858638	0.7016027542896701	5918	140	0.085084209543563	0.1802423946535156	0.3928571428571428	0	1392	0	47
compound	3	sci=ignore,other=mask	10.0	mf	2	0.0837001316524449	0.7090849527765415	5918	140	0.0882040070821115	0.1849289960385908	0.4285714285714285	0	1392	0	47
compound	3	sci=ignore,other=mask	10.0	mf	3	0.069574299127346	0.6980393611234732	5918	140	0.0637026746409653	0.1749608038978203	0.4214285714285714	0	1392	0	47
compound	3	sci=ignore,other=mask	10.0	graph	1	0.2638622156794066	0.829648172872472	5918	140	0.2682712439655977	0.4408382080370723	0.6714285714285714	0	1392	0	47
compound	3	sci=ignore,other=mask	10.0	graph	2	0.2638622156794066	0.829648172872472	5918	140	0.2682712439655977	0.4408382080370723	0.6714285714285714	0	1392	0	47
compound	3	sci=ignore,other=mask	10.0	graph	3	0.2638622156794066	0.829648172872472	5918	140	0.2682712439655977	0.4408382080370723	0.6714285714285714	0	1392	0	47
compound	3	sci=ignore,other=mask	10.0	hybrid	1	0.2638640249439404	0.8296518815210404	5918	140	0.2682865064808603	0.4408382080370723	0.6714285714285714	0	1392	0	47
compound	3	sci=ignore,other=mask	10.0	hybrid	2	0.2638665725746972	0.8296531177372298	5918	140	0.2682865064808603	0.4408382080370723	0.6714285714285714	0	1392	0	47
compound	3	sci=ignore,other=mask	10.0	hybrid	3	0.2638652515163922	0.8296457004400929	5918	140	0.2682865064808603	0.4408382080370723	0.6714285714285714	0	1392	0	47
compound	3	sci=negate,other=ignore	10.0	degree	0	0.0946812955066168	0.7564209068881966	5918	140	0.0350378568799621	0.236962595796604	0.4642857142857143	383	0	21	0
compound	3	sci=negate,other=ignore	10.0	mf	1	0.0515549947715938	0.5324463482173762	5918	140	0.0628079521171383	0.1432962458964402	0.2928571428571428	383	0	21	0
compound	3	sci=negate,other=ignore	10.0	mf	2	0.0581966226522238	0.5362798546209762	5918	140	0.0558375981174703	0.1457076447224143	0.3428571428571428	383	0	21	0
compound	3	sci=negate,other=ignore	10.0	mf	3	0.048424139871495	0.5331231765811205	5918	140	0.0485370746931419	0.1287756185245229	0.2928571428571428	383	0	21	0
compound	3	sci=negate,other=ignore	10.0	graph	1	0.1551176313173064	0.8059486723038124	5918	140	0.2162147600417977	0.3598255046060822	0.6285714285714286	383	0	21	0
compound	3	sci=negate,other=ignore	10.0	graph	2	0.1551176313173064	0.8059486723038124	5918	140	0.2162147600417977	0.3598255046060822	0.6285714285714286	383	0	21	0
compound	3	sci=negate,other=ignore	10.0	graph	3	0.1551176313173064	0.8059486723038124	5918	140	0.2162147600417977	0.3598255046060822	0.6285714285714286	383	0	21	0
compound	3	sci=negate,other=ignore	10.0	hybrid	1	0.1551201285847677	0.8059548533847599	5918	140	0.2162147600417977	0.3598255046060822	0.6285714285714286	383	0	21	0
compound	3	sci=negate,other=ignore	10.0	hybrid	2	0.1551265875636072	0.8059610344657074	5918	140	0.2161873657836342	0.3598255046060822	0.6285714285714286	383	0	21	0
compound	3	sci=negate,other=ignore	10.0	hybrid	3	0.155114420393499	0.8059523809523811	5918	140	0.2162147600417977	0.3598255046060822	0.6285714285714286	383	0	21	0
compound	3	sci=negate,other=negate	10.0	degree	0	0.0946812955066168	0.7564209068881966	5918	140	0.0350378568799621	0.236962595796604	0.4642857142857143	1775	0	68	0
compound	3	sci=negate,other=negate	10.0	mf	1	0.0287001698897006	0.3736104930030163	5918	140	0.0625895095888992	0.0747302733503974	0.1214285714285714	1775	0	68	0
compound	3	sci=negate,other=negate	10.0	mf	2	0.0379398774005869	0.3772727834643722	5918	140	0.0558243835735489	0.0776560163111616	0.1714285714285714	1775	0	68	0
compound	3	sci=negate,other=negate	10.0	mf	3	0.0268069856523002	0.3763944518617416	5918	140	0.048396863007206	0.0684705639001681	0.1214285714285714	1775	0	68	0
compound	3	sci=negate,other=negate	10.0	graph	1	0.0890807765482765	0.7376291845918014	5918	140	0.1711814048613128	0.2852562121143963	0.5928571428571429	1775	0	68	0
compound	3	sci=negate,other=negate	10.0	graph	2	0.0890807765482765	0.7376291845918014	5918	140	0.1711814048613128	0.2852562121143963	0.5928571428571429	1775	0	68	0
compound	3	sci=negate,other=negate	10.0	graph	3	0.0890807765482765	0.7376291845918014	5918	140	0.1711814048613128	0.2852562121143963	0.5928571428571429	1775	0	68	0
compound	3	sci=negate,other=negate	10.0	hybrid	1	0.0897376385762945	0.7477451416703753	5918	140	0.1614741454136261	0.2628410021899405	0.5428571428571428	1775	0	68	0
compound	3	sci=negate,other=negate	10.0	hybrid	2	0.0892581569147576	0.7548991247589378	5918	140	0.1758221119880414	0.2798397433184887	0.5714285714285714	1775	0	68	0
compound	3	sci=negate,other=negate	10.0	hybrid	3	0.0859979300141604	0.729067151263413	5918	140	0.1760584005765873	0.285757739711396	0.5714285714285714	1775	0	68	0
compound	3	sci=negate,other=mask	10.0	degree	0	0.0946812955066168	0.7564209068881966	5918	140	0.0350378568799621	0.236962595796604	0.4642857142857143	383	1392	21	47
compound	3	sci=negate,other=mask	10.0	mf	1	0.0516994492395396	0.5316687682341887	5918	140	0.0628622242265298	0.1432030525114854	0.2928571428571428	383	1392	21	47
compound	3	sci=negate,other=mask	10.0	mf	2	0.0584410773175058	0.537253992978292	5918	140	0.0559566930883144	0.1458563160800098	0.3428571428571428	383	1392	21	47
compound	3	sci=negate,other=mask	10.0	mf	3	0.0480637150362599	0.53240122632646	5918	140	0.0532467349223757	0.1271932717128588	0.2928571428571428	383	1392	21	47
compound	3	sci=negate,other=mask	10.0	graph	1	0.1602991065588617	0.8085447263017356	5918	140	0.219020502976573	0.3774404564318911	0.6214285714285714	383	1392	21	47
compound	3	sci=negate,other=mask	10.0	graph	2	0.1602991065588617	0.8085447263017356	5918	140	0.219020502976573	0.3774404564318911	0.6214285714285714	383	1392	21	47
compound	3	sci=negate,other=mask	10.0	graph	3	0.1602991065588617	0.8085447263017356	5918	140	0.219020502976573	0.3774404564318911	0.6214285714285714	383	1392	21	47
compound	3	sci=negate,other=mask	10.0	hybrid	1	0.1603209744723928	0.8085521435988726	5918	140	0.2189976092036792	0.3774404564318911	0.6214285714285714	383	1392	21	47
compound	3	sci=negate,other=mask	10.0	hybrid	2	0.1603189034395156	0.8085496711664937	5918	140	0.219020502976573	0.3774404564318911	0.6214285714285714	383	1392	21	47
compound	3	sci=negate,other=mask	10.0	hybrid	3	0.1603096128437348	0.8085459625179251	5918	140	0.219020502976573	0.3774404564318911	0.6214285714285714	383	1392	21	47
compound	3	sci=mask,other=ignore	10.0	degree	0	0.0946812955066168	0.7564209068881966	5918	140	0.0350378568799621	0.236962595796604	0.4642857142857143	0	383	0	21
compound	3	sci=mask,other=ignore	10.0	mf	1	0.0723076248740498	0.7010136972753795	5918	140	0.0872172101787015	0.1803290382522669	0.3928571428571428	0	383	0	21
compound	3	sci=mask,other=ignore	10.0	mf	2	0.0837743489412494	0.7081417198239628	5918	140	0.0885095829871769	0.1847377158261443	0.4285714285714285	0	383	0	21
compound	3	sci=mask,other=ignore	10.0	mf	3	0.0702724532086539	0.6970231914157148	5918	140	0.058779347982253	0.1759791032232163	0.4071428571428571	0	383	0	21
compound	3	sci=mask,other=ignore	10.0	graph	1	0.2579109973502123	0.825294219453098	5918	140	0.258550534905479	0.4454152291010878	0.6642857142857143	0	383	0	21
compound	3	sci=mask,other=ignore	10.0	graph	2	0.2579109973502123	0.825294219453098	5918	140	0.258550534905479	0.4454152291010878	0.6642857142857143	0	383	0	21
compound	3	sci=mask,other=ignore	10.0	graph	3	0.2579109973502123	0.825294219453098	5918	140	0.258550534905479	0.4454152291010878	0.6642857142857143	0	383	0	21
compound	3	sci=mask,other=ignore	10.0	hybrid	1	0.2578733530298976	0.8252818572912032	5918	140	0.258550534905479	0.4454152291010878	0.6642857142857143	0	383	0	21
compound	3	sci=mask,other=ignore	10.0	hybrid	2	0.2578745711507683	0.8252868021559611	5918	140	0.258550534905479	0.4454152291010878	0.6642857142857143	0	383	0	21
compound	3	sci=mask,other=ignore	10.0	hybrid	3	0.2578679414205461	0.825263314048361	5918	140	0.2583757097306539	0.4454152291010878	0.6642857142857143	0	383	0	21
compound	3	sci=mask,other=negate	10.0	degree	0	0.0946812955066168	0.7564209068881966	5918	140	0.0350378568799621	0.236962595796604	0.4642857142857143	1392	383	47	21
compound	3	sci=mask,other=negate	10.0	mf	1	0.0316992018267169	0.4163013647826732	5918	140	0.06078022028883	0.0894069590398212	0.1642857142857142	1392	383	47	21
compound	3	sci=mask,other=negate	10.0	mf	2	0.0355652602876597	0.422743287346091	5918	140	0.0539390757668	0.0992809369872553	0.2357142857142857	1392	383	47	21
compound	3	sci=mask,other=negate	10.0	mf	3	0.0304314449659035	0.4184264204124017	5918	140	0.04925477660197	0.0929786455978394	0.1857142857142857	1392	383	47	21
compound	3	sci=mask,other=negate	10.0	graph	1	0.12695059667773	0.8008369183602827	5918	140	0.22717461035623	0.3577597809532618	0.5928571428571429	1392	383	47	21
compound	3	sci=mask,other=negate	10.0	graph	2	0.12695059667773	0.8008369183602827	5918	140	0.22717461035623	0.3577597809532618	0.5928571428571429	1392	383	47	21
compound	3	sci=mask,other=negate	10.0	graph	3	0.12695059667773	0.8008369183602827	5918	140	0.22717461035623	0.3577597809532618	0.5928571428571429	1392	383	47	21
compound	3	sci=mask,other=negate	10.0	hybrid	1	0.1269607510923003	0.8008381545764723	5918	140	0.22717461035623	0.3577597809532618	0.5928571428571429	1392	383	47	21
compound	3	sci=mask,other=negate	10.0	hybrid	2	0.1269551547346367	0.8008332097117141	5918	140	0.22717461035623	0.3577597809532618	0.5928571428571429	1392	383	47	21
compound	3	sci=mask,other=negate	10.0	hybrid	3	0.1269288309698479	0.8008183751174406	5918	140	0.2271017665333861	0.3577597809532618	0.5928571428571429	1392	383	47	21
compound	3	sci=mask,other=mask	10.0	degree	0	0.0946812955066168	0.7564209068881966	5918	140	0.0350378568799621	0.236962595796604	0.4642857142857143	0	1775	0	68
compound	3	sci=mask,other=mask	10.0	mf	1	0.0724978926781496	0.7022845275181724	5918	140	0.084552442178742	0.1807172443172201	0.4214285714285714	0	1775	0	68
compound	3	sci=mask,other=mask	10.0	mf	2	0.083677439177991	0.7092722395292489	5918	140	0.0877958018820995	0.185191524396229	0.4285714285714285	0	1775	0	68
compound	3	sci=mask,other=mask	10.0	mf	3	0.0696279831309773	0.6978322949117342	5918	140	0.0602423319320772	0.1749538996092346	0.4214285714285714	0	1775	0	68
compound	3	sci=mask,other=mask	10.0	graph	1	0.2642794105790551	0.8324247144340603	5918	140	0.2629415502169097	0.4375024315572333	0.6785714285714286	0	1775	0	68
compound	3	sci=mask,other=mask	10.0	graph	2	0.2642794105790551	0.8324247144340603	5918	140	0.2629415502169097	0.4375024315572333	0.6785714285714286	0	1775	0	68
compound	3	sci=mask,other=mask	10.0	graph	3	0.2642794105790551	0.8324247144340603	5918	140	0.2629415502169097	0.4375024315572333	0.6785714285714286	0	1775	0	68
compound	3	sci=mask,other=mask	10.0	hybrid	1	0.264293778119163	0.8324247144340603	5918	140	0.2629415502169097	0.4375024315572333	0.6785714285714286	0	1775	0	68
compound	3	sci=mask,other=mask	10.0	hybrid	2	0.2644120816831687	0.8324271868664394	5918	140	0.2629415502169097	0.4375087977400701	0.6785714285714286	0	1775	0	68
compound	3	sci=mask,other=mask	10.0	hybrid	3	0.264283944780135	0.8324210057854918	5918	140	0.2629221643608303	0.4375024315572333	0.6785714285714286	0	1775	0	68
compound	3	typed_scoped	10.0	degree	0	0.0946812955066168	0.7564209068881966	5918	140	0.0350378568799621	0.236962595796604	0.4642857142857143	209	1566	15	53
compound	3	typed_scoped	10.0	mf	1	0.0619122060813681	0.601492112940711	5918	140	0.0705474142878861	0.1630876033983033	0.3214285714285714	209	1566	15	53
compound	3	typed_scoped	10.0	mf	2	0.0775646000279475	0.6082084754981951	5918	140	0.0904284219242386	0.1667270739591882	0.3785714285714285	209	1566	15	53
compound	3	typed_scoped	10.0	mf	3	0.052094211618168	0.5976338822133215	5918	140	0.0571375551675195	0.1309972204207823	0.3285714285714285	209	1566	15	53
compound	3	typed_scoped	10.0	graph	1	0.1959004164804589	0.8207165109034268	5918	140	0.2340921428772355	0.3944614525129609	0.6428571428571429	209	1566	15	53
compound	3	typed_scoped	10.0	graph	2	0.1959004164804589	0.8207165109034268	5918	140	0.2340921428772355	0.3944614525129609	0.6428571428571429	209	1566	15	53
compound	3	typed_scoped	10.0	graph	3	0.1959004164804589	0.8207165109034268	5918	140	0.2340921428772355	0.3944614525129609	0.6428571428571429	209	1566	15	53
compound	3	typed_scoped	10.0	hybrid	1	0.1959046820686856	0.8207239282005638	5918	140	0.2340921428772355	0.3944426555204797	0.6428571428571429	209	1566	15	53
compound	3	typed_scoped	10.0	hybrid	2	0.1959151027148003	0.8207362903624584	5918	140	0.2341537799581033	0.3944614525129609	0.6428571428571429	209	1566	15	53
compound	3	typed_scoped	10.0	hybrid	3	0.1958797896988127	0.8207090936062897	5918	140	0.2340921428772355	0.3944426555204797	0.6428571428571429	209	1566	15	53
compound	4	sci=ignore,other=ignore	10.0	degree	0	0.0790084556156472	0.7508573419315505	5924	143	0.0364415495065649	0.2060727827233822	0.4475524475524475	0	0	0	0
compound	4	sci=ignore,other=ignore	10.0	disease_degree	0	0.0790084556156472	0.7508573419315505	5924	143	0.0364415495065649	0.2060727827233822	0.4475524475524475	0	0	0	0
compound	4	sci=ignore,other=ignore	10.0	mf	1	0.0794313010141303	0.7417226433832558	5924	143	0.1133489260522905	0.2028173877782659	0.4125874125874126	0	0	0	0
compound	4	sci=ignore,other=ignore	10.0	mf	2	0.0911084216086161	0.7482850137235192	5924	143	0.0667244594149707	0.2123743513321247	0.4055944055944055	0	0	0	0
compound	4	sci=ignore,other=ignore	10.0	mf	3	0.0758134795047511	0.7479057873453306	5924	143	0.068193005164029	0.1826743653144959	0.4825174825174825	0	0	0	0
compound	4	sci=ignore,other=ignore	10.0	graph	1	0.274560672678891	0.8519045389828992	5924	143	0.4119915978287384	0.5084635068399769	0.7202797202797203	0	0	0	0
compound	4	sci=ignore,other=ignore	10.0	graph	2	0.274560672678891	0.8519045389828992	5924	143	0.4119915978287384	0.5084635068399769	0.7202797202797203	0	0	0	0
compound	4	sci=ignore,other=ignore	10.0	graph	3	0.274560672678891	0.8519045389828992	5924	143	0.4119915978287384	0.5084635068399769	0.7202797202797203	0	0	0	0
compound	4	sci=ignore,other=ignore	10.0	hybrid	1	0.2741974476220042	0.8519045389828991	5924	143	0.4119915978287384	0.5084682254681774	0.7202797202797203	0	0	0	0
compound	4	sci=ignore,other=ignore	10.0	hybrid	2	0.2745638784674636	0.8519057486364181	5924	143	0.4119915978287384	0.5084635068399769	0.7202797202797203	0	0	0	0
compound	4	sci=ignore,other=ignore	10.0	hybrid	3	0.2742038013853878	0.8519033293293802	5924	143	0.4119915978287384	0.5084635068399769	0.7202797202797203	0	0	0	0
compound	4	sci=ignore,other=negate	10.0	degree	0	0.0790084556156472	0.7508573419315505	5924	143	0.0364415495065649	0.2060727827233822	0.4475524475524475	1376	0	53	0
compound	4	sci=ignore,other=negate	10.0	mf	1	0.0246490705860461	0.3511394331321679	5924	143	0.0522039444448456	0.0846467375643155	0.1888111888111888	1376	0	53	0
compound	4	sci=ignore,other=negate	10.0	mf	2	0.0278140726693918	0.3556828917493163	5924	143	0.0622952129779486	0.093164666771044	0.2027972027972027	1376	0	53	0
compound	4	sci=ignore,other=negate	10.0	mf	3	0.0267271784503556	0.3482652963711604	5924	143	0.0471128102514941	0.0846324386480846	0.2447552447552447	1376	0	53	0
compound	4	sci=ignore,other=negate	10.0	graph	1	0.1995685749205398	0.8240558956698033	5924	143	0.3349515196898825	0.3875005294832005	0.6573426573426573	1376	0	53	0
compound	4	sci=ignore,other=negate	10.0	graph	2	0.1995685749205398	0.8240558956698033	5924	143	0.3349515196898825	0.3875005294832005	0.6573426573426573	1376	0	53	0
compound	4	sci=ignore,other=negate	10.0	graph	3	0.1995685749205398	0.8240558956698033	5924	143	0.3349515196898825	0.3875005294832005	0.6573426573426573	1376	0	53	0
compound	4	sci=ignore,other=negate	10.0	hybrid	1	0.1995493276252165	0.8240522667092465	5924	143	0.3349515196898825	0.3875005294832005	0.6573426573426573	1376	0	53	0
compound	4	sci=ignore,other=negate	10.0	hybrid	2	0.1995757383762774	0.8240571053233222	5924	143	0.3350049179555067	0.3875005294832005	0.6573426573426573	1376	0	53	0
compound	4	sci=ignore,other=negate	10.0	hybrid	3	0.1995603367059729	0.8240534763627655	5924	143	0.3349515196898825	0.3875005294832005	0.6573426573426573	1376	0	53	0
compound	4	sci=ignore,other=mask	10.0	degree	0	0.0790084556156472	0.7508573419315505	5924	143	0.0364415495065649	0.2060727827233822	0.4475524475524475	0	1376	0	53
compound	4	sci=ignore,other=mask	10.0	mf	1	0.0789028673163594	0.7425464174296557	5924	143	0.1235765459248471	0.2029197842168385	0.4125874125874126	0	1376	0	53
compound	4	sci=ignore,other=mask	10.0	mf	2	0.0908803898105876	0.7480660664365906	5924	143	0.0662768873678079	0.2127183319204219	0.4125874125874126	0	1376	0	53
compound	4	sci=ignore,other=mask	10.0	mf	3	0.0756392463673271	0.7486521435665182	5924	143	0.0678106181148249	0.1822618698848348	0.4685314685314685	0	1376	0	53
compound	4	sci=ignore,other=mask	10.0	graph	1	0.26005967781577	0.8539331279341658	5924	143	0.4037863714197255	0.4954199873838784	0.7272727272727273	0	1376	0	53
compound	4	sci=ignore,other=mask	10.0	graph	2	0.26005967781577	0.8539331279341658	5924	143	0.4037863714197255	0.4954199873838784	0.7272727272727273	0	1376	0	53
compound	4	sci=ignore,other=mask	10.0	graph	3	0.26005967781577	0.8539331279341658	5924	143	0.4037863714197255	0.4954199873838784	0.7272727272727273	0	1376	0	53
compound	4	sci=ignore,other=mask	10.0	hybrid	1	0.2600847415463161	0.8539440148158364	5924	143	0.4037786820694756	0.4954083323722233	0.7272727272727273	0	1376	0	53
compound	4	sci=ignore,other=mask	10.0	hybrid	2	0.2600629916126376	0.8539403858552793	5924	143	0.4037863714197255	0.4954199873838784	0.7272727272727273	0	1376	0	53
compound	4	sci=ignore,other=mask	10.0	hybrid	3	0.2600664347606162	0.8539379665482416	5924	143	0.4037786820694756	0.4954083323722233	0.7272727272727273	0	1376	0	53
compound	4	sci=negate,other=ignore	10.0	degree	0	0.0790084556156472	0.7508573419315505	5924	143	0.0364415495065649	0.2060727827233822	0.4475524475524475	379	0	27	0
compound	4	sci=negate,other=ignore	10.0	mf	1	0.046947292614736	0.540968545379547	5924	143	0.1098282217682853	0.1291815268559056	0.3076923076923077	379	0	27	0
compound	4	sci=negate,other=ignore	10.0	mf	2	0.0513804567627543	0.5430310046293441	5924	143	0.0563007748556058	0.1317111892854602	0.2937062937062937	379	0	27	0
compound	4	sci=negate,other=ignore	10.0	mf	3	0.0500391318223781	0.5454043448335093	5924	143	0.0517918402635496	0.1207883615511373	0.3916083916083916	379	0	27	0
compound	4	sci=negate,other=ignore	10.0	graph	1	0.1670443585457383	0.8311577714795151	5924	143	0.2981428241322048	0.3804521794684866	0.6433566433566433	379	0	27	0
compound	4	sci=negate,other=ignore	10.0	graph	2	0.1670443585457383	0.8311577714795151	5924	143	0.2981428241322048	0.3804521794684866	0.6433566433566433	379	0	27	0
compound	4	sci=negate,other=ignore	10.0	graph	3	0.1670443585457383	0.8311577714795151	5924	143	0.2981428241322048	0.3804521794684866	0.6433566433566433	379	0	27	0
compound	4	sci=negate,other=ignore	10.0	hybrid	1	0.1673021803555951	0.8323891987617986	5924	143	0.2999520081202719	0.3820550422309339	0.6433566433566433	379	0	27	0
compound	4	sci=negate,other=ignore	10.0	hybrid	2	0.1671686740510449	0.8318629994810586	5924	143	0.2989962110370919	0.3794064931322362	0.6433566433566433	379	0	27	0
compound	4	sci=negate,other=ignore	10.0	hybrid	3	0.1667335557972053	0.8314722813944403	5924	143	0.2980323658442692	0.3803698486504269	0.6433566433566433	379	0	27	0
compound	4	sci=negate,other=negate	10.0	degree	0	0.0790084556156472	0.7508573419315505	5924	143	0.0364415495065649	0.2060727827233822	0.4475524475524475	1755	0	80	0
compound	4	sci=negate,other=negate	10.0	mf	1	0.023957982253462	0.3150294611114538	5924	143	0.0465788078326843	0.0743062784566635	0.1398601398601398	1755	0	80	0
compound	4	sci=negate,other=negate	10.0	mf	2	0.0278479992814378	0.3185035860178569	5924	143	0.0610215702656774	0.0784253653455385	0.1398601398601398	1755	0	80	0
compound	4	sci=negate,other=negate	10.0	mf	3	0.0302559350600057	0.3141808891679156	5924	143	0.0484608010142083	0.0987432614137866	0.1678321678321678	1755	0	80	0
compound	4	sci=negate,other=negate	10.0	graph	1	0.1296608387753289	0.8087259566242442	5924	143	0.2515830102923365	0.3061860621824807	0.6083916083916084	1755	0	80	0
compound	4	sci=negate,other=negate	10.0	graph	2	0.1296608387753289	0.8087259566242442	5924	143	0.2515830102923365	0.3061860621824807	0.6083916083916084	1755	0	80	0
compound	4	sci=negate,other=negate	10.0	graph	3	0.1296608387753289	0.8087259566242442	5924	143	0.2515830102923365	0.3061860621824807	0.6083916083916084	1755	0	80	0
compound	4	sci=negate,other=negate	10.0	hybrid	1	0.1308424142043725	0.8090791754517753	5924	143	0.2523757103636726	0.3107091913490547	0.6083916083916084	1755	0	80	0
compound	4	sci=negate,other=negate	10.0	hybrid	2	0.1371184256992333	0.7571366533483814	5924	143	0.2963904663305906	0.3469461254902001	0.5874125874125874	1755	0	80	0
compound	4	sci=negate,other=negate	10.0	hybrid	3	0.1309097407978056	0.8090936912940027	5924	143	0.2515512993140382	0.3107301665369483	0.6153846153846154	1755	0	80	0
compound	4	sci=negate,other=mask	10.0	degree	0	0.0790084556156472	0.7508573419315505	5924	143	0.0364415495065649	0.2060727827233822	0.4475524475524475	379	1376	27	53
compound	4	sci=negate,other=mask	10.0	mf	1	0.0467273757090195	0.5392097091630045	5924	143	0.098447811831322	0.1283458602718714	0.3076923076923077	379	1376	27	53
compound	4	sci=negate,other=mask	10.0	mf	2	0.0514254578088034	0.5418068352681742	5924	143	0.0561139490665459	0.1319517990256873	0.3076923076923077	379	1376	27	53
compound	4	sci=negate,other=mask	10.0	mf	3	0.0499242292403157	0.5449349992681596	5924	143	0.0508790411343263	0.1202324776477806	0.3916083916083916	379	1376	27	53
compound	4	sci=negate,other=mask	10.0	graph	1	0.1636072638180226	0.8332105535011607	5924	143	0.2849877136579722	0.3834004914209645	0.6433566433566433	379	1376	27	53
compound	4	sci=negate,other=mask	10.0	graph	2	0.1636072638180226	0.8332105535011607	5924	143	0.2849877136579722	0.3834004914209645	0.6433566433566433	379	1376	27	53
compound	4	sci=negate,other=mask	10.0	graph	3	0.1636072638180226	0.8332105535011607	5924	143	0.2849877136579722	0.3834004914209645	0.6433566433566433	379	1376	27	53
compound	4	sci=negate,other=mask	10.0	hybrid	1	0.1648284339966906	0.8351677728948097	5924	143	0.2938767936358892	0.3846880889024631	0.6503496503496503	379	1376	27	53
compound	4	sci=negate,other=mask	10.0	hybrid	2	0.1621770886858975	0.833983522099765	5924	143	0.2827043184042273	0.3846824534851146	0.6433566433566433	379	1376	27	53
compound	4	sci=negate,other=mask	10.0	hybrid	3	0.1630219692118127	0.8333920015290021	5924	143	0.2836766830111691	0.3859834156895687	0.6433566433566433	379	1376	27	53
compound	4	sci=mask,other=ignore	10.0	degree	0	0.0790084556156472	0.7508573419315505	5924	143	0.0364415495065649	0.2060727827233822	0.4475524475524475	0	379	0	27
compound	4	sci=mask,other=ignore	10.0	mf	1	0.0792072537577222	0.7421036842417226	5924	143	0.1298782918593582	0.2028387170528516	0.4125874125874126	0	379	0	27
compound	4	sci=mask,other=ignore	10.0	mf	2	0.091262243399374	0.747907601825609	5924	143	0.0663766534365174	0.2124666405117636	0.4055944055944055	0	379	0	27
compound	4	sci=mask,other=ignore	10.0	mf	3	0.0758401625442674	0.7489146383801287	5924	143	0.0674753213812096	0.1827411506825201	0.4825174825174825	0	379	0	27
compound	4	sci=mask,other=ignore	10.0	graph	1	0.2762070532391001	0.8518827652195582	5924	143	0.4141915770953677	0.5130679954182362	0.7202797202797203	0	379	0	27
compound	4	sci=mask,other=ignore	10.0	graph	2	0.2762070532391001	0.8518827652195582	5924	143	0.4141915770953677	0.5130679954182362	0.7202797202797203	0	379	0	27
compound	4	sci=mask,other=ignore	10.0	graph	3	0.2762070532391001	0.8518827652195582	5924	143	0.4141915770953677	0.5130679954182362	0.7202797202797203	0	379	0	27
compound	4	sci=mask,other=ignore	10.0	hybrid	1	0.2762004939858879	0.8518839748730771	5924	143	0.4141915770953677	0.5130679954182362	0.7202797202797203	0	379	0	27
compound	4	sci=mask,other=ignore	10.0	hybrid	2	0.2762067834196369	0.8518839748730772	5924	143	0.4142173599265804	0.5130150180925316	0.7202797202797203	0	379	0	27
compound	4	sci=mask,other=ignore	10.0	hybrid	3	0.2762081329440797	0.851886394180115	5924	143	0.4141915770953677	0.5130755147805943	0.7202797202797203	0	379	0	27
compound	4	sci=mask,other=negate	10.0	degree	0	0.0790084556156472	0.7508573419315505	5924	143	0.0364415495065649	0.2060727827233822	0.4475524475524475	1376	379	53	27
compound	4	sci=mask,other=negate	10.0	mf	1	0.0247430980121972	0.3508678659171653	5924	143	0.0521014097900052	0.0851776951213452	0.1818181818181818	1376	379	53	27
compound	4	sci=mask,other=negate	10.0	mf	2	0.0277601545810558	0.3555425719411189	5924	143	0.062646558403648	0.0935437801031024	0.2027972027972027	1376	379	53	27
compound	4	sci=mask,other=negate	10.0	mf	3	0.0265920619586587	0.3480886869573947	5924	143	0.047004279222025	0.0847135372474816	0.2377622377622377	1376	379	53	27
compound	4	sci=mask,other=negate	10.0	graph	1	0.2018538184691787	0.824207102359671	5924	143	0.3381681280834126	0.3854195537650891	0.6643356643356644	1376	379	53	27
compound	4	sci=mask,other=negate	10.0	graph	2	0.2018538184691787	0.824207102359671	5924	143	0.3381681280834126	0.3854195537650891	0.6643356643356644	1376	379	53	27
compound	4	sci=mask,other=negate	10.0	graph	3	0.2018538184691787	0.824207102359671	5924	143	0.3381681280834126	0.3854195537650891	0.6643356643356644	1376	379	53	27
compound	4	sci=mask,other=negate	10.0	hybrid	1	0.2018549012059734	0.8242095216667089	5924	143	0.3382614987650186	0.3854195537650891	0.6643356643356644	1376	379	53	27
compound	4	sci=mask,other=negate	10.0	hybrid	2	0.2018790953929632	0.824211940973747	5924	143	0.3382902422885718	0.3854195537650891	0.6643356643356644	1376	379	53	27
compound	4	sci=mask,other=negate	10.0	hybrid	3	0.2018577828193236	0.8242143602807848	5924	143	0.3382614987650186	0.3854195537650891	0.6643356643356644	1376	379	53	27
compound	4	sci=mask,other=mask	10.0	degree	0	0.0790084556156472	0.7508573419315505	5924	143	0.0364415495065649	0.2060727827233822	0.4475524475524475	0	1755	0	80
compound	4	sci=mask,other=mask	10.0	mf	1	0.0790998056641852	0.7431173738905965	5924	143	0.1287631707200859	0.2030136367425261	0.4125874125874126	0	1755	0	80
compound	4	sci=mask,other=mask	10.0	mf	2	0.0910644327644014	0.7480606229957554	5924	143	0.0656085220404639	0.2127076487510513	0.4125874125874126	0	1755	0	80
compound	4	sci=mask,other=mask	10.0	mf	3	0.0758602499985948	0.7492267289880159	5924	143	0.0686917548442587	0.1822695614997427	0.4685314685314685	0	1755	0	80
compound	4	sci=mask,other=mask	10.0	graph	1	0.2629138921793442	0.8536041021770134	5924	143	0.4050820440328759	0.5077025004747331	0.7202797202797203	0	1755	0	80
compound	4	sci=mask,other=mask	10.0	graph	2	0.2629138921793442	0.8536041021770134	5924	143	0.4050820440328759	0.5077025004747331	0.7202797202797203	0	1755	0	80
compound	4	sci=mask,other=mask	10.0	graph	3	0.2629138921793442	0.8536041021770134	5924	143	0.4050820440328759	0.5077025004747331	0.7202797202797203	0	1755	0	80
compound	4	sci=mask,other=mask	10.0	hybrid	1	0.2629031172705568	0.853610150444608	5924	143	0.4050820440328759	0.5077025004747331	0.7202797202797203	0	1755	0	80
compound	4	sci=mask,other=mask	10.0	hybrid	2	0.2628984905412709	0.8536137794051649	5924	143	0.4050820440328759	0.5077025004747331	0.7202797202797203	0	1755	0	80
compound	4	sci=mask,other=mask	10.0	hybrid	3	0.2628741229020111	0.8536065214840514	5924	143	0.4050891586348851	0.5077025004747331	0.7202797202797203	0	1755	0	80
compound	4	typed_scoped	10.0	degree	0	0.0790084556156472	0.7508573419315505	5924	143	0.0364415495065649	0.2060727827233822	0.4475524475524475	199	1556	10	70
compound	4	typed_scoped	10.0	mf	1	0.0584398332897787	0.5836009691743994	5924	143	0.1074806201442224	0.1618594136250797	0.3566433566433566	199	1556	10	70
compound	4	typed_scoped	10.0	mf	2	0.066239919194315	0.5833511757227378	5924	143	0.0578598371638012	0.1687159073890951	0.3496503496503496	199	1556	10	70
compound	4	typed_scoped	10.0	mf	3	0.0764165849087554	0.5891938022192303	5924	143	0.0535409241919038	0.1844735797539834	0.4055944055944055	199	1556	10	70
compound	4	typed_scoped	10.0	graph	1	0.2280129117999372	0.8496618413587795	5924	143	0.3754979473478549	0.4732858685431097	0.6783216783216783	199	1556	10	70
compound	4	typed_scoped	10.0	graph	2	0.2280129117999372	0.8496618413587795	5924	143	0.3754979473478549	0.4732858685431097	0.6783216783216783	199	1556	10	70
compound	4	typed_scoped	10.0	graph	3	0.2280129117999372	0.8496618413587795	5924	143	0.3754979473478549	0.4732858685431097	0.6783216783216783	199	1556	10	70
compound	4	typed_scoped	10.0	hybrid	1	0.2280154954860586	0.8496606317052606	5924	143	0.3754979473478549	0.4732858685431097	0.6783216783216783	199	1556	10	70
compound	4	typed_scoped	10.0	hybrid	2	0.2280230474453294	0.849676357201007	5924	143	0.3754979473478549	0.4732858685431097	0.6783216783216783	199	1556	10	70
compound	4	typed_scoped	10.0	hybrid	3	0.2280170718673349	0.8496654703193365	5924	143	0.3754979473478549	0.4732858685431097	0.6783216783216783	199	1556	10	70
compound	42	typed_role	10.0	degree	0	0.0744760804932301	0.7278685832415619	5913	162	0.0358357591809866	0.1854607652847216	0.4320987654320987	202	1578	21	67
compound	42	typed_role	10.0	mf	1	0.0481820367323558	0.5112776951297788	5913	162	0.051332535970322	0.1289986067369669	0.3703703703703703	202	1578	21	67
compound	42	typed_role	10.0	mf	2	0.0477378913341433	0.5120349440032973	5913	162	0.0680196075405213	0.12723984684131	0.3518518518518518	202	1578	21	67
compound	42	typed_role	10.0	mf	3	0.0593357112260713	0.5070551337287557	5913	162	0.071307530855698	0.1650259595239044	0.3333333333333333	202	1578	21	67
compound	42	typed_role	10.0	graph	1	0.205024762965321	0.8279816070635059	5913	162	0.2988463012563582	0.4097211087353422	0.6358024691358025	202	1578	21	67
compound	42	typed_role	10.0	graph	2	0.205024762965321	0.8279816070635059	5913	162	0.2988463012563582	0.4097211087353422	0.6358024691358025	202	1578	21	67
compound	42	typed_role	10.0	graph	3	0.205024762965321	0.8279816070635059	5913	162	0.2988463012563582	0.4097211087353422	0.6358024691358025	202	1578	21	67
compound	42	typed_role	10.0	hybrid	1	0.2050418850834196	0.8279805337128701	5913	162	0.2988463012563582	0.409719030338202	0.6358024691358025	202	1578	21	67
compound	42	typed_role	10.0	hybrid	2	0.2050411692785566	0.8279859004660489	5913	162	0.2988320582710285	0.409719030338202	0.6358024691358025	202	1578	21	67
compound	42	typed_role	10.0	hybrid	3	0.2050456974364864	0.8279794603622345	5913	162	0.2988320582710285	0.4097211087353422	0.6358024691358025	202	1578	21	67
compound	42	typed_role_scoped	10.0	degree	0	0.0744760804932301	0.7278685832415619	5913	162	0.0358357591809866	0.1854607652847216	0.4320987654320987	104	1676	13	75
compound	42	typed_role_scoped	10.0	mf	1	0.0617892205664375	0.5833789507353525	5913	162	0.068592436457613	0.1543598388160265	0.4074074074074074	104	1676	13	75
compound	42	typed_role_scoped	10.0	mf	2	0.0644551773390113	0.5820023785450088	5913	162	0.1143718440002845	0.1530523655529937	0.3703703703703703	104	1676	13	75
compound	42	typed_role_scoped	10.0	mf	3	0.0607089166662741	0.5819873516361084	5913	162	0.0845720744447552	0.1514306356433532	0.3765432098765432	104	1676	13	75
compound	42	typed_role_scoped	10.0	graph	1	0.2283558277772301	0.8370889872078071	5913	162	0.3097663572369811	0.4055525476103654	0.6419753086419753	104	1676	13	75
compound	42	typed_role_scoped	10.0	graph	2	0.2283558277772301	0.8370889872078071	5913	162	0.3097663572369811	0.4055525476103654	0.6419753086419753	104	1676	13	75
compound	42	typed_role_scoped	10.0	graph	3	0.2283558277772301	0.8370889872078071	5913	162	0.3097663572369811	0.4055525476103654	0.6419753086419753	104	1676	13	75
compound	42	typed_role_scoped	10.0	hybrid	1	0.2283691277604165	0.8370879138571712	5913	162	0.3097663572369811	0.4055525476103654	0.6419753086419753	104	1676	13	75
compound	42	typed_role_scoped	10.0	hybrid	2	0.2283624068713409	0.8370846938052642	5913	162	0.3097608542653765	0.4055525476103654	0.6419753086419753	104	1676	13	75
compound	42	typed_role_scoped	10.0	hybrid	3	0.2283491686835966	0.8370868405065357	5913	162	0.3097608542653765	0.4055525476103654	0.6419753086419753	104	1676	13	75
compound	1	typed_role	10.0	degree	0	0.0824215978862411	0.7548392297357815	5920	145	0.0377311460469355	0.2118478262558626	0.4758620689655172	186	1558	6	56
compound	1	typed_role	10.0	mf	1	0.0624223612989087	0.6527439916405433	5920	145	0.0876360337366956	0.1701789859432043	0.4344827586206896	186	1558	6	56
compound	1	typed_role	10.0	mf	2	0.0582890473593982	0.6426553216898044	5920	145	0.0766376741418315	0.1615991142531192	0.3793103448275862	186	1558	6	56
compound	1	typed_role	10.0	mf	3	0.0577152125975162	0.6266409911927153	5920	145	0.0723101052489422	0.1566436630134101	0.3586206896551724	186	1558	6	56
compound	1	typed_role	10.0	graph	1	0.3011908982750233	0.8717695178384832	5920	145	0.4579121877643747	0.4823597065267883	0.7517241379310344	186	1558	6	56
compound	1	typed_role	10.0	graph	2	0.3011908982750233	0.8717695178384832	5920	145	0.4579121877643747	0.4823597065267883	0.7517241379310344	186	1558	6	56
compound	1	typed_role	10.0	graph	3	0.3011908982750233	0.8717695178384832	5920	145	0.4579121877643747	0.4823597065267883	0.7517241379310344	186	1558	6	56
compound	1	typed_role	10.0	hybrid	1	0.3011803470108694	0.8717731004627556	5920	145	0.4579121877643747	0.4823597065267883	0.7517241379310344	186	1558	6	56
compound	1	typed_role	10.0	hybrid	2	0.3011780268648566	0.8717623525899387	5920	145	0.4579121877643747	0.4822639210861753	0.7517241379310344	186	1558	6	56
compound	1	typed_role	10.0	hybrid	3	0.301172612434091	0.871765935214211	5920	145	0.4579121877643747	0.4823597065267883	0.7517241379310344	186	1558	6	56
compound	1	typed_role_scoped	10.0	degree	0	0.0824215978862411	0.7548392297357815	5920	145	0.0377311460469355	0.2118478262558626	0.4758620689655172	94	1650	3	59
compound	1	typed_role_scoped	10.0	mf	1	0.0838624569141628	0.7127565308254964	5920	145	0.1002187503908936	0.2066094231012407	0.4482758620689655	94	1650	3	59
compound	1	typed_role_scoped	10.0	mf	2	0.073218752335096	0.6943949843260189	5920	145	0.0830428556617031	0.1878366553590225	0.3517241379310344	94	1650	3	59
compound	1	typed_role_scoped	10.0	mf	3	0.0688707507966723	0.6974294670846395	5920	145	0.077599462878355	0.1707328594293444	0.3793103448275862	94	1650	3	59
compound	1	typed_role_scoped	10.0	graph	1	0.3267121746991978	0.878309001343484	5920	145	0.4487393007876483	0.5014633199431224	0.7586206896551724	94	1650	3	59
compound	1	typed_role_scoped	10.0	graph	2	0.3267121746991978	0.878309001343484	5920	145	0.4487393007876483	0.5014633199431224	0.7586206896551724	94	1650	3	59
compound	1	typed_role_scoped	10.0	graph	3	0.3267121746991978	0.878309001343484	5920	145	0.4487393007876483	0.5014633199431224	0.7586206896551724	94	1650	3	59
compound	1	typed_role_scoped	10.0	hybrid	1	0.3267104765281733	0.8783113897596656	5920	145	0.4487393007876483	0.5014633199431224	0.7586206896551724	94	1650	3	59
compound	1	typed_role_scoped	10.0	hybrid	2	0.3267130986471946	0.8783125839677562	5920	145	0.4487393007876483	0.5014633199431224	0.7586206896551724	94	1650	3	59
compound	1	typed_role_scoped	10.0	hybrid	3	0.3267100870903719	0.8783066129273025	5920	145	0.4487393007876483	0.5014657296397416	0.7586206896551724	94	1650	3	59
compound	2	typed_role	10.0	degree	0	0.0712464594887396	0.7170188416917518	5913	159	0.0356972400075848	0.179799095268536	0.389937106918239	194	1566	16	63
compound	2	typed_role	10.0	mf	1	0.0487856863291527	0.5044016412973857	5913	159	0.0923046699836931	0.1270164411675568	0.270440251572327	194	1566	16	63
compound	2	typed_role	10.0	mf	2	0.0479601277825494	0.5140017444796401	5913	159	0.0740916013256751	0.1261511223250397	0.3270440251572327	194	1566	16	63
compound	2	typed_role	10.0	mf	3	0.0457474419092184	0.5092301117297674	5913	159	0.0585592371688064	0.1108180995614313	0.320754716981132	194	1566	16	63
compound	2	typed_role	10.0	graph	1	0.2245964857642459	0.8441292139129902	5913	159	0.3162774312250627	0.4499960380539309	0.6540880503144654	194	1566	16	63
compound	2	typed_role	10.0	graph	2	0.2245964857642459	0.8441292139129902	5913	159	0.3162774312250627	0.4499960380539309	0.6540880503144654	194	1566	16	63
compound	2	typed_role	10.0	graph	3	0.2245964857642459	0.8441292139129902	5913	159	0.3162774312250627	0.4499960380539309	0.6540880503144654	194	1566	16	63
compound	2	typed_role	10.0	hybrid	1	0.2250323870170202	0.8475023117634328	5913	159	0.3267855316499638	0.4498845608003714	0.6540880503144654	194	1566	16	63
compound	2	typed_role	10.0	hybrid	2	0.2244119471650161	0.8458638562618731	5913	159	0.325722271038772	0.4486844814898335	0.6477987421383647	194	1566	16	63
compound	2	typed_role	10.0	hybrid	3	0.2295970969207563	0.8506447797867713	5913	159	0.3381569781497559	0.4585568222456357	0.660377358490566	194	1566	16	63
compound	2	typed_role_scoped	10.0	degree	0	0.0712464594887396	0.7170188416917518	5913	159	0.0356972400075848	0.179799095268536	0.389937106918239	100	1660	10	69
compound	2	typed_role_scoped	10.0	mf	1	0.0491091151180921	0.5254698399582024	5913	159	0.0876750562442089	0.130111347832044	0.2830188679245283	100	1660	10	69
compound	2	typed_role_scoped	10.0	mf	2	0.0481671939154018	0.5342201104837105	5913	159	0.0738629827374347	0.1297885410031215	0.3018867924528302	100	1660	10	69
compound	2	typed_role_scoped	10.0	mf	3	0.0458958364821693	0.52563488784395	5913	159	0.0580761499070659	0.1131646024978011	0.320754716981132	100	1660	10	69
compound	2	typed_role_scoped	10.0	graph	1	0.2607045340233461	0.8598459261591063	5913	159	0.3653920000671381	0.4780210639680817	0.6918238993710691	100	1660	10	69
compound	2	typed_role_scoped	10.0	graph	2	0.2607045340233461	0.8598459261591063	5913	159	0.3653920000671381	0.4780210639680817	0.6918238993710691	100	1660	10	69
compound	2	typed_role_scoped	10.0	graph	3	0.2607045340233461	0.8598459261591063	5913	159	0.3653920000671381	0.4780210639680817	0.6918238993710691	100	1660	10	69
compound	2	typed_role_scoped	10.0	hybrid	1	0.2606565162368342	0.8598371819002587	5913	159	0.3654036339263219	0.4780210639680817	0.6918238993710691	100	1660	10	69
compound	2	typed_role_scoped	10.0	hybrid	2	0.2606897666344855	0.859849205256174	5913	159	0.3653920000671381	0.4780210639680817	0.6918238993710691	100	1660	10	69
compound	2	typed_role_scoped	10.0	hybrid	3	0.2606250562187654	0.8598360888679026	5913	159	0.3654036339263219	0.4780210639680817	0.6918238993710691	100	1660	10	69
compound	3	typed_role	10.0	degree	0	0.0946812955066168	0.7564209068881966	5918	140	0.0350378568799621	0.236962595796604	0.4642857142857143	193	1582	11	57
compound	3	typed_role	10.0	mf	1	0.0634471196864149	0.6136206299757702	5918	140	0.078805777061373	0.1586196192052239	0.3428571428571428	193	1582	11	57
compound	3	typed_role	10.0	mf	2	0.0696036279206084	0.618500593383771	5918	140	0.0569471285477598	0.1670018908727285	0.3928571428571428	193	1582	11	57
compound	3	typed_role	10.0	mf	3	0.0577286026123478	0.6107476635514019	5918	140	0.0514331668575797	0.1464421767295849	0.3571428571428571	193	1582	11	57
compound	3	typed_role	10.0	graph	1	0.2139314471223858	0.8238713346189981	5918	140	0.2353067978329221	0.4072444153855756	0.6714285714285714	193	1582	11	57
compound	3	typed_role	10.0	graph	2	0.2139314471223858	0.8238713346189981	5918	140	0.2353067978329221	0.4072444153855756	0.6714285714285714	193	1582	11	57
compound	3	typed_role	10.0	graph	3	0.2139314471223858	0.8238713346189981	5918	140	0.2353067978329221	0.4072444153855756	0.6714285714285714	193	1582	11	57
compound	3	typed_role	10.0	hybrid	1	0.2139340237606252	0.8238824605647034	5918	140	0.2353067978329221	0.4072444153855756	0.6714285714285714	193	1582	11	57
compound	3	typed_role	10.0	hybrid	2	0.2139699426025752	0.823886169213272	5918	140	0.2353067978329221	0.4072444153855756	0.6714285714285714	193	1582	11	57
compound	3	typed_role	10.0	hybrid	3	0.2139318022212388	0.8238688621866191	5918	140	0.2353067978329221	0.4072444153855756	0.6714285714285714	193	1582	11	57
compound	3	typed_role_scoped	10.0	degree	0	0.0946812955066168	0.7564209068881966	5918	140	0.0350378568799621	0.236962595796604	0.4642857142857143	99	1676	7	61
compound	3	typed_role_scoped	10.0	mf	1	0.0692536555543687	0.6514068140236364	5918	140	0.0877731629018846	0.1724587052775033	0.3571428571428571	99	1676	7	61
compound	3	typed_role_scoped	10.0	mf	2	0.0806112327645169	0.6562997577016269	5918	140	0.0937286748932656	0.1782760676112078	0.4	99	1676	7	61
compound	3	typed_role_scoped	10.0	mf	3	0.0563502817240789	0.6456849873905948	5918	140	0.0587004604357134	0.1376946005665749	0.3714285714285714	99	1676	7	61
compound	3	typed_role_scoped	10.0	graph	1	0.2336324637368547	0.8299263215151067	5918	140	0.2507122863636732	0.4182886943319525	0.6928571428571428	99	1676	7	61
compound	3	typed_role_scoped	10.0	graph	2	0.2336324637368547	0.8299263215151067	5918	140	0.2507122863636732	0.4182886943319525	0.6928571428571428	99	1676	7	61
compound	3	typed_role_scoped	10.0	graph	3	0.2336324637368547	0.8299263215151067	5918	140	0.2507122863636732	0.4182886943319525	0.6928571428571428	99	1676	7	61
compound	3	typed_role_scoped	10.0	hybrid	1	0.2336366987037081	0.8299312663798646	5918	140	0.2511930555944424	0.4182886943319525	0.6928571428571428	99	1676	7	61
compound	3	typed_role_scoped	10.0	hybrid	2	0.2336224067768095	0.8299250852989171	5918	140	0.2507122863636732	0.4182886943319525	0.6928571428571428	99	1676	7	61
compound	3	typed_role_scoped	10.0	hybrid	3	0.2336101601640657	0.8299263215151066	5918	140	0.2506961260533952	0.4183227079373947	0.6928571428571428	99	1676	7	61
compound	4	typed_role	10.0	degree	0	0.0790084556156472	0.7508573419315505	5924	143	0.0364415495065649	0.2060727827233822	0.4475524475524475	195	1560	15	65
compound	4	typed_role	10.0	mf	1	0.0563939952886933	0.5842402710591605	5924	143	0.1013292944308424	0.1514356074918511	0.3286713286713286	195	1560	15	65
compound	4	typed_role	10.0	mf	2	0.0630370694594675	0.5862501103808836	5924	143	0.0583953195282316	0.155783645023472	0.3146853146853147	195	1560	15	65
compound	4	typed_role	10.0	mf	3	0.0595133962217558	0.5953491241503697	5924	143	0.0554785277956047	0.1408947438148825	0.4055944055944055	195	1560	15	65
compound	4	typed_role	10.0	graph	1	0.1823042634528314	0.8013724728825923	5924	143	0.3638371950066006	0.4339758100839304	0.6223776223776224	195	1560	15	65
compound	4	typed_role	10.0	graph	2	0.1823042634528314	0.8013724728825923	5924	143	0.3638371950066006	0.4339758100839304	0.6223776223776224	195	1560	15	65
compound	4	typed_role	10.0	graph	3	0.1823042634528314	0.8013724728825923	5924	143	0.3638371950066006	0.4339758100839304	0.6223776223776224	195	1560	15	65
compound	4	typed_role	10.0	hybrid	1	0.2021806374789599	0.8070844567990391	5924	143	0.3713154991236196	0.4290812054411688	0.6433566433566433	195	1560	15	65
compound	4	typed_role	10.0	hybrid	2	0.1868269686451013	0.8052881213234093	5924	143	0.3661440047720797	0.4402929133959143	0.6433566433566433	195	1560	15	65
compound	4	typed_role	10.0	hybrid	3	0.1803312298355953	0.8047171648624684	5924	143	0.3639803369147891	0.4145068427572103	0.5944055944055944	195	1560	15	65
compound	4	typed_role_scoped	10.0	degree	0	0.0790084556156472	0.7508573419315505	5924	143	0.0364415495065649	0.2060727827233822	0.4475524475524475	97	1658	6	74
compound	4	typed_role_scoped	10.0	mf	1	0.058216508935597	0.6089661938131061	5924	143	0.0998337916432943	0.1599497381070004	0.3566433566433566	97	1658	6	74
compound	4	typed_role_scoped	10.0	mf	2	0.0654590664602322	0.6117036397264732	5924	143	0.0568690689344153	0.165638657265445	0.3286713286713286	97	1658	6	74
compound	4	typed_role_scoped	10.0	mf	3	0.0756289477313851	0.6177470687071103	5924	143	0.0539962950555413	0.1842553935423848	0.4125874125874126	97	1658	6	74
compound	4	typed_role_scoped	10.0	graph	1	0.2460273034506444	0.8521682434500286	5924	143	0.3869881202442662	0.4797924785956797	0.6993006993006993	97	1658	6	74
compound	4	typed_role_scoped	10.0	graph	2	0.2460273034506444	0.8521682434500286	5924	143	0.3869881202442662	0.4797924785956797	0.6993006993006993	97	1658	6	74
compound	4	typed_role_scoped	10.0	graph	3	0.2460273034506444	0.8521682434500286	5924	143	0.3869881202442662	0.4797924785956797	0.6993006993006993	97	1658	6	74
compound	4	typed_role_scoped	10.0	hybrid	1	0.246038628345977	0.8521706627570665	5924	143	0.3869881202442662	0.4797924785956797	0.6993006993006993	97	1658	6	74
compound	4	typed_role_scoped	10.0	hybrid	2	0.2460716669936967	0.8521706627570663	5924	143	0.3869881202442662	0.4797924785956797	0.6993006993006993	97	1658	6	74
compound	4	typed_role_scoped	10.0	hybrid	3	0.246006578014552	0.8521718724105853	5924	143	0.3869881202442662	0.4797924785956797	0.6993006993006993	97	1658	6	74
